tree
version=v4
num_class=1
num_tree_per_iteration=1
label_index=0
max_feature_idx=324
objective=regression_l1
feature_names=neutralSite conferenceGame homeConference awayConference homePregameElo awayPregameElo home_conference stats_through_week year_x home_firstDowns home_firstDownsOpponent home_fourthDownConversions home_fourthDownConversionsOpponent home_fourthDowns home_fourthDownsOpponent home_fumblesLost home_fumblesLostOpponent home_fumblesRecovered home_fumblesRecoveredOpponent home_games home_interceptionTDs home_interceptionTDsOpponent home_interceptionYards home_interceptionYardsOpponent home_interceptions home_interceptionsOpponent home_kickReturnTDs home_kickReturnTDsOpponent home_kickReturnYards home_kickReturnYardsOpponent home_kickReturns home_kickReturnsOpponent home_netPassingYards home_netPassingYardsOpponent home_passAttempts home_passAttemptsOpponent home_passCompletions home_passCompletionsOpponent home_passesIntercepted home_passesInterceptedOpponent home_passingTDs home_passingTDsOpponent home_penalties home_penaltiesOpponent home_penaltyYards home_penaltyYardsOpponent home_possessionTime home_possessionTimeOpponent home_puntReturnTDs home_puntReturnTDsOpponent home_puntReturnYards home_puntReturnYardsOpponent home_puntReturns home_puntReturnsOpponent home_rushingAttempts home_rushingAttemptsOpponent home_rushingTDs home_rushingTDsOpponent home_rushingYards home_rushingYardsOpponent home_thirdDownConversions home_thirdDownConversionsOpponent home_thirdDowns home_thirdDownsOpponent home_totalYards home_totalYardsOpponent home_turnovers home_turnoversOpponent home_sacks home_sacksOpponent home_tacklesForLoss home_tacklesForLossOpponent away_conference away_firstDowns away_firstDownsOpponent away_fourthDownConversions away_fourthDownConversionsOpponent away_fourthDowns away_fourthDownsOpponent away_fumblesLost away_fumblesLostOpponent away_fumblesRecovered away_fumblesRecoveredOpponent away_games away_interceptionTDs away_interceptionTDsOpponent away_interceptionYards away_interceptionYardsOpponent away_interceptions away_interceptionsOpponent away_kickReturnTDs away_kickReturnTDsOpponent away_kickReturnYards away_kickReturnYardsOpponent away_kickReturns away_kickReturnsOpponent away_netPassingYards away_netPassingYardsOpponent away_passAttempts away_passAttemptsOpponent away_passCompletions away_passCompletionsOpponent away_passesIntercepted away_passesInterceptedOpponent away_passingTDs away_passingTDsOpponent away_penalties away_penaltiesOpponent away_penaltyYards away_penaltyYardsOpponent away_possessionTime away_possessionTimeOpponent away_puntReturnTDs away_puntReturnTDsOpponent away_puntReturnYards away_puntReturnYardsOpponent away_puntReturns away_puntReturnsOpponent away_rushingAttempts away_rushingAttemptsOpponent away_rushingTDs away_rushingTDsOpponent away_rushingYards away_rushingYardsOpponent away_thirdDownConversions away_thirdDownConversionsOpponent away_thirdDowns away_thirdDownsOpponent away_totalYards away_totalYardsOpponent away_turnovers away_turnoversOpponent away_sacks away_sacksOpponent away_tacklesForLoss away_tacklesForLossOpponent year_y home_talent away_talent talent_differential home_season year home_offense_drives home_offense_explosiveness home_offense_fieldPosition_averagePredictedPoints home_offense_fieldPosition_averageStart home_offense_havoc_db home_offense_havoc_frontSeven home_offense_havoc_total home_offense_lineYards home_offense_lineYardsTotal home_offense_openFieldYards home_offense_openFieldYardsTotal home_offense_passingDowns_explosiveness home_offense_passingDowns_ppa home_offense_passingDowns_rate home_offense_passingDowns_successRate home_offense_passingPlays_explosiveness home_offense_passingPlays_ppa home_offense_passingPlays_rate home_offense_passingPlays_successRate home_offense_passingPlays_totalPPA home_offense_plays home_offense_pointsPerOpportunity home_offense_powerSuccess home_offense_ppa home_offense_rushingPlays_explosiveness home_offense_rushingPlays_ppa home_offense_rushingPlays_rate home_offense_rushingPlays_successRate home_offense_rushingPlays_totalPPA home_offense_secondLevelYards home_offense_secondLevelYardsTotal home_offense_standardDowns_explosiveness home_offense_standardDowns_ppa home_offense_standardDowns_rate home_offense_standardDowns_successRate home_offense_stuffRate home_offense_successRate home_offense_totalOpportunies home_offense_totalPPA home_defense_drives home_defense_explosiveness home_defense_fieldPosition_averagePredictedPoints home_defense_fieldPosition_averageStart home_defense_havoc_db home_defense_havoc_frontSeven home_defense_havoc_total home_defense_lineYards home_defense_lineYardsTotal home_defense_openFieldYards home_defense_openFieldYardsTotal home_defense_passingDowns_explosiveness home_defense_passingDowns_ppa home_defense_passingDowns_rate home_defense_passingDowns_successRate home_defense_passingDowns_totalPPA home_defense_passingPlays_explosiveness home_defense_passingPlays_ppa home_defense_passingPlays_rate home_defense_passingPlays_successRate home_defense_passingPlays_totalPPA home_defense_plays home_defense_pointsPerOpportunity home_defense_powerSuccess home_defense_ppa home_defense_rushingPlays_explosiveness home_defense_rushingPlays_ppa home_defense_rushingPlays_rate home_defense_rushingPlays_successRate home_defense_rushingPlays_totalPPA home_defense_secondLevelYards home_defense_secondLevelYardsTotal home_defense_standardDowns_explosiveness home_defense_standardDowns_ppa home_defense_standardDowns_rate home_defense_standardDowns_successRate home_defense_stuffRate home_defense_successRate home_defense_totalOpportunies home_defense_totalPPA away_season away_offense_drives away_offense_explosiveness away_offense_fieldPosition_averagePredictedPoints away_offense_fieldPosition_averageStart away_offense_havoc_db away_offense_havoc_frontSeven away_offense_havoc_total away_offense_lineYards away_offense_lineYardsTotal away_offense_openFieldYards away_offense_openFieldYardsTotal away_offense_passingDowns_explosiveness away_offense_passingDowns_ppa away_offense_passingDowns_rate away_offense_passingDowns_successRate away_offense_passingPlays_explosiveness away_offense_passingPlays_ppa away_offense_passingPlays_rate away_offense_passingPlays_successRate away_offense_passingPlays_totalPPA away_offense_plays away_offense_pointsPerOpportunity away_offense_powerSuccess away_offense_ppa away_offense_rushingPlays_explosiveness away_offense_rushingPlays_ppa away_offense_rushingPlays_rate away_offense_rushingPlays_successRate away_offense_rushingPlays_totalPPA away_offense_secondLevelYards away_offense_secondLevelYardsTotal away_offense_standardDowns_explosiveness away_offense_standardDowns_ppa away_offense_standardDowns_rate away_offense_standardDowns_successRate away_offense_stuffRate away_offense_successRate away_offense_totalOpportunies away_offense_totalPPA away_defense_drives away_defense_explosiveness away_defense_fieldPosition_averagePredictedPoints away_defense_fieldPosition_averageStart away_defense_havoc_db away_defense_havoc_frontSeven away_defense_havoc_total away_defense_lineYards away_defense_lineYardsTotal away_defense_openFieldYards away_defense_openFieldYardsTotal away_defense_passingDowns_explosiveness away_defense_passingDowns_ppa away_defense_passingDowns_rate away_defense_passingDowns_successRate away_defense_passingDowns_totalPPA away_defense_passingPlays_explosiveness away_defense_passingPlays_ppa away_defense_passingPlays_rate away_defense_passingPlays_successRate away_defense_passingPlays_totalPPA away_defense_plays away_defense_pointsPerOpportunity away_defense_powerSuccess away_defense_ppa away_defense_rushingPlays_explosiveness away_defense_rushingPlays_ppa away_defense_rushingPlays_rate away_defense_rushingPlays_successRate away_defense_rushingPlays_totalPPA away_defense_secondLevelYards away_defense_secondLevelYardsTotal away_defense_standardDowns_explosiveness away_defense_standardDowns_ppa away_defense_standardDowns_rate away_defense_standardDowns_successRate away_defense_stuffRate away_defense_successRate away_defense_totalOpportunies away_defense_totalPPA home_totalPPA home_totalPassingPPA home_totalReceivingPPA home_totalRushingPPA home_percentPPA home_percentPassingPPA home_percentReceivingPPA home_percentRushingPPA home_usage home_passingUsage home_receivingUsage home_rushingUsage away_totalPPA away_totalPassingPPA away_totalReceivingPPA away_totalRushingPPA away_percentPPA away_percentPassingPPA away_percentReceivingPPA away_percentRushingPPA away_usage away_passingUsage away_receivingUsage away_rushingUsage
feature_infos=[0:1] [0:1] -1:9:3:0:2:1:7:4:10:6:8:5 -1:0:4:3:6:10:9:1:7:2:8:5 [675:2373] [701:2400] -1:3:9:0:2:1:4:7:6:10:8:5 [0:15] [0:2025] [0:337] [0:319] [0:39] [0:22] [0:58] [0:39] [0:21] [0:15] [0:26] [0:24] [0:12] [0:6] [0:6] [-8:442] [-97:410] [0:28] [0:24] [0:3] [0:4] [0:1403] [-2:1658] [0:67] [0:82] [0:4970] [0:3753] [0:606] [0:522] [0:448] [0:341] [0:25] [0:28] [0:44] [0:35] [0:108] [0:100] [0:1059] [0:919] [0:25461] [0:25566] [0:4] [0:4] [-19:460] [-22:669] [0:41] [0:39] [0:712] [0:653] [0:53] [0:46] [-12:4132] [-73:3523] [0:100] [0:89] [0:214] [0:212] [0:7122] [0:6367] [0:40] [0:32] [0:64] [0:66] [0:144] [0:119] -1:0:3:6:4:10:9:7:1:2:8:5 [0:349] [0:312] [0:35] [0:25] [0:51] [0:37] [0:21] [0:16] [0:29] [0:25] [0:13] [0:6] [0:6] [-8:442] [-38:430] [0:28] [0:21] [0:4] [0:4] [-4:1351] [-2:1652] [0:62] [0:80] [0:5073] [0:4212] [0:627] [0:479] [0:435] [0:307] [0:22] [0:28] [0:53] [0:33] [0:106] [0:103] [0:954] [0:930] [0:25353] [0:24609] [0:4] [0:4] [-22:584] [-19:677] [0:37] [0:41] [0:717] [0:598] [0:54] [0:41] [-73:4049] [-30:3623] [0:96] [0:92] [0:205] [0:199] [0:6792] [0:6015] [0:39] [0:30] [0:62] [0:70] [0:132] [0:131] [0:2025] [0:1018.28] [0:1018.28] [-906.61000000000001:905.51999999999998] [0:2025] [0:2025] [0:28] [0:3.69425431370935] [0:4.2599999999999998] [0:86.5] [0:0.5] [0:0.54200000000000004] [0:1] [-1.2914285714285714:5] [-45:464] [0:10.941176470588236] [0:308] [-0.56710410046555693:5.6683221324138806] [-0.97814486766368969:4.8584140853827744] [0:0.61111111111111116] [0:1] [0:7.1277063673303509] [-1.2373997564805903:4.1362526192694471] [0:1] [0:1] [-25.138157521467161:67.340208535606791] [0:170] [-4.666666666666667:7] [0:1] [-0.54846121356178756:1.3692531658029696] [-0.83890841922631676:2.8159486344697742] [-0.87308341799248002:1.2117923668043189] [0:1] [0:1] [-22.090901276182628:42.002987518098969] [0:2.7692307692307692] [0:185] [0:2.5300945420359255] [-0.74917105235384307:1.0839501284973998] [0:0.95454545454545459] [0:1] [0:0.59999999999999998] [0:1] [0:17] [-34.22481634218024:79.051955166246941] [0:31] [0:2.7037530546206523] [-4.359:0] [0:86] [0:0.27800000000000002] [0:0.65400000000000003] [0:0.75] [-0.91600000000000004:5.0357142857142856] [-26:331] [0:10.941176470588236] none [-0.43227325795367832:5.697490240513849] [-0.95026643663553434:2.6649961468572898] [0:0.5757575757575758] [0:1] [-27.510453954444131:54.590256812520089] [-0.045976998959583536:6.8876104150472734] [-1.8758977641747032:4.0836707513662658] [0:0.9375] [0:1] [-27.510453954444131:54.590256812520089] [0:171] [-2.3333333333333335:7] [0:1] [-0.51010150420113753:0.88746104267633019] [-4.1284805744110376:3.194501848084645] [-1.1716284409967348:1.1298585801935905] [0:1] [0:0.79166666666666663] [-27.61443303387901:38.889546929000964] [0:2.5416666666666665] [0:138] [-0.75059196830051222:2.7356682610540153] [-0.90033687479377866:0.87683306846444498] [0:0.92647058823529416] [0:0.78947368421052633] [0:1] [0:0.734375] [0:18] [-34.935305718913675:68.435080165723363] [0:2025] [0:33] [0:2.9614449205026263] [0:4.359] [0:86.400000000000006] [0:0.40000000000000002] [0:0.65400000000000003] [0:1] [-1.3923076923076922:5.0357142857142856] [-26:336] [0:9.4782608695652169] [0:329] [-0.08819586254549884:7.190287189910447] [-1.2377637877686463:2.3084350226526347] [0:0.55769230769230771] [0:1] [0:6.8876104150472734] [-1.1034287176972781:6.5793693272036746] [0:0.84337349397590367] [0:1] [-25.369008805444924:54.187710929734422] [0:166] [-2.625:7] [0:1] [-0.46040079645649062:1.1345181875091717] [-4.1284805744110376:3.5669726220433873] [-1.1716284409967348:1.1298585801935905] [0:0.98275862068965514] [0:0.81818181818181823] [-23.508030210616639:41.226173313179864] [0:2.6666666666666665] [0:144] [0:2.9614449205026263] [-0.73909170108002542:2.0241239282383536] [0:0.92647058823529416] [0:0.80000000000000004] [0:0.54545454545454541] [0:0.74285714285714288] [0:20] [-27.880345311633977:79.145062456365494] [0:35] [0:2.8300881360378471] [-4.2830000000000004:0] [0:86.5] [0:0.5] [0:0.59999999999999998] [0:1] [-1.3947368421052633:4.8026315789473681] [-45:464] [0:8.5862068965517242] none [-0.56710410046555693:5.6683221324138806] [-1.3464816623361784:2.2411902991204573] [0:0.61111111111111116] [0:1] [-32.923944947113554:44.66069281985709] [0:7.1277063673303509] [-1.2035422068487223:4.1362526192694471] [0:0.86746987951807231] [0:1] [-32.923944947113554:44.66069281985709] [0:173] [-4.666666666666667:7] [0:1] [-0.75887756750186219:1.0351322436238442] [-0.58965581357500896:4.2437252561718193] [-0.88255221612837653:1.2117923668043189] [0:0.97297297297297303] [0:1] [-23.508030210616639:41.881363787235422] [0:2.6190476190476191] [0:185] [0:2.8869022353240066] [-1.1503833318135943:1.0839501284973998] [0:0.95454545454545459] [0:1] [0:0.625] [0:1] [0:19] [-43.510822585130867:62.070844849892687] [-9.3000000000000007:610.89999999999998] [-58:261.10000000000002] [-4.2999999999999998:292.10000000000002] [-48.600000000000001:214.69999999999999] [-3.1000000000000001:1.7] [-129.5:9.5] [-0.42599999999999999:1.2] [-45.5:14.692] [0:1] [0:1] [0:1] [0:1] [-9.3000000000000007:610.89999999999998] [-58:261.10000000000002] [-4.2999999999999998:292.10000000000002] [-48.600000000000001:214.69999999999999] [-3.1000000000000001:1.7] [-129.5:9.5] [-0.42599999999999999:1.2] [-45.5:14.692] [0:1] [0:1] [0:1] [0:1]
tree_sizes=1754 1950 1942 1958 1977 2003 1991 1998 1998 2005 2015 1968 1992 1991 1997 1992 1983 1974 2021 1971 1986 2024 1977 1981 2024 2014 1974 1992 2008 1994 2015 2036 2008 2002 2010 2002 2031 2022 2008 2025 2023 2018 2025 2007 2009 2028 2030 2037 2033 2023 2037 2023 2006 2049 2003 2018 2032 2017 2013 2004 2018 1987 2008 2045 2017 1916 2031 2039 2033 1776 2005 2021 2028 2026 1400 2046 2035 2017 2026 2053 2052 2047 2004 2024 2025 2051 2032 2023 2013 1922 2036 2035 2043 2035 1767 1495 2031 2003 2023 2024 2026 2017 2036 2042 2035 2027 2029 2015 2039 1786 2027 1665 2027 2037 2043 2039 1587 2036 2010 2057 2030 2025 1923 2024 2030 1994 1575 2042 2034 2034 2046 2032 2024 1682 2033 1848 2036 2011 2019 2029 2024 2048 1783

Tree=0
num_leaves=21
num_cat=0
split_feature=139 4 5 4 5 5 4 5 4 4 5 5 4 4 5 4 324 5 319 5
split_gain=455.891 176.417 127.876 146.195 106.715 80.7742 77.9504 75.4084 66.8886 34.6865 37.3532 24.4198 23.6673 22.4629 21.1151 19.5566 19.4387 19.1981 18.2338 16.7341
threshold=10.345000000000001 1408.5000000000002 1388.5000000000002 1577.5000000000002 1464.5000000000002 1303.5000000000002 1782.5000000000002 1845.5000000000002 1442.5000000000002 1408.5000000000002 1756.5000000000002 1168.5000000000002 1706.5000000000002 1800.5000000000002 1286.5000000000002 1285.5000000000002 0.72650000000000003 1593.5000000000002 0.26350000000000007 1553.5000000000002
decision_type=2 2 2 2 2 2 2 2 2 2 2 2 2 2 2 2 2 2 2 2
left_child=2 5 8 9 12 15 17 13 11 18 -11 -1 14 19 -3 -2 -13 -6 -4 -5
right_child=1 4 3 7 6 -7 -8 -9 -10 10 -12 16 -14 -15 -16 -17 -18 -19 -20 -21
leaf_value=3.2800000000000002 3 4.1760000000000002 2.6640000000000001 3.2240000000000002 3.2240000000000002 2.552 3.7839999999999998 2.4399999999999999 3.6160000000000001 2.7759999999999998 2.1040000000000001 3 4.2880000000000003 3.3919999999999999 3.448 3.6160000000000001 2.4399999999999999 3 2.048 3
leaf_weight=144 183 354 99 177 447 436 471 277 282 541 182 232 364 123 487 156 125 449 761 405
leaf_count=144 183 354 99 177 447 436 471 277 282 541 182 232 364 123 487 156 125 449 761 405
internal_value=3.00317 3.01779 2.98856 2.98251 3.02484 2.99436 3.01413 2.99949 3.00837 2.97198 2.98102 2.99609 3.03699 3.00921 3.03183 3.01487 2.98824 3.00444 2.96438 3.00462
internal_weight=6695 3347 3348 2565 2572 775 1367 982 783 1583 723 501 1205 705 841 339 357 896 860 582
internal_count=6695 3347 3348 2565 2572 775 1367 982 783 1583 723 501 1205 705 841 339 357 896 860 582
is_linear=0
shrinkage=1


Tree=1
num_leaves=21
num_cat=1
split_feature=4 138 4 137 315 138 138 4 72 254 315 137 224 4 145 138 115 301 138 138
split_gain=360.558 166.491 123.379 59.6066 55.5589 46.3671 46.3487 35.6064 30.3442 28.3623 23.413 23.1338 22.5715 16.0158 15.5336 17.7655 15.1666 14.9565 16.1611 14.7518
threshold=1408.5000000000002 593.0100000000001 1775.5000000000002 720.50000000000011 127.75000000000001 830.39000000000021 915.56500000000017 1233.5000000000002 0 -0.03111039494442424 118.75000000000001 501.46500000000003 1.3405000000000002 1531.5000000000002 63.750000000000007 481.67000000000002 58.500000000000007 242.45000000000002 551.92500000000007 754.75500000000011
decision_type=2 2 2 2 2 2 2 2 9 2 2 2 2 2 2 2 2 2 2 2
left_child=4 3 5 9 7 10 19 14 -9 -2 13 -11 16 -3 -1 -16 -10 18 -13 -4
right_child=1 2 6 -5 -6 -7 -8 8 12 11 -12 17 -14 -15 15 -17 -18 -19 -20 -21
leaf_value=-0.19891200000000001 0.71366399999999997 -0.112 0.96409600000000006 1.1087999999999998 -0.730688 -0.50982399999999994 -0.30463999999999997 0.24908800000000003 -0.258496 0.15814400000000001 -0.26745599999999997 0.39200000000000002 -0.32659199999999999 0.19913600000000001 -0.35168000000000005 -0.89868800000000015 0.14022400000000002 0.6048 -0.016128000000000014 0.34809600000000002
leaf_weight=140 358 249 386 412 553 375 110 145 293 641 540 325 310 588 288 168 196 280 105 233
leaf_count=140 358 249 386 412 553 375 110 145 293 641 540 325 310 588 288 168 196 280 105 233
internal_value=0.00300281 0.011767 0.00191852 0.023287 -0.0162675 -0.00613689 0.0212782 -0.0107999 -0.00403373 0.0186775 -0.0013826 0.0149636 -0.00830635 0.00448248 -0.0215165 -0.0265259 -0.000915826 0.0219265 0.015367 0.0272307
internal_weight=6695 4602 2481 2121 2093 1752 729 1540 944 1709 1377 1351 799 837 596 456 489 710 430 619
internal_count=6695 4602 2481 2121 2093 1752 729 1540 944 1709 1377 1351 799 837 596 456 489 710 430 619
cat_boundaries=0 1
cat_threshold=48
is_linear=0
shrinkage=0.056


Tree=2
num_leaves=21
num_cat=0
split_feature=4 5 5 4 5 5 4 5 5 4 4 4 5 137 311 309 138 311 5 29
split_gain=313.283 270.797 175.541 109.492 80.5401 69.4825 39.6157 37.4101 34.8112 32.4465 29.984 26.8152 18.9797 17.1025 16.8729 16.3439 16.6987 14.5394 12.9746 12.9374
threshold=1408.5000000000002 1470.5000000000002 1315.5000000000002 1786.5000000000002 1701.5000000000002 1886.5000000000002 1706.5000000000002 1290.5000000000002 1613.5000000000002 1285.5000000000002 1315.5000000000002 1534.5000000000002 1817.5000000000002 520.5150000000001 0.45750000000000007 0.68450000000000022 558.90500000000009 0.34850000000000003 1161.5000000000002 215.50000000000003
decision_type=2 2 2 2 2 2 2 2 2 2 2 2 2 2 2 2 2 2 2 2
left_child=2 6 9 4 11 -5 7 17 10 -1 -4 -3 14 -9 -6 16 -15 -2 -11 -16
right_child=1 3 8 5 12 -7 -8 13 -10 18 -12 -13 -14 15 19 -17 -18 -19 -20 -21
leaf_value=-0.044145920000000005 0.60216755199999994 -0.20518399999999998 -0.5478592000000001 0.64883123199999992 -0.5450224640000001 -0.28758016000000003 1.1058826239999999 0.034599935999999984 -1.0257694720000001 0.67955507199999998 -0.18252953600000002 0.10940518400000002 -0.54793446400000001 0.59696000000000005 0.028550144000000003 0.67121779200000009 0.088304383999999986 0.98953881599999993 0.203979776 -0.33596415999999996
leaf_weight=388 98 492 602 534 109 187 433 286 461 101 340 944 330 132 171 178 179 419 201 110
leaf_count=388 98 492 602 534 109 187 433 286 461 101 340 944 330 132 171 178 179 419 201 110
internal_value=0.00295263 0.0111221 -0.01501 0.00060335 -0.00571421 0.0194949 0.0286654 0.0237522 -0.0263833 0.0081157 -0.0202121 0.00194975 -0.0209998 0.0159688 -0.0126355 0.0223309 0.0145847 0.0354194 0.0218802 -0.0053802
internal_weight=6695 4602 2093 2877 2156 721 1725 1292 1403 690 942 1436 720 775 390 489 311 517 302 281
internal_count=6695 4602 2093 2877 2156 721 1725 1292 1403 690 942 1436 720 775 390 489 311 517 302 281
is_linear=0
shrinkage=0.056


Tree=3
num_leaves=21
num_cat=0
split_feature=139 5 4 4 5 5 5 4 4 4 4 4 4 319 5 5 183 308 199 5
split_gain=347.691 106.927 117.553 104.346 75.7053 65.0836 62.2752 59.9653 40.6547 33.7843 25.8321 21.5503 20.6715 20.4699 16.8034 15.7117 15.5175 15.5047 15.4259 15.3029
threshold=24.115000000000013 1429.5000000000002 1405.5000000000002 1531.5000000000002 1315.5000000000002 1756.5000000000002 1477.5000000000002 1315.5000000000002 1786.5000000000002 1589.5000000000002 1358.5000000000002 1315.5000000000002 1612.5000000000002 0.72150000000000014 1925.5000000000002 1619.5000000000002 -1.4864999999999997 0.6080000000000001 0.43847632780581597 1593.5000000000002
decision_type=2 2 2 2 2 2 2 2 2 2 2 2 2 2 2 2 2 2 2 2
left_child=1 7 15 4 11 9 -5 13 -8 17 -6 -2 -7 -1 -14 16 -3 -4 -9 -12
right_child=3 2 5 6 10 12 8 18 -10 -11 19 -13 14 -15 -16 -17 -18 -19 -20 -21
leaf_value=-0.058068756480000011 0.069611243520000005 -0.73390535680000002 -0.312243018752 0.93540460697600003 -0.46299313356800004 -0.75704866406400007 0.097251101696000014 0.118718509056 0.66702007500799998 0.16430684569600001 0.100695605248 0.79481609625600003 -0.061107286016000018 -0.6561693286400001 -0.47602888704000001 -0.96832638156800011 -0.43508935679999999 -0.00020642406400000012 0.39505290854400005 -0.45113800704000001
leaf_weight=303 196 155 274 848 257 235 562 315 444 564 366 290 171 104 183 363 290 315 335 125
leaf_count=303 196 155 274 848 257 235 562 315 444 564 366 290 171 104 183 363 290 315 335 125
internal_value=0.0028188 -0.00898914 -0.0151968 0.0166113 0.00399339 -0.00700794 0.0250096 0.0059866 0.0155863 0.000728395 -0.00718695 0.0212013 -0.0221525 -0.0108694 -0.013604 -0.0328513 -0.0257974 -0.00865167 0.0165413 0.000341831
internal_weight=6695 3607 2550 3088 1234 1742 1854 1057 1006 1153 748 486 589 407 354 808 445 589 650 491
internal_count=6695 3607 2550 3088 1234 1742 1854 1057 1006 1153 748 486 589 407 354 808 445 589 650 491
is_linear=0
shrinkage=0.056


Tree=4
num_leaves=21
num_cat=0
split_feature=5 137 137 5 5 5 137 303 138 50 309 28 155 304 322 50 303 304 186 59
split_gain=267.365 116.333 97.0415 64.372 57.0904 56.0083 56.1175 35.1768 33.3304 22.0885 21.721 21.4265 20.6925 20.6067 20.0385 18.7568 18.2903 17.2498 17.129 16.9009
threshold=1470.5000000000002 799.8850000000001 569.30500000000018 1154.5000000000002 1957.5000000000002 1858.5000000000002 567.86500000000012 123.05000000000001 558.90500000000009 98.500000000000014 0.58650000000000013 488.50000000000006 0.3521927016645327 42.050000000000004 0.16450000000000004 83.500000000000014 85.90000000000002 74.300000000000011 0.12950000000000003 1274.5000000000002
decision_type=2 2 2 2 2 2 2 2 2 2 2 2 2 2 2 2 2 2 2 2
left_child=2 5 3 -1 16 6 12 9 -4 11 14 17 18 -10 -8 -9 -3 -5 -2 -16
right_child=1 4 8 7 -6 -7 10 15 13 -11 -12 -13 -14 -15 19 -17 -18 -19 -20 -21
leaf_value=0.55402646233088004 -0.39917415627980801 0.030914950807552025 0.92746711506534385 -0.20256787439615997 -0.44274790834176003 -0.74514745251430392 0.040032582037504025 0.087476405796863999 0.13694989778534397 0.24226802188288002 0.03022830704230401 -0.50692891860172806 -0.63519533876019207 0.73500696121753595 -0.24210010420019196 0.57038198431334408 0.53184972801228803 0.1671418871808 0.010643467649024019 -0.54223316780236797
leaf_weight=378 664 153 595 639 131 316 228 279 342 181 838 102 284 238 373 109 480 105 156 104
leaf_count=378 664 153 595 639 131 316 228 279 342 181 838 102 284 238 373 109 480 105 156 104
internal_value=0.00149721 -0.00848936 0.0140377 0.0058404 0.0109945 -0.0135133 -0.010853 0.00035607 0.0265462 -0.00507092 -0.00395582 -0.00886978 -0.0204926 0.0169928 -0.0111998 0.0147212 0.0179587 -0.00556967 -0.0159803 -0.0177271
internal_weight=6695 3727 2968 1793 764 2963 2647 1415 1175 1027 1543 846 1104 580 705 388 633 744 820 477
internal_count=6695 3727 2968 1793 764 2963 2647 1415 1175 1027 1543 846 1104 580 705 388 633 744 820 477
is_linear=0
shrinkage=0.056


Tree=5
num_leaves=21
num_cat=1
split_feature=5 5 5 57 6 175 303 57 304 67 58 313 22 233 303 198 238 304 215 46
split_gain=232.506 69.6823 54.8083 51.8076 40.8309 32.0307 29.5173 30.4696 29.3216 27.2917 27.1102 25.7655 25.3262 24.5671 21.5017 18.7772 17.1267 16.9018 16.4717 15.8104
threshold=1517.5000000000002 1295.5000000000002 1913.5000000000002 14.500000000000002 0 0.6827332559039877 116.05000000000001 8.5000000000000018 30.350000000000005 14.500000000000002 1843.0000000000002 287.80000000000007 77.500000000000014 1.9708000487782671 146.25000000000003 -0.05543931618144373 0.6290741198516353 36.050000000000004 0.66819571865443439 16014.000000000002
decision_type=2 2 2 2 9 2 2 2 2 2 2 2 2 2 2 2 2 2 2 2
left_child=1 6 3 8 5 18 7 17 12 -9 -5 16 -2 -7 15 -6 19 -1 -3 -10
right_child=2 4 -4 10 14 13 -8 9 11 -11 -12 -13 -14 -15 -16 -17 -18 -19 -20 -21
leaf_value=0.31134289484906497 -0.29682906125153075 -0.059124338641371114 -0.5859540254746215 -0.60293743660626731 0.43826897386301034 0.31102036748009476 0.75932337447000475 -0.05997132792879515 0.078353328802430997 0.76045700986968467 -0.0061295901741383841 -0.14536463396113614 0.038484567043801092 -0.18490861041370726 0.64337468427762068 0.098403135599476735 -0.32570747763017316 0.85852769606352897 -0.43022216987849521 0.33822691151321499
leaf_weight=268 783 278 373 305 124 197 430 324 809 109 100 399 247 134 292 860 98 207 245 113
leaf_count=268 783 278 373 305 124 197 430 324 809 109 100 399 247 134 292 860 98 207 245 113
internal_value=0.0014303 0.0114971 -0.00938823 -0.00674977 0.00520556 -0.00427759 0.0215126 0.0157884 -0.00368144 0.0050435 -0.0253033 0.001539 -0.0108736 0.00930464 0.011496 0.00762585 0.00625866 0.0255828 -0.0129557 0.00862455
internal_weight=6695 3468 3227 2854 2130 854 1338 908 2449 433 405 1419 1030 331 1276 984 1020 475 523 922
internal_count=6695 3468 3227 2854 2130 854 1338 908 2449 433 405 1419 1030 331 1276 984 1020 475 523 922
cat_boundaries=0 1
cat_threshold=1234
is_linear=0
shrinkage=0.056


Tree=6
num_leaves=21
num_cat=1
split_feature=4 5 5 139 4 5 4 5 4 5 5 4 319 273 40 321 218 39 324 2
split_gain=295.221 194.283 143.359 66.9781 60.6992 65.5189 48.6036 44.4309 36.4276 29.1595 19.9649 19.2057 16.2255 15.0493 14.6737 14.5046 13.7298 13.1213 12.9876 12.7471
threshold=1518.5000000000002 1496.5000000000002 1295.5000000000002 -30.229999999999986 1233.5000000000002 1616.5000000000002 1865.5000000000002 1792.5000000000002 1207.5000000000002 1295.5000000000002 1154.5000000000002 1764.5000000000002 0.70950000000000013 0.26805909979083892 8.5000000000000018 0.29950000000000004 0.35149985149985158 6.5000000000000009 0.62250000000000016 0
decision_type=2 2 2 2 2 2 2 2 2 2 2 2 2 2 2 2 2 2 2 1
left_child=2 9 8 7 -4 15 17 12 -1 -2 -10 18 14 -9 -3 -6 -7 -5 -11 -17
right_child=1 3 4 6 5 16 -8 13 10 11 -12 -13 -14 -15 -16 19 -18 -19 -20 -21
leaf_value=-0.24534185227045069 1.0230218077581372 -0.049689765409483118 -0.72110718927290685 0.087408806082378665 0.10483553780872722 -0.37870185595941946 0.64079592714939304 -0.54205462654245151 0.6417942569115872 0.58046336250974606 0.13715741656410727 0.98186708670083356 -0.28643090927028114 -0.18721074507204263 0.19293518813634036 -0.027422918047763666 -0.67060576974692421 -0.24105367939132466 0.18122852919579396 -0.26182320632343797
leaf_weight=237 487 179 522 782 166 216 345 250 233 342 381 231 155 99 164 486 394 146 331 549
leaf_count=237 487 179 522 782 166 216 345 250 233 342 381 231 155 99 164 486 394 146 331 549
internal_value=0.00116263 0.0123611 -0.0111859 0.00169049 -0.0183626 -0.0135129 0.00980977 -0.0105122 0.00848864 0.0286239 0.015687 0.0226724 0.000224577 -0.0258333 0.00701993 -0.0059216 -0.0284587 0.00313776 0.0178898 -0.00838631
internal_weight=6695 3511 3184 2120 2333 1811 1273 847 851 1391 614 904 498 349 343 1201 610 928 673 1035
internal_count=6695 3511 3184 2120 2333 1811 1273 847 851 1391 614 904 498 349 343 1201 610 928 673 1035
cat_boundaries=0 1
cat_threshold=1921
is_linear=0
shrinkage=0.056


Tree=7
num_leaves=21
num_cat=1
split_feature=139 5 5 178 137 301 139 5 218 5 301 69 301 5 174 2 56 288 158 139
split_gain=273.164 98.4077 66.247 53.8655 38.3377 34.785 30.4722 28.2773 29.853 26.0516 23.8297 22.2825 21.1456 19.7122 19.1472 18.9241 18.2334 18.1177 17.9711 17.6199
threshold=54.084999999999987 1616.5000000000002 1303.5000000000002 0.41143790849673206 738.72500000000002 297.55000000000007 273.19500000000011 1913.5000000000002 0.36023255813953492 1154.5000000000002 189.65000000000001 10.500000000000002 314.75000000000006 1529.5000000000002 0.16812451233545955 0 16.500000000000004 0.41913687881429823 0.63584693530455583 157.65000000000001
decision_type=2 2 2 2 2 2 2 2 2 2 2 2 2 2 2 1 2 2 2 2
left_child=1 3 19 5 11 9 18 8 16 -1 -5 12 13 -4 -10 -11 -3 -15 -6 -2
right_child=2 7 4 10 6 -7 -8 -9 14 15 -12 -13 -14 17 -16 -17 -18 -19 -20 -21
leaf_value=0.21367831984572841 0.53830464620501284 -0.17151250205504198 0.19469524368470437 0.0060789287147932341 0.20140347203401968 0.22898865751815772 0.93486912346377404 -0.63400449832698447 -0.54148302010967542 -0.093303717039234166 0.26881253480706613 -0.18103963891402641 0.35075769294559223 -0.4239508340620079 -0.16185078591524024 -0.34028198684291716 0.21479754759121206 0.12026687700661007 0.761055397571065 1.0555871627868836
leaf_weight=132 322 454 329 538 570 179 266 327 428 488 478 290 137 112 265 749 109 104 100 318
leaf_count=132 322 454 329 538 570 179 266 327 428 488 478 290 137 112 265 749 109 104 100 318
internal_value=0.00077787 -0.0080887 0.0152087 -0.00131039 0.00997895 -0.0078862 0.0180682 -0.0190675 -0.0152483 -0.0109217 0.0087085 0.00218913 0.00771823 0.00277401 -0.0230301 -0.0134453 -0.00566934 -0.0103696 0.0117012 0.0307997
internal_weight=6695 4147 2548 2564 1908 1548 936 1583 1256 1369 1016 972 682 545 693 1237 563 216 670 640
internal_count=6695 4147 2548 2564 1908 1548 936 1583 1256 1369 1016 972 682 545 693 1237 563 216 670 640
cat_boundaries=0 1
cat_threshold=397
is_linear=0
shrinkage=0.056


Tree=8
num_leaves=21
num_cat=0
split_feature=139 5 5 301 301 5 314 139 135 57 213 57 147 139 301 312 319 57 56 155
split_gain=254.512 102.098 55.0035 46.3546 38.2265 30.6214 30.0454 29.2659 26.7896 25.3708 25.2498 21.9495 21.8876 20.9677 18.9141 18.7615 17.2778 16.9459 16.9391 16.6211
threshold=55.039999999999971 1496.5000000000002 1408.5000000000002 241.10000000000002 329.45000000000005 1154.5000000000002 15.750000000000002 137.88000000000002 15.500000000000002 11.500000000000002 1.0230768114051696 10.500000000000002 0.10950000000000001 -131.51499999999999 246.55000000000004 0.83150000000000002 0.26050000000000006 12.500000000000002 8.5000000000000018 0.34391801075268824
decision_type=2 2 2 2 2 2 2 2 2 2 2 2 2 2 2 2 2 2 2 2
left_child=1 3 7 5 6 -1 8 18 -3 13 -6 14 16 -8 15 -4 -7 -10 -2 -5
right_child=2 4 11 19 10 12 9 -9 17 -11 -12 -13 -14 -15 -16 -17 -18 -19 -20 -21
leaf_value=0.33068496166545647 0.089311519718924468 -0.35580601222599667 0.19939968522978102 0.44799744906140354 -0.079043875530524874 0.31237774184077882 -0.50110413380563212 0.88431361695961597 0.18498828899169451 -0.55377721101072375 0.24014030683633547 -0.05725190843715091 -0.25123473222013826 -0.24960149057862543 0.53790691279159042 -0.30108367884500398 -0.059799979574223235 -0.59659494304889726 0.44934719449671584 -0.0013264470625287501
leaf_weight=200 215 198 605 318 215 101 410 631 204 418 123 299 376 749 437 103 720 103 214 99
leaf_count=200 215 198 605 318 215 101 410 631 204 418 123 299 376 749 437 103 720 103 214 99
internal_value=0.00141286 -0.00695698 0.0155654 0.00308701 -0.0144859 -0.00180375 -0.0173217 0.0252527 -0.00543334 -0.0211286 0.00298177 0.00845418 -0.00519285 -0.0168627 0.0119824 0.00632745 -6.80137e-05 0.00492455 0.013967 0.019472
internal_weight=6738 4234 2504 1814 2420 1397 2082 1060 505 1577 338 1444 1197 1159 1145 708 821 307 429 417
internal_count=6738 4234 2504 1814 2420 1397 2082 1060 505 1577 338 1444 1197 1159 1145 708 821 307 429 417
is_linear=0
shrinkage=0.056


Tree=9
num_leaves=21
num_cat=0
split_feature=139 139 315 301 304 138 139 285 254 313 167 139 38 302 163 214 188 313 171 178
split_gain=227.643 61.7664 51.2671 42.1005 37.9231 32.1996 34.9667 31.4833 29.9211 24.333 21.183 20.4565 18.9489 19.9325 20.7195 18.7523 16.8372 16.5538 16.4828 16.0021
threshold=15.144999999999984 137.88000000000002 52.050000000000004 231.45000000000002 60.500000000000007 244.83500000000001 286.48500000000001 -0.0054752784210311935 -0.03111039494442424 305.30000000000001 0.18372847168525155 -50.054999999999971 4.5000000000000009 5.3500000000000005 2.5505050505050511 0.03041032289245867 3.3505319148936175 178.35000000000005 1.1909827760891594 0.39335052495855599
decision_type=2 2 2 2 2 2 2 2 2 2 2 2 2 2 2 2 2 2 2 2
left_child=2 3 -1 12 7 -3 9 15 -6 -7 -10 16 -2 -14 -15 -4 -9 19 -19 -5
right_child=1 5 4 17 8 6 -8 11 10 -11 -12 -13 13 14 -16 -17 -18 18 -20 -21
leaf_value=0.13883122151850572 -0.10247995217915817 -0.032587228687558159 -0.29079483784497501 0.21757984307115361 0.47690777711785037 0.49475145429577888 0.95524067322599115 -0.25070104131347315 -0.23349950285039514 -0.05081200475953989 0.10270244524295871 -0.083107365142513878 -0.23777306852407415 -0.10537156758468312 0.27249595996539144 -0.74701598945987324 -0.4455540334686196 -0.0098630450009912427 0.39191841031673802 0.65872189656913127
leaf_weight=478 642 166 193 148 115 725 423 880 400 118 208 731 154 120 222 232 227 239 120 197
leaf_count=478 642 166 193 148 115 725 423 880 400 118 208 731 154 120 222 232 227 239 120 197
internal_value=0.00118015 0.0117678 -0.00882674 0.0049858 -0.0115525 0.0204915 0.0235322 -0.0151197 -0.000387053 0.0169393 -0.00534184 -0.0119433 -0.00167297 0.00654806 0.0140814 -0.0288561 -0.0167442 0.0157498 0.00733102 0.0245096
internal_weight=6738 3274 3464 1842 2986 1432 1266 2263 723 843 608 1838 1138 496 342 425 1107 704 359 345
internal_count=6738 3274 3464 1842 2986 1432 1266 2263 723 843 608 1838 1138 496 342 425 1107 704 359 345
is_linear=0
shrinkage=0.056


Tree=10
num_leaves=21
num_cat=1
split_feature=139 139 5 301 5 178 2 216 5 290 145 5 289 154 247 214 254 155 137 266
split_gain=201.363 77.8322 64.27 63.6997 47.8584 32.1497 25.1302 23.6547 22.8181 19.8113 18.3086 18.4174 17.5619 16.5254 16.3357 15.293 15.1097 15.0943 18.1869 18.1121
threshold=-28.714999999999971 137.88000000000002 1663.5000000000002 208.50000000000003 1538.5000000000002 0.39071479885057475 0 0.34902177925433747 1334.5000000000002 1.9272522629689208 71.850000000000009 1957.5000000000002 0.47014260249554374 0.44271176593584671 0.18962996001752142 -0.057200923019243802 0.13222600081291597 0.32947860962566849 571.07500000000016 0.08450000000000002
decision_type=2 2 2 2 2 2 1 2 2 2 2 2 2 2 2 2 2 2 2 2
left_child=2 3 5 8 6 7 -3 -1 -2 13 11 -4 -5 -7 -8 -6 -14 -10 -19 -20
right_child=1 4 10 12 15 9 14 -9 17 -11 -12 -13 16 -15 -16 -17 -18 18 19 -21
leaf_value=-0.047326303764181642 0.13383689496298098 0.91290743060364432 -0.25584140371754005 0.1887856333769688 0.44442196601592093 -0.23612412740496325 0.52603393735538018 -0.33705888220791236 -0.068276527031383247 0.22836423256731628 -0.60129835825807842 -0.78520574965573964 0.42771995399605245 0.094798886190995385 -0.044826941831374117 -0.022552651786623287 0.14903274080131743 -0.45357871158022878 -0.36780563746454475 0.12575735558050805
leaf_weight=434 510 486 476 904 111 202 374 416 700 364 314 168 154 146 104 357 121 165 106 126
leaf_count=434 510 486 476 904 111 202 374 416 700 364 314 168 154 146 104 357 121 165 106 126
internal_value=0.0011469 0.00862964 -0.0113777 0.00317582 0.0192401 -0.00437378 0.0263733 -0.0117269 -0.00407706 0.00440427 -0.0227973 -0.017391 0.0130618 -0.00514896 0.0160652 0.00454666 0.0254539 -0.00862701 -0.0173497 -0.00724067
internal_weight=6738 4218 2520 2786 1432 1562 964 850 1607 712 958 644 1179 348 478 468 275 1097 397 232
internal_count=6738 4218 2520 2786 1432 1562 964 850 1607 712 958 644 1179 348 478 468 275 1097 397 232
cat_boundaries=0 1
cat_threshold=524
is_linear=0
shrinkage=0.056


Tree=11
num_leaves=21
num_cat=0
split_feature=4 5 5 4 4 5 5 4 319 5 4 4 5 320 4 4 5 305 229 317
split_gain=251.345 188.77 75.1327 67.1392 66.3911 46.4852 34.0798 25.9654 25.3083 24.724 20.3301 20.1753 19.6281 18.9383 17.5136 15.536 15.3539 18.197 15.3469 15.6894
threshold=1355.5000000000002 1541.5000000000002 1270.5000000000002 1639.5000000000002 1596.5000000000002 1886.5000000000002 1191.5000000000002 1865.5000000000002 0.25050000000000006 1756.5000000000002 1919.0000000000002 1201.5000000000002 1354.5000000000002 0.72450000000000003 1233.5000000000002 1495.5000000000002 1525.5000000000002 0.65150000000000008 3.6425265957446813 0.50650000000000006
decision_type=2 2 2 2 2 2 2 2 2 2 2 2 2 2 2 2 2 2 2 2
left_child=2 3 11 6 9 7 -2 13 -4 18 -7 -1 -5 -6 -10 -8 17 -16 19 -3
right_child=1 4 8 12 5 10 15 -9 14 -11 -12 -13 -14 -15 16 -17 -18 -19 -20 -21
leaf_value=-0.2422484077601717 0.66665530033148779 -0.039237915574306462 -0.052718453858485982 1.0147064540666397 0.18581906191022809 -0.31502386655186376 0.015481993356551585 0.50512221410019076 -0.73907953954632089 -0.64200428284937827 0.045528229475124818 0.22774606140611967 0.52087383475943649 -0.058943683510482535 -0.39891610795481292 0.23082275105466596 -0.62436329466255336 0.070659393520479757 0.11051928057793524 -0.28666681784131925
leaf_weight=202 288 220 112 375 528 186 700 270 492 270 120 243 551 365 157 775 275 98 114 397
leaf_count=202 288 220 112 375 528 186 700 270 492 270 120 243 551 365 157 775 275 98 114 397
internal_value=0.000930816 0.00691449 -0.0186193 0.017181 -0.00426228 0.00331643 0.0107679 0.00842634 -0.0262715 -0.0153844 -0.016104 0.000880537 0.0293907 0.00382513 -0.0290409 0.00732735 -0.021977 -0.0120778 -0.0100353 -0.0135232
internal_weight=6738 5159 1579 2689 2470 1469 1763 1163 1134 1001 306 445 926 893 1022 1475 530 255 731 617
internal_count=6738 5159 1579 2689 2470 1469 1763 1163 1134 1001 306 445 926 893 1022 1475 530 255 731 617
is_linear=0
shrinkage=0.056


Tree=12
num_leaves=21
num_cat=0
split_feature=4 139 138 314 318 4 139 206 302 139 235 115 298 323 121 283 133 137 73 56
split_gain=201.8 96.6383 49.7752 34.0262 31.7576 29.8998 28.2108 28.7049 25.1358 21.6014 21.0359 18.0199 18.0195 17.7296 20.5965 17.585 16.245 16.2446 15.7019 14.4693
threshold=1358.5000000000002 86.804999999999964 776.69000000000017 51.650000000000013 0.87150000000000005 1689.5000000000002 300.52000000000004 1.049668401017539 6.2500000000000009 -32.645000000000003 0.28966437833714725 52.500000000000007 0.39246421388856029 0.83850000000000013 16.500000000000004 3.8090909090909095 8.5000000000000018 720.50000000000011 163.50000000000003 8.5000000000000018
decision_type=2 2 2 2 2 2 2 2 2 2 2 2 2 2 2 2 2 2 2 2
left_child=3 2 4 9 8 -4 7 12 -2 16 -7 -10 -3 14 -6 -13 -1 -8 19 -11
right_child=1 6 5 -5 13 10 17 -9 11 18 -12 15 -14 -15 -16 -17 -18 -19 -20 -21
leaf_value=-0.62459914732328092 -0.045666685965124292 0.076588690270813581 -0.29930758171218164 -0.48870694406284437 -0.036298277585606484 -0.096611184897020683 0.33583181957658254 0.53547220768067572 0.11102630691482325 -0.031318286094773239 0.27527424873247153 0.24616721227843633 0.40572970968782068 -0.33853301512017725 0.32935161778160826 0.57827455278602857 -0.21998579471617172 0.94307248154656464 -0.31761941560436463 0.3069609937085544
leaf_weight=207 329 658 436 639 739 241 116 329 710 306 104 292 419 146 100 187 199 335 129 105
leaf_count=207 329 658 436 639 739 241 116 329 710 306 104 292 419 146 100 187 199 335 129 105
internal_value=0.000899173 0.00628513 0.000511522 -0.0165702 0.0043627 -0.0118308 0.0164953 0.0125859 0.0094439 -0.00982646 0.00048649 0.0132345 0.00816326 -0.00346786 -0.000333539 0.021628 -0.0195858 0.0286825 -0.00248859 0.00286092
internal_weight=6726 5141 3284 1585 2503 781 1857 1406 1518 946 345 1189 1077 985 839 479 406 451 540 411
internal_count=6726 5141 3284 1585 2503 781 1857 1406 1518 946 345 1189 1077 985 839 479 406 451 540 411
is_linear=0
shrinkage=0.056


Tree=13
num_leaves=21
num_cat=1
split_feature=4 5 4 5 4 5 5 5 321 4 291 245 4 72 195 204 321 5 4 224
split_gain=168.847 172.548 75.0011 61.5904 52.4503 31.235 29.5021 29.3766 28.9942 24.5801 19.3917 19.0657 16.764 16.5686 17.0501 16.0638 15.3228 13.8726 14.1579 13.6232
threshold=1319.5000000000002 1588.5000000000002 1666.5000000000002 1274.5000000000002 1562.5000000000002 1886.5000000000002 1286.5000000000002 1146.5000000000002 0.54250000000000009 1832.5000000000002 0.94618725868725873 0.28904900653846161 1782.5000000000002 0 0.35948717948717951 0.42261904761904767 0.40400000000000008 1663.5000000000002 1126.5000000000002 1.1055000000000004
decision_type=2 2 2 2 2 2 2 2 2 2 2 2 2 9 2 2 2 2 2 2
left_child=3 4 8 -1 7 12 -6 -2 15 11 16 19 -4 -12 -15 -3 -9 18 -5 -8
right_child=1 2 5 17 6 -7 9 10 -10 -11 13 -13 -14 14 -16 -17 -18 -19 -20 -21
leaf_value=0.027649754020374125 0.68493334439125142 0.11432359573072393 0.02021834983623666 -0.70005781901887065 0.89271964257837766 -0.21905478315651822 0.19352927616607341 0.11894492926963394 -0.39596903789629684 0.72552540600713 0.28680181105576857 -0.043001057780577681 0.39161486107597748 -0.039403467663340637 0.24427648677497321 -0.24772161744986454 -0.073955713375861723 -0.91708365940824499 -0.3262768030769414 0.40591372381644286
leaf_weight=372 165 163 353 205 378 259 420 202 711 246 311 186 389 265 119 306 572 173 550 381
leaf_count=372 165 163 353 205 378 259 420 202 711 246 311 186 389 265 119 306 572 173 550 381
internal_value=0.000982432 0.00532544 -0.0068555 -0.0171445 0.0135124 0.00441942 0.0206827 0.00644298 -0.0164202 0.0164865 0.00392637 0.0125388 0.0102639 0.0107163 0.00255796 -0.00561159 -0.00217033 -0.0248619 -0.0215839 0.0162894
internal_weight=6726 5426 2181 1300 3245 1001 1611 1634 1180 1233 1469 987 742 695 384 469 774 928 755 801
internal_count=6726 5426 2181 1300 3245 1001 1611 1634 1180 1233 1469 987 742 695 384 469 774 928 755 801
cat_boundaries=0 1
cat_threshold=918
is_linear=0
shrinkage=0.056


Tree=14
num_leaves=21
num_cat=2
split_feature=139 5 5 155 5 2 56 314 139 2 139 56 114 302 65 161 217 115 214 54
split_gain=131.958 69.9092 46.1161 40.6862 34.3171 32.7396 30.5792 24.2721 21.5052 20.647 18.918 17.846 23.0902 22.0796 16.6934 16.0538 14.7579 14.5963 14.5723 14.5661
threshold=88.904999999999987 1334.5000000000002 1538.5000000000002 0.32373653686826848 1858.5000000000002 0 19.500000000000004 48.45000000000001 380.42500000000007 1 -150.07499999999996 6.5000000000000009 140.50000000000003 4.9500000000000011 3592.5000000000005 15.392073960272075 0.15235814296241715 99.500000000000014 -0.072606047618111472 43.500000000000007
decision_type=2 2 2 2 2 1 2 2 2 1 2 2 2 2 2 2 2 2 2 2
left_child=1 7 5 4 11 8 10 -1 -2 15 -5 19 13 -13 -12 -4 -9 -14 -7 -3
right_child=2 3 9 6 -6 18 -8 16 -10 -11 14 12 17 -15 -16 -17 -18 -19 -20 -21
leaf_value=0.23675098757893101 0.5206370867924448 -0.018474254033859858 0.12903466005231545 -0.55855620606270251 -0.39670004810618259 0.47769977409530578 0.25304085787538327 -0.23854721216389779 1.1158414752877943 -0.1228790421818869 -0.18769855659166068 -0.090694361532806883 -0.26839071265596259 0.16493944355806925 -0.5779584840730162 0.6351731390000882 0.19991447009268357 0.047839995749201135 0.095180071616625894 -0.27133311931370896
leaf_weight=720 608 702 344 235 306 110 121 148 156 284 747 157 180 607 161 99 144 109 450 338
leaf_count=720 608 702 344 235 306 110 121 148 156 284 747 157 180 607 161 99 144 109 450 338
internal_value=0.000799262 -0.00439611 0.0126416 -0.00799559 -0.00371148 0.0188639 -0.0161264 0.00863225 0.0263357 0.00130927 -0.0189605 -0.00115042 0.00398845 0.00908879 -0.015295 0.00877668 -0.00498574 -0.00949424 0.00805585 -0.00635369
internal_weight=6726 4675 2051 3663 2399 1324 1264 1012 764 727 1143 2093 1053 764 908 443 292 289 560 1040
internal_count=6726 4675 2051 3663 2399 1324 1264 1012 764 727 1143 2093 1053 764 908 443 292 289 560 1040
cat_boundaries=0 1 2
cat_threshold=844 556
is_linear=0
shrinkage=0.056


Tree=15
num_leaves=21
num_cat=0
split_feature=313 137 301 138 137 301 138 137 240 288 301 149 138 9 59 56 254 300 46 291
split_gain=78.6378 43.7036 32.1466 30.6825 31.3398 30.0101 24.9042 20.8431 23.5434 17.4035 17.198 16.8422 16.6753 16.4954 19.739 15.8761 17.0457 14.2577 17.7161 13.683
threshold=150.70000000000002 755.30000000000007 276.40000000000003 558.90500000000009 713.02500000000009 88.200000000000003 843.86000000000001 968.7700000000001 0.44033898305084751 0.40103092783505162 168.75000000000003 3.3516685205784209 582.9100000000002 240.50000000000003 1750.0000000000002 17.500000000000004 0.28928360867178576 13.49808888722699 13057.500000000002 1.1414285714285717
decision_type=2 2 2 2 2 2 2 2 2 2 2 2 2 2 2 2 2 2 2 2
left_child=2 5 3 4 10 -2 13 8 12 -4 11 -1 -3 14 19 16 17 18 -5 -7
right_child=1 7 9 15 -6 6 -8 -9 -10 -11 -12 -13 -14 -15 -16 -17 -18 -19 -20 -21
leaf_value=-0.041429440496110775 -0.30321594195889323 0.80247482071716303 0.143400658501596 -0.017968591434913746 0.90066627371116881 -0.081191754009871789 -0.43775139432047433 0.59482111829361417 -0.1064239701865726 0.4763831434908164 0.32575064426763134 0.31376471020978597 0.16867704330033387 0.22579517370301619 -0.4897339333864057 0.17761985593958685 -0.44323024201952349 0.149582993258569 -0.47976210881046444 0.063126493050624607
leaf_weight=494 466 114 196 372 124 1601 225 105 319 337 441 126 355 107 155 155 114 195 98 627
leaf_count=494 466 114 196 372 124 1601 225 105 319 337 441 126 355 107 155 155 114 195 98 627
internal_value=0.000899173 -0.00398621 0.00840416 0.00531186 0.0112944 -0.00705936 -0.00480583 0.00696062 0.00383736 0.0206976 0.00818081 0.00216748 0.0118205 -0.00319351 -0.00415939 -0.0022782 -0.00553509 -0.00210502 -0.00738688 -0.00281501
internal_weight=6726 4074 2652 2119 1185 3181 2715 893 788 533 1061 620 469 2490 2383 934 779 665 470 2228
internal_count=6726 4074 2652 2119 1185 3181 2715 893 788 533 1061 620 469 2490 2383 934 779 665 470 2228
is_linear=0
shrinkage=0.056


Tree=16
num_leaves=21
num_cat=2
split_feature=4 5 5 5 4 4 138 317 5 4 315 4 297 4 3 6 302 4 228 234
split_gain=157.636 116.803 76.8048 48.2038 52.6737 41.4296 26.8596 24.6552 23.973 19.0754 18.565 17.4929 16.0626 15.8919 14.1042 14.0032 13.8468 13.7155 12.9573 12.8955
threshold=1481.5000000000002 1438.5000000000002 1286.5000000000002 1878.5000000000002 1768.5000000000002 1233.5000000000002 830.39000000000021 0.18100000000000002 1286.5000000000002 1201.5000000000002 94.950000000000017 1903.5000000000002 0.15737874097007226 1817.5000000000002 0 1 8.8500000000000032 1559.5000000000002 0.19150000000000003 0.42635679785840225
decision_type=2 2 2 2 2 2 2 2 2 2 2 2 2 2 1 9 2 2 2 2
left_child=2 8 9 4 7 -4 10 -3 -2 -1 12 -5 -7 -10 16 18 -11 -17 -9 -14
right_child=1 3 5 11 -6 6 -8 15 13 14 -12 -13 19 -15 -16 17 -18 -19 -20 -21
leaf_value=-0.1771033791234527 0.72340910202384878 0.4130983774207051 -0.53475376232109495 -0.40237408635354188 0.38509664353429329 0.10007812909253354 -0.85783734301965131 -0.21598958960034767 0.2181103741731252 0.18022730550398872 -0.24055790601399302 -0.029329819022795318 -0.019873220851687284 0.67602969861881901 0.055488429407459579 -0.16401009866711275 0.5076924355932616 0.06411549242164892 0.040383815435777799 -0.56196709497968023
leaf_weight=223 544 100 538 257 622 300 116 406 637 99 749 132 211 99 252 305 170 787 103 116
leaf_count=223 544 100 538 257 622 300 116 406 637 99 749 132 211 99 252 305 170 787 103 116
internal_value=0.000281383 0.00740677 -0.00997254 0.000825899 0.00388112 -0.0156137 -0.0108095 -0.00121801 0.0213499 0.00541913 -0.00862779 -0.0174186 -0.00151808 0.0147606 0.0112857 -0.00290308 0.0198704 0.000711288 -0.010466 -0.0101035
internal_weight=6766 3992 2774 2712 2323 2030 1492 1701 1280 744 1376 389 627 736 521 1601 269 1092 509 327
internal_count=6766 3992 2774 2712 2323 2030 1492 1701 1280 744 1376 389 627 736 521 1601 269 1092 509 327
cat_boundaries=0 1 2
cat_threshold=178 229
is_linear=0
shrinkage=0.056


Tree=17
num_leaves=21
num_cat=0
split_feature=4 5 5 4 5 5 5 4 319 4 75 89 308 137 59 302 137 203 320 149
split_gain=136.977 115.593 63.061 52.1352 37.485 35.1797 33.6062 26.9335 22.7357 21.8087 16.9925 20.2368 18.5677 16.413 16.0016 14.612 14.2883 14.1326 13.1291 12.5473
threshold=1392.5000000000002 1477.5000000000002 1303.5000000000002 1725.5000000000002 1850.5000000000002 1807.5000000000002 1204.5000000000002 1823.5000000000002 0.23350000000000004 1233.5000000000002 2.5000000000000004 4.5000000000000009 0.45200000000000007 905.84500000000014 962.50000000000011 29.850000000000005 360.63000000000005 5.3484848484848486 0.97150000000000014 3.703954175905396
decision_type=2 2 2 2 2 2 2 2 2 2 2 2 2 2 2 2 2 2 2 2
left_child=2 6 15 4 8 13 -2 10 -3 -4 18 -12 -13 -5 -7 -1 -11 19 -8 -10
right_child=1 3 9 5 -6 14 7 -9 17 16 11 12 -14 -15 -16 -17 -18 -19 -20 -21
leaf_value=-0.048592818004000324 0.7425457341928462 0.34354700545146755 -0.50995127381510508 0.217265678642341 -0.47524086792653841 0.048463967869557721 0.36596415403605237 0.65315128604837724 -0.092718671275888218 0.048212617484780763 -0.07361170194933396 -0.037338805165431005 0.39879905375832159 0.50393969659546667 -0.1936776774799302 0.16624544627416074 -0.338716975063376 0.1225823150751077 0.0045414912975488891 -0.27762627734482814
leaf_weight=370 398 117 526 508 239 209 527 161 1297 132 314 126 247 145 106 243 679 156 130 136
leaf_count=370 398 117 526 508 239 209 527 161 1297 132 314 126 247 145 106 243 679 156 130 136
internal_value=0.00011585 0.00518601 -0.0124061 -0.00182624 -0.00711148 0.00879322 0.01592 0.0120929 -0.00420155 -0.019225 0.00949988 0.00334183 0.0121604 0.016208 -0.00657726 0.00246629 -0.0134647 -0.00595584 0.0159389 -0.00769842
internal_weight=6766 4816 1950 2913 1945 968 1903 1505 1706 1337 1344 687 373 653 315 613 811 1589 657 1433
internal_count=6766 4816 1950 2913 1945 968 1903 1505 1706 1337 1344 687 373 653 315 613 811 1589 657 1433
is_linear=0
shrinkage=0.056


Tree=18
num_leaves=21
num_cat=1
split_feature=139 139 6 74 254 317 313 71 195 138 57 64 308 277 189 248 290 229 306 154
split_gain=136.061 33.5097 38.299 29.0546 28.2792 22.915 22.1206 21.9333 19.4813 20.4314 18.935 18.7962 18.5234 16.2292 13.7448 18.8162 14.4171 13.8899 13.5227 13.2431
threshold=25.494999999999951 266.35500000000008 0 226.50000000000003 0.29965315825324801 0.67100000000000015 260.35000000000008 66.500000000000014 0.35214626391096987 818.43000000000018 14.500000000000002 3556.5000000000005 0.6585000000000002 1.4047378472145684 115.50000000000001 0.38729838709677428 4.5881876069429302 3.0875139146567725 0.24850000000000003 0.46138082035321953
decision_type=2 2 9 2 2 2 2 2 2 2 2 2 2 2 2 2 2 2 2 2
left_child=3 6 -3 4 5 7 10 14 9 19 11 13 -12 -2 15 18 -17 -18 -1 -7
right_child=1 2 -4 -5 -6 8 -8 -9 -10 -11 12 -13 -14 -15 -16 16 17 -19 -20 -21
leaf_value=-0.18828709033718921 0.063748742577051556 -0.22903445271490963 0.58755048765058882 0.20477560412320117 -0.3525501572414817 -0.11634385516651363 -0.061853039705704743 -0.42268977623756532 -0.32565140602735504 -0.46616033202898399 -0.22155669485662222 0.5203997810299259 0.23129646898978809 0.25134606205579429 -0.12886754665876227 0.031257712127168207 0.36058302948174886 0.06047198948169763 0.034924083992810266 0.18189609558496356
leaf_weight=211 738 103 508 174 572 483 545 99 321 110 169 191 136 716 502 433 146 98 384 127
leaf_count=211 738 103 508 174 572 483 545 99 321 110 169 191 136 716 502 433 146 98 384 127
internal_value=0.000430363 0.00905082 0.020805 -0.0068852 -0.00799995 -0.00576521 0.00617228 -0.00206291 -0.0124264 -0.00731088 0.00895992 0.0113361 -0.0038552 0.00916632 -0.000631251 0.00246528 0.00885057 0.019737 -0.00479973 -0.00330465
internal_weight=6766 3106 611 3660 3486 2914 2495 1873 1041 720 1950 1645 305 1454 1774 1272 677 244 595 610
internal_count=6766 3106 611 3660 3486 2914 2495 1873 1041 720 1950 1645 305 1454 1774 1272 677 244 595 610
cat_boundaries=0 1
cat_threshold=1158
is_linear=0
shrinkage=0.056


Tree=19
num_leaves=21
num_cat=0
split_feature=4 5 5 4 5 5 4 226 4 139 323 180 257 320 244 320 309 5 179 312
split_gain=129.645 98.5199 62.3141 49.2639 50.9649 30.0163 28.53 27.9586 21.0802 18.9762 17.867 16.6607 15.5747 14.9509 13.4366 13.1619 13.0689 12.4997 11.9473 11.6302
threshold=1601.5000000000002 1286.5000000000002 1517.5000000000002 1233.5000000000002 1660.5000000000002 1886.5000000000002 1289.5000000000002 0.066500000000000017 1722.5000000000002 326.24000000000007 0.53650000000000009 -1.8484890825306823 0.22540322580645164 0.8175 0.82575757575757591 0.68500000000000016 0.75000000000000011 1878.5000000000002 7.5000000000000009 0.5395000000000002
decision_type=2 2 2 2 2 2 2 2 2 2 2 2 2 2 2 2 2 2 2 2
left_child=1 6 9 -3 10 7 -1 8 -4 13 16 -12 18 19 -9 -10 -5 -6 -8 -2
right_child=2 3 5 4 17 -7 12 14 15 -11 11 -13 -14 -15 -16 -17 -18 -19 -20 -21
leaf_value=-0.041300272277014521 0.31280937416212301 -0.47190800258643073 -0.065013099268282734 -0.0027526557629855173 -0.30011801049960823 -0.16171277799250269 0.17136192319068877 0.18487469313891156 0.39915519386862419 0.80143460071823869 -0.39332492372894329 -0.06230046811929902 0.57972265955837821 0.16971211478419088 0.57538994361860396 0.0091654753986445715 0.20930858334678581 -0.70939470140298666 0.48820081272828386 0.57382583699755008
leaf_weight=359 239 538 468 720 568 310 345 150 300 201 126 890 170 299 109 230 196 150 108 290
leaf_count=359 239 538 468 720 568 310 345 150 300 201 126 890 170 299 109 230 196 150 108 290
internal_value=0.000529684 -0.00558653 0.0103543 -0.0103638 -0.00722711 0.00332344 0.00992244 0.0071725 0.00291767 0.0210611 -0.00249267 -0.00760614 0.0171683 0.0173138 0.0235669 0.0105657 0.00317886 -0.0199663 0.0117436 0.0229713
internal_weight=6766 4170 2596 3188 2650 1567 982 1257 998 1029 1932 1016 623 828 259 530 916 718 453 529
internal_count=6766 4170 2596 3188 2650 1567 982 1257 998 1029 1932 1016 623 828 259 530 916 718 453 529
is_linear=0
shrinkage=0.056


Tree=20
num_leaves=21
num_cat=0
split_feature=4 5 5 5 4 4 4 4 321 5 177 226 4 5 310 143 5 148 129 114
split_gain=131.988 101.835 50.5105 46.9543 45.2182 31.0864 23.5841 20.9312 17.6771 17.4229 15.7561 16.4881 15.6247 14.5181 14.5062 14.482 14.1319 12.7559 17.4059 12.4431
threshold=1399.5000000000002 1319.5000000000002 1850.5000000000002 1372.5000000000002 1577.5000000000002 1839.5000000000002 1941.5000000000002 1233.5000000000002 0.82850000000000013 1651.5000000000002 0.2247448979591837 0.075500000000000012 1212.5000000000002 1204.5000000000002 0.75000000000000011 1.2541218475317015 1636.5000000000002 0.18850000000000003 789.50000000000011 115.50000000000001
decision_type=2 2 2 2 2 2 2 2 2 2 2 2 2 2 2 2 2 2 2 2
left_child=3 13 4 12 8 -4 10 -5 16 17 11 19 -1 -2 -14 -12 -3 18 -9 -6
right_child=1 2 5 7 6 -7 -8 9 -10 -11 15 -13 14 -15 -16 -17 -18 -19 -20 -21
leaf_value=-0.19567898809131626 0.68177100870913132 0.036940913145512594 -0.39672637219639512 -0.59206635562940857 0.16609785985193048 0.042273275005329194 0.51736108249279888 -0.38638115905118819 -0.21041059900177206 -0.55933720299376744 0.16565476104950497 0.31285980287548365 -0.019858014290439666 0.35599867566540366 0.20438982542681411 -0.14280104386183912 -0.22521744246431591 -0.29538546843512076 0.059870076895050528 -0.033023725287756364
leaf_weight=329 388 804 307 426 935 177 234 142 243 230 180 230 284 460 226 201 309 141 224 235
leaf_count=329 388 804 307 426 935 177 234 142 243 230 180 230 284 460 226 201 309 141 224 235
internal_value=0.00107738 0.00620366 0.00233874 -0.010965 0.00476768 -0.0145782 0.0100883 -0.0182492 -0.00313852 -0.0125371 0.0078921 0.0106399 -0.000867508 0.0237734 0.00527027 -0.0022043 -0.000150799 -0.00673735 -0.0012236 0.00794516
internal_weight=6705 4703 3855 2002 3371 484 2015 1163 1356 737 1781 1400 839 848 510 381 1113 507 366 1170
internal_count=6705 4703 3855 2002 3371 484 2015 1163 1356 737 1781 1400 839 848 510 381 1113 507 366 1170
is_linear=0
shrinkage=0.056


Tree=21
num_leaves=21
num_cat=1
split_feature=5 301 155 313 5 50 313 183 5 2 152 185 301 52 320 155 10 303 199 114
split_gain=89.3982 38.4136 33.1487 30.5916 24.4074 23.8733 21.0325 21.424 19.7052 21.2302 19.1924 17.0898 16.7831 15.6022 13.9551 13.3981 13.2228 13.1701 12.9888 12.7372
threshold=1470.5000000000002 168.75000000000003 0.32742946708463955 161.25000000000003 1627.5000000000002 96.500000000000014 145.50000000000003 -1.4484999999999999 1093.0000000000002 0 35.500000000000007 0.045500000000000006 337.30000000000007 17.500000000000004 0.76050000000000006 0.29146440129449841 184.50000000000003 148.65000000000001 0.50247524752475259 67.500000000000014
decision_type=2 2 2 2 2 2 2 2 2 1 2 2 2 2 2 2 2 2 2 2
left_child=1 5 4 11 17 6 18 -8 -3 15 -11 -4 13 14 -6 -10 -5 19 -1 -2
right_child=2 8 3 16 12 -7 7 -9 9 10 -12 -13 -14 -15 -16 -17 -18 -19 -20 -21
leaf_value=-0.0035012474373522411 0.084039366003739166 0.64420390196930521 -0.25410417745634539 -0.231803661297385 -0.13472318789117976 0.32604572561518991 -0.32614421841913743 -0.020755013491362141 0.65481728248296012 0.011330356636987509 0.24404434526931063 0.15743933385949774 0.15476184224096642 0.067207485449185186 -0.35326492410995197 0.23811622838629509 -0.47937690267843464 0.27234855725747775 0.24338388981650402 -0.081824903279869202
leaf_weight=396 572 153 131 681 693 296 172 350 250 581 423 212 248 124 337 195 182 242 159 308
leaf_count=396 572 153 131 681 693 296 172 350 250 581 423 212 248 124 337 195 182 242 159 308
internal_value=0.00106068 0.00830112 -0.00471417 -0.0123514 -0.00106491 0.00142741 -0.00244367 -0.0105131 0.0141922 0.0121738 0.00740023 0.00179545 -0.00599132 -0.00883175 -0.0110911 0.0222765 -0.0179743 0.00509076 0.00514565 0.00190891
internal_weight=6705 2975 3730 1206 2524 1373 1077 522 1602 1449 1004 343 1402 1154 1030 445 863 1122 555 880
internal_count=6705 2975 3730 1206 2524 1373 1077 522 1602 1449 1004 343 1402 1154 1030 445 863 1122 555 880
cat_boundaries=0 1
cat_threshold=780
is_linear=0
shrinkage=0.056


Tree=22
num_leaves=21
num_cat=0
split_feature=4 5 5 4 5 5 4 4 310 323 291 177 262 4 5 186 5 287 228 144
split_gain=116.58 64.3846 61.595 42.8972 28.8036 28.1217 22.5205 21.2587 18.175 20.0901 16.913 16.6832 16.1422 15.7427 14.7165 13.4026 21.2324 12.9308 13.2155 16.6627
threshold=1531.5000000000002 1553.5000000000002 1657.5000000000002 1212.5000000000002 1146.5000000000002 1282.5000000000002 1941.5000000000002 1676.5000000000002 0.70800000000000007 0.8025000000000001 1.0229915433403807 0.29893617021276603 1.0740596028784417 1246.5000000000002 1834.5000000000002 0.10850000000000001 1972.5000000000002 -0.14899907132851023 0.13150000000000003 1.3165000000000002
decision_type=2 2 2 2 2 2 2 2 2 2 2 2 2 2 2 2 2 2 2 2
left_child=1 3 5 -1 -5 -2 11 14 10 -10 -6 12 -7 -3 -4 16 -9 -14 -19 -20
right_child=2 13 7 4 8 6 -8 15 9 -11 -12 -13 17 -15 -16 -17 -18 18 19 -21
leaf_value=-0.24687109314637182 0.60812848345902404 -0.73897822380225431 -0.082420135156918845 0.38243727433881131 -0.16370275075199153 0.066275360151666116 0.69891386487196272 0.058594076743262731 0.12301584932763837 -0.25069456216873204 0.082102689684011257 -0.17381098826084634 -0.010887938846901686 -0.26785967554725393 -0.41038508009120311 0.15370777065299396 -0.47404958626891897 0.16301315425235 0.28679334915818033 0.41690830599745848
leaf_weight=534 413 212 286 229 487 686 160 386 589 105 325 104 114 906 134 217 107 292 201 218
leaf_count=534 413 212 286 229 487 686 160 386 589 105 325 104 114 906 134 217 107 292 201 218
internal_value=0.000876933 -0.0064316 0.0083375 -0.00101183 0.00325985 0.0138208 0.0107582 -0.0022795 0.000446108 0.00710063 -0.00524118 0.00877265 0.0102659 -0.017431 -0.0122663 0.00362794 -0.00147635 0.015544 0.0183514 0.0247251
internal_weight=6705 3387 3318 2269 1735 2188 1775 1130 1506 694 812 1615 1511 1118 420 710 493 825 711 419
internal_count=6705 3387 3318 2269 1735 2188 1775 1130 1506 694 812 1615 1511 1118 420 710 493 825 711 419
is_linear=0
shrinkage=0.056


Tree=23
num_leaves=21
num_cat=0
split_feature=4 5 5 4 5 4 5 323 5 4 321 241 274 312 235 4 291 153 4 274
split_gain=101.273 59.0167 58.7888 38.0851 34.68 28.4085 24.1496 19.3651 16.1635 15.9744 14.7568 20.2206 16.1589 14.4949 20.3548 13.8178 12.8693 12.6951 12.3579 12.5805
threshold=1531.5000000000002 1817.5000000000002 1588.5000000000002 1289.5000000000002 1282.5000000000002 1948.5000000000002 1204.5000000000002 0.31400000000000006 1080.5000000000002 1251.5000000000002 0.5485000000000001 1.1113841201255623 0.24341649341649343 0.58050000000000013 0.37987341772151906 1903.5000000000002 0.93405797101449284 1.9170817956275414 1126.5000000000002 0.28178466773797151
decision_type=2 2 2 2 2 2 2 2 2 2 2 2 2 2 2 2 2 2 2 2
left_child=2 4 3 8 -2 7 -5 -6 -1 -4 11 -11 -12 -9 -15 -3 -8 -13 -10 -20
right_child=1 15 9 6 5 -7 16 13 18 10 12 17 -14 14 -16 -17 -18 -19 19 -21
leaf_value=0.096945515169020932 0.57407328838531879 -0.16760684758802269 -0.7415287628864512 0.40177231127381929 0.33234669467956135 0.57722368916723732 -0.059987267214877404 -0.012866673179074778 -0.42193192163388649 0.21824577638072135 -0.50468371727924599 -0.026326709864460507 -0.38329042650915207 0.090057349225047045 0.4287099390078648 0.059098689291242075 0.086649647888339176 -0.41348942431185576 0.026889423616322961 -0.2275448849554583
leaf_weight=99 413 346 173 270 286 223 690 873 274 98 121 104 332 896 128 153 593 103 227 303
leaf_count=99 413 346 173 270 286 223 690 873 274 98 121 104 332 896 128 153 593 103 227 303
internal_value=0.000810118 0.00776366 -0.00600172 -0.00145922 0.0109059 0.00833243 0.00385823 0.00638746 -0.0106045 -0.0179848 -0.01448 -0.00495684 -0.0208915 0.0043394 0.00885921 -0.00998764 0.00065459 -0.0148784 -0.0132336 -0.0082412
internal_weight=6705 3318 3387 2456 2819 2406 1553 2183 903 931 758 305 453 1897 1024 499 1283 207 804 530
internal_count=6705 3318 3387 2456 2819 2406 1553 2183 903 931 758 305 453 1897 1024 499 1283 207 804 530
is_linear=0
shrinkage=0.056


Tree=24
num_leaves=21
num_cat=1
split_feature=4 313 139 4 110 0 138 313 72 264 23 231 319 300 257 193 139 312 171 159
split_gain=88.2576 38.9414 38.4469 29.292 26.692 23.8199 22.2163 19.3509 19.1203 17.263 17.2163 16.3494 15.9466 14.4863 16.0423 16.6251 14.1852 14.1743 13.6462 14.2097
threshold=1598.5000000000002 149.95000000000002 300.52000000000004 1255.5000000000002 18580.500000000004 1.0000000180025095e-35 733.34500000000014 304.25000000000006 0 70.750000000000014 131.50000000000003 1.1445993031358885 0.23650000000000002 -0.57811495444711691 0.18257575757575759 0.48279793524364745 59.974999999999973 0.55350000000000021 1.1909827760891594 0.41136180499597103
decision_type=2 2 2 2 2 2 2 2 9 2 2 2 2 2 2 2 2 2 2 2
left_child=1 4 5 9 8 7 -5 10 -1 -3 13 -4 -10 -2 15 -15 -9 -14 19 -19
right_child=2 3 11 6 -6 -7 -8 16 12 -11 -12 -13 17 14 -16 -17 -18 18 -20 -21
leaf_value=0.15364450465517329 0.013037737917494347 -0.22888614527779702 0.69818965214989137 -0.055493201909953285 -0.47839799854822684 -0.086150341788282944 -0.3298983773723505 -0.08308255779973607 0.19635919045062775 -0.56458006643057457 -0.094278163998705589 0.28168396159635073 -0.25479711062894794 0.27076792116897369 0.40319134717956701 -0.1257747544586128 0.13903864609718805 0.096257764501999313 0.22317321763827769 -0.20490806183063562
leaf_weight=705 281 276 198 1557 132 314 367 250 150 253 104 127 292 631 438 105 156 162 108 124
leaf_count=705 281 276 198 1557 132 314 367 250 150 253 104 127 292 631 438 105 156 162 108 124
internal_value=0.000615726 -0.00447887 0.00868811 -0.0089718 0.00210869 0.0061184 -0.00576291 0.00840704 0.004179 -0.0206424 0.011243 0.0267072 -0.00158846 0.0128164 0.0155501 0.0104998 -0.00248236 -0.00522425 0.00170517 -0.00469873
internal_weight=6730 4126 2604 2453 1673 2279 1924 1965 1541 529 1559 325 836 1455 1174 736 406 686 394 286
internal_count=6730 4126 2604 2453 1673 2279 1924 1965 1541 529 1559 325 836 1455 1174 736 406 686 394 286
cat_boundaries=0 1
cat_threshold=1264
is_linear=0
shrinkage=0.056


Tree=25
num_leaves=21
num_cat=1
split_feature=4 5 5 4 4 5 4 138 122 320 190 322 187 290 148 319 72 188 63 81
split_gain=77.1071 59.8642 49.3469 27.8366 25.438 22.3501 18.5807 17.0379 18.5891 17.1398 16.09 15.8717 15.7933 12.8562 12.6818 14.5551 12.2953 11.7398 11.6188 12.6894
threshold=1598.5000000000002 1340.5000000000002 1703.5000000000002 1233.5000000000002 1839.5000000000002 1660.5000000000002 1095.5000000000002 504.73000000000008 1323.5000000000002 0.90550000000000008 0.56330128205128216 0.13450000000000004 0.13250000000000003 14.158623772453955 0.19650000000000004 0.26050000000000006 0 3.002951388888889 86.500000000000014 4.5000000000000009
decision_type=2 2 2 2 2 2 2 2 2 2 2 2 2 2 2 2 9 2 2 2
left_child=1 6 4 17 7 13 -1 8 -2 -9 -4 -8 -12 14 15 -5 -13 -3 -17 -20
right_child=2 3 10 5 -6 -7 11 9 -10 -11 12 16 -14 -15 -16 18 -18 -19 19 -21
leaf_value=-0.25472491463554797 0.49005436210586201 -0.14113987474126782 -0.12411089338759607 0.17513073556203962 0.49755515288327312 -0.27439720434080733 0.31031494748705118 0.18723611257390085 -0.037434999313432367 -0.11828594323429928 -0.11870627716320288 0.18486743385005114 0.10047521629621523 0.1992470872479882 -0.20068598750174824 -0.10978730239758808 -0.0027885851435288543 -0.62796107410682378 0.20061899586349558 -0.046155722225891482
leaf_weight=113 431 229 419 162 426 704 275 664 110 228 115 297 211 105 327 749 561 253 125 226
leaf_count=113 431 229 419 162 426 704 275 664 110 228 115 297 211 105 327 749 561 253 125 226
internal_value=0.000798787 -0.00396312 0.00834402 -0.00839994 0.0132242 -0.00593154 0.006292 0.00965236 0.0174932 0.00489668 -0.00383334 0.00845175 0.00549643 -0.00244619 -0.00370034 -0.0011536 0.00469911 -0.0206801 -0.00346167 0.0049454
internal_weight=6730 4126 2604 2880 1859 2398 1246 1433 541 892 745 1133 326 1694 1589 1262 858 482 1100 351
internal_count=6730 4126 2604 2880 1859 2398 1246 1433 541 892 745 1133 326 1694 1589 1262 858 482 1100 351
cat_boundaries=0 1
cat_threshold=176
is_linear=0
shrinkage=0.056


Tree=26
num_leaves=21
num_cat=3
split_feature=4 5 5 4 5 4 3 4 145 137 324 122 189 276 264 147 133 3 231 3
split_gain=73.5747 47.7282 40.3929 24.1519 22.885 20.8444 19.1852 18.2234 15.9006 28.8666 15.1798 15.12 15.0177 14.4426 13.3877 12.8472 12.5405 12.5307 14.7607 12.2559
threshold=1598.5000000000002 1286.5000000000002 1703.5000000000002 1823.5000000000002 1645.5000000000002 1315.5000000000002 0 1289.5000000000002 66.250000000000014 842.82000000000005 0.80750000000000022 390.50000000000006 95.500000000000014 8.2828839355756134 64.050000000000011 0.11750000000000001 4.5000000000000009 1 1.2947860962566848 2
decision_type=2 2 2 2 2 2 1 2 2 2 2 2 2 2 2 2 2 1 2 1
left_child=1 7 3 6 5 11 15 14 -4 16 13 -3 -5 -8 -1 -2 -10 18 -6 -7
right_child=2 4 8 12 17 19 10 -9 9 -11 -12 -13 -14 -15 -16 -17 -18 -19 -20 -21
leaf_value=0.14737557644652233 0.37035213406956036 -0.45303641077420975 -0.12716032500648736 0.56314289668902162 0.027732958395112348 0.03498356496099847 0.030714348503385173 0.26047616405472895 -0.33187242085997637 0.22215947498875471 -0.1514715454559416 -0.10036177850382695 0.12777797191164156 0.3059774644947425 -0.16619280525955943 -0.043812026635724192 0.007062585747148937 -0.35176484020859744 -0.39992667775765861 -0.083882570274778565
leaf_weight=122 523 212 374 343 206 944 374 614 98 132 187 498 120 214 236 98 141 522 141 631
leaf_count=122 523 212 374 343 206 944 374 614 98 132 187 498 120 214 236 98 141 522 141 631
internal_value=0.000715578 -0.00393598 0.00808596 0.0125013 -0.00727959 -0.00433778 0.0088251 0.00691341 -0.00293133 0.00528258 0.00278196 -0.012304 0.0235849 0.00723782 -0.00312804 0.0160631 -0.00632567 -0.0150148 -0.00611719 -0.000746564
internal_weight=6730 4126 2604 1859 3154 2285 1396 972 745 371 775 710 463 588 358 621 239 869 347 1575
internal_count=6730 4126 2604 1859 3154 2285 1396 972 745 371 775 710 463 588 358 621 239 869 347 1575
cat_boundaries=0 1 2 3
cat_threshold=1234 277 1746
is_linear=0
shrinkage=0.056


Tree=27
num_leaves=21
num_cat=2
split_feature=139 4 235 5 5 4 5 5 4 72 89 303 139 72 302 226 313 175 315 294
split_gain=66.4042 33.328 31.7648 25.6415 22.878 21.9876 24.1004 18.1294 16.6521 16.5599 16.0382 17.1836 15.5691 13.844 13.7483 20.0628 13.3497 13.2768 12.6794 11.755
threshold=132.23500000000001 1365.5000000000002 0.36410984848484856 1424.5000000000002 1146.5000000000002 1772.5000000000002 1591.5000000000002 2059.5000000000005 1778.5000000000002 0 1.5000000000000002 86.950000000000017 334.87 1 6.6500000000000012 0.065500000000000017 163.45000000000002 0.67175839552238814 55.050000000000004 0.028856621057774538
decision_type=2 2 2 2 2 2 2 2 2 9 2 2 2 9 2 2 2 2 2 2
left_child=1 4 3 17 -1 6 10 8 14 16 -2 -12 -7 -13 -5 18 -6 -3 -16 -10
right_child=5 2 -4 7 9 12 -8 -9 19 -11 11 13 -14 -15 15 -17 -18 -19 -20 -21
leaf_value=0.095768465497580488 0.40367701944232565 0.0053830741682567764 0.14010082295202947 -0.22653368509090088 0.03952375049952063 0.28709050057015806 -0.19683722546504853 -0.50190931869819311 0.17521610720564226 -0.35325401861022337 -0.14851134177841399 -0.050432456593930704 0.52116304286184945 0.48371837273420382 0.16258301301088612 0.11863197589342876 -0.1850774375938192 0.20655333375653723 -0.11883442403931888 -0.079813097646680736
leaf_weight=189 403 413 662 398 274 368 185 111 245 718 149 108 132 135 134 244 363 349 1035 115
leaf_count=189 403 413 662 398 274 368 185 111 245 718 149 108 132 135 134 244 363 349 1035 115
internal_value=0.000798787 -0.00215464 0.000725267 -0.00169246 -0.00906725 0.0112756 0.00639983 -0.00466251 -0.00353378 -0.0116132 0.0106363 0.00257102 0.0208317 0.0117524 -0.00572051 -0.00313081 -0.00476018 0.00720188 -0.0061795 0.00746621
internal_weight=6730 5250 3706 3044 1544 1480 980 2282 2171 1355 795 392 500 243 1811 1413 637 762 1169 360
internal_count=6730 5250 3706 3044 1544 1480 980 2282 2171 1355 795 392 500 243 1811 1413 637 762 1169 360
cat_boundaries=0 1 2
cat_threshold=1457 51
is_linear=0
shrinkage=0.056


Tree=28
num_leaves=21
num_cat=0
split_feature=139 139 302 1 283 85 139 202 174 5 5 303 50 114 317 168 274 248 229 314
split_gain=72.4679 31.9359 23.6539 23.5839 21.9408 17.6061 16.38 15.8158 19.5353 15.2595 14.8062 13.9447 13.6632 14.1279 14.5427 13.1227 13.0747 13.9561 13.1745 12.9715
threshold=144.47500000000002 -94.42499999999994 16.750000000000004 1.0000000180025095e-35 1.7638888888888891 1.0000000180025095e-35 464.64500000000004 57.500000000000007 0.041399413829017233 1146.5000000000002 1671.5000000000002 86.950000000000017 138.50000000000003 113.50000000000001 0.33050000000000007 0.56591360476663366 0.32742946708463955 0.42340286831812263 3.2626785714285718 41.400000000000006
decision_type=2 2 2 2 2 2 2 2 2 2 2 2 2 2 2 2 2 2 2 2
left_child=1 7 9 6 -4 15 11 19 10 -3 -9 -2 13 14 -6 -5 17 -11 -19 -1
right_child=3 2 4 5 12 -7 -8 8 -10 16 -12 -13 -14 -15 -16 -17 -18 18 -20 -21
leaf_value=0.082102057883212662 0.092449080208112877 0.41113014844134516 -0.034503408327501532 0.040497851359782545 0.21038882125790084 0.2990085706653382 0.72809335265188924 -0.25052746551578875 -0.12415798373148798 -0.11641257701177078 -0.67397699690320367 0.45663014386108852 0.32493039528820306 -0.097417650503027281 0.072989624628508207 -0.27230630180559295 -0.20024369729780281 0.18757952900936317 -0.10222705523131811 -0.15997976752583984
leaf_weight=270 225 137 875 305 211 166 131 226 522 396 168 413 287 265 917 106 506 205 128 314
leaf_count=270 225 137 875 305 211 166 131 226 522 396 168 413 287 265 917 106 506 205 128 314
internal_value=0.00109964 -0.00178512 0.000869834 0.0127309 0.00405473 0.00417303 0.0191519 -0.00873589 -0.0133273 -0.00506111 -0.0227407 0.015448 0.0077999 0.00550742 0.00824099 -0.0020434 -0.00702821 -0.00222749 0.00622173 -0.00153397
internal_weight=6773 5427 3927 1346 2555 577 769 1500 916 1372 394 638 1680 1393 1128 411 1235 729 333 584
internal_count=6773 5427 3927 1346 2555 577 769 1500 916 1372 394 638 1680 1393 1128 411 1235 729 333 584
is_linear=0
shrinkage=0.056


Tree=29
num_leaves=21
num_cat=2
split_feature=4 139 5 5 5 5 4 322 23 40 4 253 315 3 72 207 95 78 310 213
split_gain=70.0508 43.8273 39.5002 23.2081 22.8318 22.6105 22.4076 18.826 19.7816 18.9061 17.6242 15.0176 14.762 14.3256 14.0813 13.116 12.3893 12.1049 11.8857 12.5221
threshold=1504.5000000000002 144.47500000000002 1613.5000000000002 1154.5000000000002 1957.5000000000002 1197.5000000000002 1957.5000000000002 0.91850000000000021 129.50000000000003 18.500000000000004 1126.5000000000002 0.9703153820265128 88.15000000000002 0 1 0.040540653927129022 8.5000000000000018 8.5000000000000018 0.75600000000000012 0.90727833077124809
decision_type=2 2 2 2 2 2 2 2 2 2 2 2 2 1 9 2 2 2 2 2
left_child=2 4 3 -1 6 -3 7 8 9 -2 15 13 18 -7 -9 -5 -13 -15 -12 -20
right_child=1 5 -4 10 -6 11 -8 14 -10 -11 12 16 -14 17 -16 -17 -18 -19 19 -21
leaf_value=0.2047390308589625 0.085615587424140868 0.76866997555425032 -0.36055201447882257 -0.067394727780367605 -0.29767022979449542 0.47268787345551561 0.44105208660338968 -0.21216048208220611 -0.12349237564574304 0.29337457303477216 -0.034255597538575613 0.22623176495319156 -0.0984978086393066 0.030387983275479213 0.0048352516440228685 -0.57234297218499108 -0.12976500541156136 0.40841856755672706 0.26362744215044581 0.017377759322763611
leaf_weight=337 1231 107 715 101 234 255 102 228 121 190 476 203 911 190 581 164 163 116 179 169
leaf_count=337 1231 107 715 101 234 255 102 228 121 190 476 203 911 190 581 164 163 116 179 169
internal_value=0.000967347 0.00612519 -0.00532105 -0.00179711 0.00235498 0.0159225 0.00394938 0.00283447 0.00646423 0.00831515 -0.00408792 0.0131088 -0.00203334 0.018866 -0.00408385 -0.017539 0.00428371 0.0095691 0.00339786 0.0112639
internal_weight=6773 3721 3052 2337 2687 1034 2453 2351 1542 1421 2000 927 1735 561 809 265 366 306 824 348
internal_count=6773 3721 3052 2337 2687 1034 2453 2351 1542 1421 2000 927 1735 561 809 265 366 306 824 348
cat_boundaries=0 1 2
cat_threshold=1264 737
is_linear=0
shrinkage=0.056


Tree=30
num_leaves=21
num_cat=1
split_feature=139 5 304 5 1 188 56 139 93 314 114 279 317 3 291 39 139 259 274 87
split_gain=53.9171 26.7227 22.1148 21.6966 20.4813 19.5804 20.6672 17.2539 16.989 16.4133 15.7152 15.5724 14.1833 14.0586 15.3545 13.2828 12.6034 11.9249 11.8697 11.053
threshold=144.47500000000002 1154.5000000000002 62.000000000000007 1861.5000000000002 1.0000000180025095e-35 3.5103807471264372 18.500000000000004 464.64500000000004 132.50000000000003 10.050000000000002 88.500000000000014 0.67327315541601263 0.93400000000000016 0 0.84680573663624525 5.5000000000000009 -94.42499999999994 6.5000000000000009 0.32742946708463955 49.500000000000007
decision_type=2 2 2 2 2 2 2 2 2 2 2 2 2 1 2 2 2 2 2 2
left_child=1 -1 3 5 7 6 11 8 9 -2 -6 12 16 14 -4 -15 -3 -8 -7 -12
right_child=4 2 13 -5 10 18 17 -9 -10 -11 19 -13 -14 15 -16 -17 -18 -19 -20 -21
leaf_value=0.2110002514176556 0.69617245549214068 -0.14187980368102812 0.015489178291394101 -0.3389785640114612 -0.10943984134233167 -0.11659228891381133 0.075344047657770433 0.65536026843489315 -0.0075432009810231194 0.13653096808823023 0.07916188442049675 -0.28085896547874045 -0.41506331540973401 0.026168594223461482 0.25766960904874148 -0.33957414753160703 0.0066625502369251459 0.47055159958027021 -0.38763055071500563 0.3280077640248375
leaf_weight=394 162 643 267 360 368 312 165 131 177 299 99 108 101 431 287 145 1883 107 224 110
leaf_count=394 162 643 267 360 368 312 165 131 177 299 99 108 101 431 287 145 1883 107 224 110
internal_value=0.00095081 -0.00153747 -0.00263696 -0.00463434 0.0109835 -0.00330337 -0.00154567 0.0169673 0.0131659 0.0188283 0.00300838 -0.00300981 -0.00215296 0.0042618 0.0105245 -0.00191099 -0.0013301 0.0131759 -0.0131639 0.0152719
internal_weight=6773 5427 5033 3903 1346 3543 3007 769 638 461 577 2735 2627 1130 554 576 2526 272 536 209
internal_count=6773 5427 5033 3903 1346 3543 3007 769 638 461 577 2735 2627 1130 554 576 2526 272 536 209
cat_boundaries=0 1
cat_threshold=1299
is_linear=0
shrinkage=0.056


Tree=31
num_leaves=21
num_cat=1
split_feature=139 139 1 302 85 139 93 177 291 319 313 290 151 316 127 59 32 180 313 3
split_gain=49.0337 24.0145 19.775 18.5853 17.6274 16.4835 16.1897 15.1629 14.8747 16.8973 14.1697 14.0018 13.5476 17.2989 15.1896 13.5408 16.6238 13.2261 12.2249 11.5771
threshold=144.47500000000002 -94.42499999999994 1.0000000180025095e-35 16.750000000000004 1.0000000180025095e-35 464.64500000000004 132.50000000000003 0.23294573643410857 0.8021739130434784 0.85100000000000009 54.20000000000001 0.41869888273629119 1.0538127413127416 48.650000000000013 122.50000000000001 1790.0000000000002 2349.0000000000005 -0.85169254618007162 113.45000000000002 0
decision_type=2 2 2 2 2 2 2 2 2 2 2 2 2 2 2 2 2 2 2 1
left_child=1 7 5 10 -4 6 11 17 12 15 -3 18 14 -14 -5 16 -10 -1 -2 -19
right_child=2 3 4 8 -6 -7 -8 -9 9 -11 -12 -13 13 -15 -16 -17 -18 19 -20 -21
leaf_value=-0.3245336929015909 0.6981696266806775 0.15715198269898284 -0.062343477668221875 -0.027866861183229931 0.25300358419172264 0.61866009340253914 -0.0071207817260857814 -0.31804751357316063 0.11253266861345197 -0.16011024830747256 -0.085323816415364351 0.44862036274387668 0.28780009686252372 -0.16467023248666776 -0.45526199360362085 -0.037558102102389357 0.40215201740296674 0.050441133506683854 0.036622147558563571 -0.16593245228948911
leaf_weight=106 109 116 411 609 166 131 177 322 1033 160 1256 138 211 127 103 128 184 365 214 707
leaf_count=106 109 116 411 609 166 131 177 322 1033 160 1256 138 211 127 103 128 184 365 214 707
internal_value=0.0010831 -0.00128982 0.0106507 0.00101244 0.00281428 0.0165303 0.0128148 -0.00731722 0.00383555 0.00740454 -0.00424478 0.0183424 -0.00127985 0.00795217 -0.00566269 0.00945118 0.0112735 -0.00437338 0.0119623 -0.00250731
internal_weight=6773 5427 1346 3927 577 769 638 1500 2555 1505 1372 461 1050 338 712 1345 1217 1178 323 1072
internal_count=6773 5427 1346 3927 577 769 638 1500 2555 1505 1372 461 1050 338 712 1345 1217 1178 323 1072
cat_boundaries=0 1
cat_threshold=1300
is_linear=0
shrinkage=0.056


Tree=32
num_leaves=21
num_cat=2
split_feature=4 139 3 315 275 138 3 105 139 319 301 290 260 200 4 87 291 266 195 216
split_gain=66.6109 36.5243 26.5354 19.2583 19.6828 18.2809 18.029 17.0595 16.7002 15.2065 15.1408 14.2803 20.6783 14.0964 16.9885 13.9983 13.9907 13.4219 13.1051 12.2827
threshold=1319.5000000000002 161.56999999999999 0 128.55000000000004 0.39208074534161497 244.83500000000001 1 16.500000000000004 -260.50499999999994 0.42050000000000004 349.40000000000003 2.2678519160581923 11.348498684941156 0.41588050314465413 1559.5000000000002 48.500000000000007 0.8021739130434784 0.11850000000000001 0.1856158484065461 0.50862325304787404
decision_type=2 2 1 2 2 2 1 2 2 2 2 2 2 2 2 2 2 2 2 2
left_child=3 2 7 4 -1 -3 15 11 -4 16 18 12 13 14 -2 -7 -10 -18 -11 -8
right_child=1 5 8 -5 -6 6 19 -9 9 10 -12 -13 -14 -15 -16 -17 17 -19 -20 -21
leaf_value=-0.15367399621487371 -0.16916509421904424 -0.10905801952152529 -0.30356764132326974 -0.4313100031480111 0.095357864781701634 -0.085055795765260456 0.44607229485292565 0.36096152830816064 -0.059532126438259197 0.012914936993052593 0.162689963225019 0.16004766994310113 -0.19676468762389651 0.29589784927111262 0.10762852757240193 0.16986762919538559 0.22558860969589234 -0.010287943491458449 -0.1073438732380308 0.10819012000096176
leaf_weight=808 272 104 143 325 202 225 614 202 309 505 206 618 292 128 212 112 258 108 972 112
leaf_count=808 272 104 143 325 202 225 614 202 309 505 206 618 292 128 212 112 258 108 972 112
internal_value=0.00117375 0.00394656 0.00152422 -0.0100253 -0.00620974 0.0127162 0.0149086 0.0068465 -0.00216322 -0.00104488 -0.00389295 0.00485666 0.000371503 0.00622195 0.00185091 0.00371135 0.00605605 0.013464 -0.00587667 0.0197824
internal_weight=6727 5392 4225 1335 1010 1167 1063 1724 2501 2358 1683 1522 904 612 484 337 675 366 1477 726
internal_count=6727 5392 4225 1335 1010 1167 1063 1724 2501 2358 1683 1522 904 612 484 337 675 366 1477 726
cat_boundaries=0 1 2
cat_threshold=1426 773
is_linear=0
shrinkage=0.056


Tree=33
num_leaves=21
num_cat=2
split_feature=4 5 5 137 320 173 313 73 32 4 58 3 306 240 4 4 235 162 2 194
split_gain=54.6269 35.3945 34.5292 23.2187 18.9791 17.3616 16.8582 18.206 19.1634 17.3423 20.2218 15.9858 15.9107 14.7631 14.5108 14.3586 14.0719 13.8468 13.0866 12.6763
threshold=1518.5000000000002 1722.5000000000002 1645.5000000000002 956.5350000000002 -0.063999999999999987 1.2670326553953093 150.70000000000002 161.50000000000003 1829.5000000000002 1319.5000000000002 553.50000000000011 0 0.12950000000000003 0.54631217838765023 1858.5000000000002 1646.5000000000002 0.35758377425044097 66.500000000000014 1 0.28966437833714725
decision_type=2 2 2 2 2 2 2 2 2 2 2 1 2 2 2 2 2 2 1 2
left_child=2 3 6 4 -2 14 7 8 12 10 -8 15 -1 -13 17 -6 -4 -3 -14 -16
right_child=1 5 16 -5 11 -7 9 -9 -10 -11 -12 13 18 -15 19 -17 -18 -19 -20 -21
leaf_value=-0.11634285850422942 0.39999794988217308 -0.046788097114514024 -0.38826956232418219 0.60121001631707205 -0.08292104052254394 0.24950743615989626 -0.46578953671587814 -0.12534567870798613 0.40127705462883462 0.0010734681899387121 -0.063895884201727385 0.20628966219383293 0.20340251275129201 -0.044311348599692213 -0.018049992285704992 0.1172959241642649 0.081221585864375362 -0.29854063456579583 0.024062812977062403 0.24349812842318458
leaf_weight=283 183 261 527 109 437 100 267 244 100 775 351 1167 260 136 142 617 107 251 311 99
leaf_count=283 183 261 527 109 437 100 267 244 100 775 351 1167 260 136 142 617 107 251 311 99
internal_value=0.00107386 0.00591657 -0.00418476 0.0091113 0.00802513 -0.0040045 -0.00131835 0.00355245 0.00704385 -0.00550742 -0.0125046 0.00667621 0.00432768 0.0107904 -0.00691612 0.00147353 -0.0158988 -0.0122497 0.00970899 0.00441426
internal_weight=6727 3502 3225 2649 2540 853 2591 1198 954 1393 618 2357 854 1303 753 1054 634 512 571 241
internal_count=6727 3502 3225 2649 2540 853 2591 1198 954 1393 618 2357 854 1303 753 1054 634 512 571 241
cat_boundaries=0 1 2
cat_threshold=525 1165
is_linear=0
shrinkage=0.056


Tree=34
num_leaves=21
num_cat=0
split_feature=137 319 209 254 314 269 40 53 235 178 306 280 137 209 316 87 202 302 192 190
split_gain=30.8566 28.7617 22.4202 24.2023 18.8872 15.8045 16.2574 17.3819 14.8141 14.5658 14.3001 15.0417 13.4563 21.5186 16.5499 13.2519 11.8847 11.6772 11.574 22.1685
threshold=885.32000000000005 0.22450000000000003 0.48610038610038614 0.33850148264799079 45.250000000000007 176.50000000000003 18.500000000000004 11.500000000000002 0.35834976063080826 0.39415279556124633 0.84500000000000008 0.43364779874213844 616.28500000000008 0.39559108527131787 58.150000000000013 56.500000000000007 74.500000000000014 32.550000000000004 1.9660345494503595 0.28730158730158734
decision_type=2 2 2 2 2 2 2 2 2 2 2 2 2 2 2 2 2 2 2 2
left_child=1 -1 3 4 5 6 7 -3 10 -2 -4 -12 16 14 -14 -9 -6 -16 19 -5
right_child=9 2 8 18 12 -7 -8 15 -10 -11 11 -13 13 -15 17 -17 -18 -19 -20 -21
leaf_value=0.16885057533323283 0.077195637534127629 0.056302096022453098 -0.33741116541275484 0.0082441704850702742 -0.031955767675632671 0.54982528939948916 0.34952510076124804 -0.33846119477466363 0.03189721220445093 0.32825144500218123 -0.15689127665271965 0.12775640996197055 0.10322615851987334 0.22122913447834497 0.018625835983364241 -0.037069299081553514 -0.31024765407407168 -0.24320520703302076 -0.0080988812819521548 -0.44388524966343718
leaf_weight=481 225 1584 524 110 854 118 188 106 320 260 252 112 348 204 103 188 212 129 222 187
leaf_count=481 225 1584 524 110 854 118 188 106 320 260 252 112 348 204 103 188 212 129 222 187
internal_value=0.00105721 0 -0.00109839 0.000701041 0.00216555 0.00569223 0.00455365 0.00298181 -0.00788066 0.0146636 -0.0116034 -0.00307648 -0.00199775 0.00357122 -0.00193076 -0.00952325 -0.00609365 -0.0135165 -0.0106818 -0.0179119
internal_weight=6727 6242 5761 4553 4034 2184 2066 1878 1208 485 888 364 1850 784 580 294 1066 232 519 297
internal_count=6727 6242 5761 4553 4034 2184 2066 1878 1208 485 888 364 1850 784 580 294 1066 232 519 297
is_linear=0
shrinkage=0.056


Tree=35
num_leaves=21
num_cat=2
split_feature=4 5 5 4 5 240 324 297 252 4 3 157 23 250 312 241 2 313 58 220
split_gain=49.8385 37.4929 26.336 19.2644 20.8409 17.8285 16.6371 15.9188 18.1716 15.8779 16.1 14.4787 14.0037 13.7067 13.566 12.4128 12.5765 11.4982 16.853 11.0122
threshold=1601.5000000000002 1593.5000000000002 1817.5000000000002 1315.5000000000002 1071.5000000000002 0.55086206896551737 0.96250000000000002 0.12793235133660666 35.500000000000007 1782.5000000000002 0 1.5810017827301819 6.5000000000000009 4.7504023204916228 0.84250000000000014 17.577263168819531 1 156.15000000000003 553.50000000000011 8.4780576372006244
decision_type=2 2 2 2 2 2 2 2 2 2 1 2 2 2 2 2 1 2 2 2
left_child=1 3 5 17 -5 6 9 8 -3 10 -2 12 -4 15 -12 16 -9 -1 -19 -11
right_child=2 7 11 4 -6 -7 -8 13 -10 19 14 -13 -14 -15 -16 -17 -18 18 -20 -21
leaf_value=0.012764552111449409 0.28628782237387668 -0.16452311013202964 -0.003419701123856349 0.45501728226549137 0.026036521683180009 -0.039371295029660504 -0.083187322491999213 -0.30875690304369852 0.10085325487113976 0.41272812631214784 -0.013497166066789877 0.045460952160424124 -0.22265697245965976 -0.44726995278239107 0.21442208262273402 -0.36192658697759239 0.077265573353888117 -0.43883908420745721 -0.042943846058282623 0.05619244657170093
leaf_weight=494 597 293 161 105 1808 217 107 110 131 464 490 166 126 390 107 104 164 226 311 156
leaf_count=494 597 293 161 105 1808 217 107 110 131 464 490 166 126 390 107 104 164 226 311 156
internal_value=0.00110716 -0.00270789 0.00719716 0.000684728 0.00401037 0.00979599 0.0115147 -0.0110871 -0.00237698 0.0127805 0.00900489 -0.00506807 -0.0126823 -0.0158956 0.00230616 -0.00829586 -0.00204321 -0.00548578 -0.011158 0.0200513
internal_weight=6727 4136 2591 2944 1913 2138 1921 1192 424 1814 1194 453 287 768 597 378 274 1031 537 620
internal_count=6727 4136 2591 2944 1913 2138 1921 1192 424 1814 1194 453 287 768 597 378 274 1031 537 620
cat_boundaries=0 1 2
cat_threshold=1490 154
is_linear=0
shrinkage=0.056


Tree=36
num_leaves=21
num_cat=1
split_feature=4 5 5 5 4 73 151 321 323 98 161 144 206 235 150 4 266 321 3 162
split_gain=40.458 28.4827 22.7059 21.1607 18.1778 15.9879 15.1722 15.5737 14.2914 13.9525 13.6804 13.3706 12.6315 15.5102 15.3402 11.8821 12.6625 12.0655 12.0902 10.9017
threshold=1601.5000000000002 1080.5000000000002 1400.5000000000002 1593.5000000000002 1315.5000000000002 163.50000000000003 2.8539126016260163 0.80350000000000021 0.37650000000000006 286.50000000000006 10.076595536965234 1.8665000000000003 1.1087767941874238 0.36410984848484856 149.50000000000003 1233.5000000000002 0.12250000000000001 0.5485000000000001 0 64.500000000000014
decision_type=2 2 2 2 2 2 2 2 2 2 2 2 2 2 2 2 2 2 1 2
left_child=1 -1 10 4 -3 8 7 12 -6 -7 19 -10 13 14 -4 -5 17 -17 -19 -2
right_child=2 3 6 15 5 9 -8 -9 11 -11 -12 -13 -14 -15 -16 16 -18 18 -20 -21
leaf_value=0.30013574269147558 0.39674429817785639 -0.11671056334407771 0.016373197903656361 -0.53597231119774935 0.16776841756942959 -0.22194601539472325 0.27025570432093959 -0.090956927499590293 -0.005400626872109353 0.00029437042155863979 0.55499115621377659 0.25266894202148743 0.1937663822885006 0.37150187537350216 -0.2934553492611584 0.049909433685759209 -0.32770838717999756 -0.31651003992405635 -0.083473769663235012 -0.0051909818548461998
leaf_weight=211 199 923 895 134 332 130 185 373 1021 214 262 112 255 133 117 307 287 119 308 161
leaf_count=211 199 923 895 134 332 130 185 373 1021 214 262 112 255 133 117 307 287 119 308 161
internal_value=0.000670835 -0.00278766 0.00616428 -0.00387544 -0.00118881 0.00207398 0.00320319 0.00161074 0.00462514 -0.00879022 0.0154853 0.00163093 0.00431988 0.00180947 -0.000553201 -0.0102302 -0.00817222 -0.00427226 -0.0103603 0.00839954
internal_weight=6678 4098 2580 3887 2732 1809 1958 1773 1465 344 622 1133 1400 1145 1012 1155 1021 734 427 360
internal_count=6678 4098 2580 3887 2732 1809 1958 1773 1465 344 622 1133 1400 1145 1012 1155 1021 734 427 360
cat_boundaries=0 1
cat_threshold=1160
is_linear=0
shrinkage=0.056


Tree=37
num_leaves=21
num_cat=2
split_feature=4 0 4 138 122 73 324 133 287 28 275 2 177 123 226 6 57 303 123 286
split_gain=37.4892 22.2592 25.8557 26.0325 19.4296 17.4009 16.5768 16.4606 15.0287 14.7298 14.256 13.4612 14.4534 13.4391 12.8347 13.5912 13.9132 12.5006 11.9192 10.6814
threshold=1315.5000000000002 1.0000000180025095e-35 1823.5000000000002 501.32500000000005 1452.5000000000002 201.50000000000003 0.94450000000000001 2.5000000000000004 -0.17218728734755848 435.50000000000006 0.22048611111111113 0 0.23582887700534763 1865.5000000000002 0.075500000000000012 1 11.500000000000002 96.350000000000009 1363.5000000000002 0.88198449093232789
decision_type=2 2 2 2 2 2 2 2 2 2 2 1 2 2 2 9 2 2 2 2
left_child=7 2 3 4 8 -6 13 10 -2 -9 -1 12 19 14 15 -5 -17 -4 -11 -10
right_child=1 -3 17 6 5 -7 -8 9 11 18 -12 -13 -14 -15 -16 16 -18 -19 -20 -21
leaf_value=-0.078698901754163414 -0.14649257758928536 -0.086047854033332802 0.023099926181356808 -0.1475103342940296 -0.34126711823715372 0.056109295357590148 -0.22903726534950672 0.022828779782817006 0.048244945990078399 -0.54977941102200745 -0.37212254769735181 0.34695432260739972 -0.11329388036862542 0.2056970605930582 0.09592697766663337 0.033903434069139426 -0.14510152617621336 0.31133283355496971 -0.038607598414600569 0.30446155246875389
leaf_weight=196 104 540 171 604 125 127 213 541 306 117 258 497 140 98 460 1033 250 453 168 277
leaf_count=196 104 540 171 604 125 127 213 541 306 117 258 497 140 98 460 1033 250 453 168 277
internal_value=0.000654064 0.00269727 0.00389622 0.00232778 0.00803035 -0.00622157 -0.00105336 -0.00796237 0.0107431 -0.00325404 -0.0165283 0.0124851 0.00725762 0.000251877 -0.000596438 -0.00264114 0.000649527 0.0145382 -0.0135573 0.0112381
internal_weight=6678 5398 4858 4234 1576 252 2658 1280 1324 826 454 1220 723 2445 2347 1887 1283 624 285 583
internal_count=6678 5398 4858 4234 1576 252 2658 1280 1324 826 454 1220 723 2445 2347 1887 1283 624 285 583
cat_boundaries=0 1 2
cat_threshold=1618 497
is_linear=0
shrinkage=0.056


Tree=38
num_leaves=21
num_cat=2
split_feature=4 5 5 4 242 324 163 3 5 139 2 308 69 311 148 308 13 98 173 228
split_gain=33.078 33.5334 18.482 16.7302 15.4976 14.8877 16.8958 18.0175 14.5023 14.2759 13.0286 16.4692 13.7207 12.2603 12.0694 11.8263 12.976 11.8085 11.2157 11.2662
threshold=1319.5000000000002 1191.5000000000002 1663.5000000000002 2007.5000000000002 88.500000000000014 0.82250000000000012 3.3484848484848491 0 1613.5000000000002 -218.67000000000002 1 0.70050000000000001 14.500000000000002 0.31400000000000006 0.14350000000000002 1.0390000000000004 18.500000000000004 142.50000000000003 1.2635255103931053 0.080500000000000016
decision_type=2 2 2 2 2 2 2 1 2 2 1 2 2 2 2 2 2 2 2 2
left_child=8 14 3 4 5 10 7 -7 -1 17 11 12 -3 -11 -2 16 18 -4 19 -15
right_child=1 2 9 -5 -6 6 -8 -9 -10 13 -12 -13 -14 15 -16 -17 -18 -19 -20 -21
leaf_value=-0.061462198942080513 0.59555617274553418 0.068592518161051663 -0.41517733173195592 0.47501414640569323 0.41457545905434079 0.080891802325862933 0.044476936913181664 -0.28865136503681577 -0.47564038401389214 -0.30008634400345419 -0.013693693038706474 0.22224967583086255 -0.077458772508087345 -0.05279601395780964 0.11966630938929954 -0.23650911808503169 -0.1590221633066061 -0.024173026453968013 0.29389819487589147 0.085247843260094144
leaf_weight=1079 258 694 106 98 123 123 364 280 234 142 944 573 194 420 160 101 106 101 113 465
leaf_count=1079 258 694 106 98 123 123 364 280 234 142 944 573 194 420 160 101 106 101 113 465
internal_value=0.000503121 0.00245291 0.00116593 0.00348242 0.0028042 0.00204787 -0.00474555 -0.0126447 -0.0074637 -0.00389179 0.00421449 0.00749955 0.00277459 -0.00178756 0.0176838 4.63396e-05 0.00172449 -0.0175837 0.00370324 0.00158174
internal_weight=6678 5365 4947 3393 3295 3172 767 403 1313 1554 2405 1461 888 1347 418 1205 1104 207 998 885
internal_count=6678 5365 4947 3393 3295 3172 767 403 1313 1554 2405 1461 888 1347 418 1205 1104 207 998 885
cat_boundaries=0 1 2
cat_threshold=448 813
is_linear=0
shrinkage=0.056


Tree=39
num_leaves=21
num_cat=1
split_feature=5 50 53 6 319 177 5 137 324 284 56 36 262 57 86 319 238 304 284 5
split_gain=27.5803 18.9897 21.4033 18.4225 17.6426 15.71 15.871 17.9484 14.242 14.1019 14.0853 13.3025 15.1482 12.5988 19.3154 12.8719 12.8507 13.1139 11.7877 11.6652
threshold=1400.5000000000002 105.50000000000001 9.5000000000000018 0 0.22450000000000003 0.26209992193598758 1957.5000000000002 898.94500000000005 0.65450000000000019 0.65476190476190488 13.500000000000002 117.50000000000001 1.1393725250588911 14.500000000000002 75.500000000000014 0.79250000000000009 0.60752961335609779 98.300000000000026 0.55777777777777793 1295.5000000000002
decision_type=2 2 2 9 2 2 2 2 2 2 2 2 2 2 2 2 2 2 2 2
left_child=1 2 3 -1 18 6 7 13 -5 19 -7 -4 -13 14 16 -16 17 -6 -2 -10
right_child=4 -3 11 8 5 10 -8 -9 9 -11 -12 12 -14 -15 15 -17 -18 -19 -20 -21
leaf_value=0.5371669293070841 -0.0040513001149974177 0.25039364771464939 -0.31399607817899722 0.105374400209705 -0.023117330447393024 -0.25492128882080389 -0.3519558578180812 0.25931693579119885 -0.011691720137803622 0.079990083121572131 0.022026266944473565 0.27062996207474188 -0.15681015145210983 -0.23046984931771891 0.16095984905896987 -0.15148871178086168 -0.18939964743473042 0.19840206190206014 0.25369118468314594 -0.35426731938393113
leaf_weight=203 140 461 115 640 1615 434 262 227 144 257 121 99 160 463 526 118 248 160 159 126
leaf_count=203 140 461 115 640 1615 434 262 227 144 257 121 99 160 463 526 118 248 160 159 126
internal_value=0.000436035 0.00556183 0.00288982 0.00613127 -0.00209073 -0.00303206 -0.00168661 -0.000650533 0.00328278 -0.00350633 -0.0118051 -0.00898351 -0.00194532 -0.0017533 -0.000272906 0.00817366 -0.00296186 -0.00129343 0.0110496 -0.0124438
internal_weight=6678 2205 1744 1370 4473 4174 3619 3357 1167 527 555 374 259 3130 2667 644 2023 1775 299 270
internal_count=6678 2205 1744 1370 4473 4174 3619 3357 1167 527 555 374 259 3130 2667 644 2023 1775 299 270
cat_boundaries=0 1
cat_threshold=268
is_linear=0
shrinkage=0.056


Tree=40
num_leaves=21
num_cat=1
split_feature=139 319 302 155 4 319 137 120 56 4 0 319 315 23 15 3 287 280 312 86
split_gain=32.8214 20.0636 20.2298 21.1054 19.6894 20.5414 20.8686 15.0928 14.5137 14.0513 28.0767 13.9285 12.8047 12.7779 12.5161 12.3451 14.2462 12.4197 12.9395 12.0166
threshold=-57.654999999999994 0.22450000000000003 22.250000000000004 0.40651483050847464 1487.5000000000002 0.75950000000000017 344.35000000000008 7.5000000000000009 11.500000000000002 2018.5000000000002 1.0000000180025095e-35 0.70450000000000002 131.70000000000002 35.500000000000007 7.5000000000000009 0 -0.20998929642864081 0.38935969868173265 0.53050000000000008 36.500000000000007
decision_type=2 2 2 2 2 2 2 2 2 2 2 2 2 2 2 1 2 2 2 2
left_child=4 19 7 9 5 6 -1 11 13 10 15 -3 -6 -8 -9 17 -17 18 -4 -2
right_child=1 2 3 -5 12 -7 8 14 -10 -11 -12 -13 -14 -15 -16 16 -18 -19 -20 -21
leaf_value=0.094741477427824336 0.32282825994499315 0.089114413064449213 -0.1869452356672362 -0.20789711065098032 0.051912760865364942 -0.45173659049509945 -0.14168676618794557 -0.14499532337139767 0.024643555124739324 0.36410374983898419 -0.16017938955979455 -0.071521804949895601 -0.097264033975309291 -0.46043210865278089 0.089575589656062785 -0.19420789861793375 0.16279361426266262 0.16934218770701465 0.0055590668310173683 0.050399958523435491
leaf_weight=197 233 574 129 184 666 210 253 607 142 141 186 279 346 172 128 113 1446 260 260 174
leaf_count=197 233 574 129 184 666 210 253 607 142 141 186 279 346 172 128 113 1446 260 260 174
internal_value=0.000568334 0.0031124 0.00198928 0.00492234 -0.00547021 -0.0111538 -0.00688984 -0.00303264 -0.0123454 0.00625161 0.0052397 0.00203498 0 -0.0175243 -0.00891406 0.00699993 0.0096723 0.000424642 -0.00590189 0.0149971
internal_weight=6700 4714 4307 2719 1986 974 764 1588 567 2535 2394 853 1012 425 735 2208 1559 649 389 407
internal_count=6700 4714 4307 2719 1986 974 764 1588 567 2535 2394 853 1012 425 735 2208 1559 649 389 407
cat_boundaries=0 1
cat_threshold=553
is_linear=0
shrinkage=0.056


Tree=41
num_leaves=21
num_cat=1
split_feature=4 5 319 72 4 66 5 5 84 321 173 162 233 126 242 176 78 147 155 227
split_gain=31.9189 27.6523 22.4895 19.7481 23.8807 18.567 16.6713 15.5755 14.6924 12.8674 11.465 11.4039 12.0061 10.9124 10.7674 10.709 12.9484 10.6866 10.6773 10.5252
threshold=1233.5000000000002 1146.5000000000002 0.22450000000000003 0 1832.5000000000002 2.5000000000000004 1408.5000000000002 1725.5000000000002 1.0000000180025095e-35 0.71050000000000002 1.0793019440755292 69.500000000000014 1.6618259923194165 28.500000000000004 62.500000000000007 0.43263412666397744 11.500000000000002 0.098500000000000018 0.31281565656565663 0.065500000000000017
decision_type=2 2 2 9 2 2 2 2 2 2 2 2 2 2 2 2 2 2 2 2
left_child=6 17 8 5 7 -4 9 18 13 -1 -8 14 -13 -3 -9 -6 -17 -2 -5 -20
right_child=1 2 3 4 15 -7 10 11 -10 -11 -12 12 -14 -15 -16 16 -18 -19 19 -21
leaf_value=0.046774625090373806 0.44698652497404673 0.12461419208515831 0.38244018850792943 0.013816910332155206 0.0037858217808555638 0.05383165298053029 -0.24674572662034525 -0.18763791328001936 -0.013086951404823265 -0.26050729627015456 -0.54364065587184418 -0.042326183108448635 -0.40638068154402968 0.32966372038877778 0.02453440283485557 0.1243102184850121 0.36359076086262465 0.045024099254633541 -0.17633371046195859 -0.012600416897785939
leaf_weight=284 227 115 127 1952 290 470 256 238 128 134 111 106 173 153 269 224 158 125 456 704
leaf_count=284 227 115 127 1952 290 470 256 238 128 134 111 106 173 153 269 224 158 125 456 704
internal_value=0.000551618 0.00195974 0.000996556 1.08069e-05 -0.00124713 0.0095022 -0.0100584 -0.00293069 0.0138582 -0.0024111 -0.0187679 -0.00997434 -0.0190675 0.0213128 -0.00497009 0.00849975 0.0146592 0.0171813 -0.00115162 -0.00540676
internal_weight=6700 5915 5563 5167 4570 597 785 3898 396 418 367 786 279 268 507 672 382 352 3112 1160
internal_count=6700 5915 5563 5167 4570 597 785 3898 396 418 367 786 279 268 507 672 382 352 3112 1160
cat_boundaries=0 1
cat_threshold=144
is_linear=0
shrinkage=0.056


Tree=42
num_leaves=21
num_cat=1
split_feature=139 302 319 167 144 299 319 101 123 249 321 225 123 248 200 138 311 23 72 318
split_gain=27.841 20.1384 19.2188 16.3558 18.5033 16.2527 13.1074 15.3859 14.176 12.3778 12.2398 12.9188 11.2097 11.19 11.2095 11.6034 11.1074 10.7465 11.7132 10.4053
threshold=-49.124999999999993 22.250000000000004 0.69550000000000012 0.0696067577499596 1.3705000000000003 6.5000000000000009 0.36850000000000005 82.500000000000014 1073.5000000000002 0.48507130124777192 0.28850000000000003 74.550000000000011 1669.5000000000002 0.38501602564102572 0.34428879310344834 458.09000000000003 0.8660000000000001 153.50000000000003 0 1.0015000000000003
decision_type=2 2 2 2 2 2 2 2 2 2 2 2 2 2 2 2 2 2 9 2
left_child=2 6 12 -4 -5 10 7 -2 -9 13 -3 19 16 -7 -15 -16 -1 18 -8 -12
right_child=1 5 3 4 -6 9 17 8 -10 -11 11 -13 -14 14 15 -17 -18 -19 -20 -21
leaf_value=-0.037090272210552187 0.22005934511693204 0.1553891593113905 -0.30604631501071239 -0.23992939297307603 0.1551612041652066 0.012665868574082435 0.077560122210667215 -0.19950828226425735 0.068713906180211531 0.0036969277846702706 0.014443364150146286 -0.14309228176626518 0.16428872411038514 0.382035064914172 0.2638125338023326 0.0445635257267777 0.10349212288719191 -0.21183141831511026 -0.081710536203924711 0.25726244948580052
leaf_weight=1252 208 228 385 157 133 142 373 98 143 238 1316 168 119 252 139 189 102 102 785 171
leaf_count=1252 208 228 385 157 133 142 373 98 143 238 1316 168 119 252 139 189 102 102 785 171
internal_value=0.000718782 0.00319856 -0.00453624 -0.0123612 -0.00231668 0.00608647 -0.00160552 0.00660988 -0.00302007 0.0120165 0.00306311 0.00138721 -0.000950332 0.0156674 0.0191169 0.0122922 -0.0023987 -0.0045332 -0.00299813 0.00305033
internal_weight=6700 4552 2148 675 290 2843 1709 449 241 960 1883 1655 1473 722 580 328 1354 1260 1158 1487
internal_count=6700 4552 2148 675 290 2843 1709 449 241 960 1883 1655 1473 722 580 328 1354 1260 1158 1487
cat_boundaries=0 1
cat_threshold=720
is_linear=0
shrinkage=0.056


Tree=43
num_leaves=21
num_cat=0
split_feature=4 5 139 321 4 0 33 297 320 274 176 206 249 313 147 5 312 121 315 274
split_gain=25.5844 21.7129 20.3482 15.9333 18.9794 16.1174 16.6251 16.3464 15.9557 15.3304 21.9198 14.5281 13.7838 13.3661 12.1042 11.4357 11.1973 11.0446 10.7354 10.6063
threshold=1358.5000000000002 1154.5000000000002 -236.17499999999998 0.92200000000000015 2084.5000000000005 1.0000000180025095e-35 399.50000000000006 0.31072796934865904 0.42650000000000005 0.32742946708463955 0.40862708719851587 0.63536249810661272 0.47413024085637828 234.05000000000004 0.074500000000000011 1563.5000000000002 0.94950000000000012 14.500000000000002 38.750000000000007 0.26344707923655297
decision_type=2 2 2 2 2 2 2 2 2 2 2 2 2 2 2 2 2 2 2 2
left_child=9 14 -3 4 5 6 7 8 -4 10 13 -11 17 -1 -2 -13 18 19 -8 -12
right_child=1 2 3 -5 -6 -7 16 -9 -10 11 12 15 -14 -15 -16 -17 -18 -19 -20 -21
leaf_value=-0.016918665011881898 0.47785363988276963 -0.13771397736903332 0.30375830517028035 -0.16784204315452841 0.36783723274999924 -0.065984659393352449 0.19189710751043657 -0.13508011101574724 0.073415378204033654 0.065658611941392567 0.13644134028328933 -0.11217585394048961 -0.21710054754088542 -0.31664570244843404 0.13397316783662766 -0.54719734802176789 0.17119875992716271 0.14891395053148626 -0.0059385867621712446 -0.097277324245042388
leaf_weight=369 133 281 361 200 104 426 248 98 734 106 141 328 105 145 155 179 221 99 2153 114
leaf_count=369 133 281 361 200 104 426 248 98 734 106 141 328 105 145 155 179 221 99 2153 114
internal_value=0.0006352 0.00256235 0.00167092 0.0025751 0.0032865 0.00270687 0.00386051 0.00934102 0.0113021 -0.00557871 -0.00120847 -0.0125152 0.00768592 -0.00915143 0.0174994 -0.0164573 0.00136683 0.0129713 0.000256493 0.0068072
internal_weight=6700 5114 4826 4545 4345 4241 3815 1193 1095 1586 973 613 459 514 288 507 2622 354 2401 255
internal_count=6700 5114 4826 4545 4345 4241 3815 1193 1095 1586 973 613 459 514 288 507 2622 354 2401 255
is_linear=0
shrinkage=0.056


Tree=44
num_leaves=21
num_cat=3
split_feature=5 5 138 324 3 139 3 71 240 202 2 189 225 216 167 230 104 301 317 183
split_gain=38.3921 23.6978 20.2068 18.1852 16.9622 15.0924 20.8205 14.2002 16.5573 15.6833 13.8358 14.6472 12.8483 12.3419 13.5724 12.2171 11.8995 11.2361 11.9964 10.9409
threshold=1146.5000000000002 1948.5000000000002 244.83500000000001 0.77250000000000008 0 144.47500000000002 1 60.500000000000007 0.53529900332225921 64.500000000000014 2 111.50000000000001 76.050000000000011 0.42607771706132364 0.16685717266034039 141.50000000000003 11.500000000000002 303.65000000000003 0.46550000000000008 -1.3584999999999998
decision_type=2 2 2 2 1 2 1 2 2 2 1 2 2 2 2 2 2 2 2 2
left_child=16 2 -2 5 -5 7 -7 8 10 -9 -4 -12 13 14 -6 -10 19 18 -8 -1
right_child=1 -3 3 4 12 6 17 9 15 -11 11 -13 -14 -15 -16 -17 -18 -19 -20 -21
leaf_value=0.15106405533734898 -0.28693710620664253 -0.24922567491743355 0.21751910037848196 0.014402177849349442 -0.096202509938569228 0.39327384870739973 0.22342123460316382 0.064568581366853353 -0.18417269907095804 -0.38076969448099657 0.044022548445913474 -0.068451758817486233 -0.27800102040580715 -0.17485618582782433 0.26503154983864924 0.087013132235644358 -0.0042832938366034199 0.29120119073991552 -0.10359952707740512 0.49824317062290063
leaf_weight=149 178 326 474 737 328 347 108 117 273 188 1483 601 110 426 106 119 113 112 202 215
leaf_count=149 178 326 474 737 328 347 108 117 273 188 1483 601 110 426 106 119 113 112 202 215
internal_value=6.67222e-05 -0.00110471 -0.000293762 0.000283343 -0.00455995 0.00233793 0.0093938 0.000670918 0.00186028 -0.0108322 0.00350267 0.00149754 -0.00937126 -0.0071626 -0.000515758 -0.00885672 0.0153791 0.000777405 -0.00469625 0.0203072
internal_weight=6712 6235 5909 5731 1707 4024 769 3255 2950 305 2558 2084 970 860 434 392 477 422 310 364
internal_count=6712 6235 5909 5731 1707 4024 769 3255 2950 305 2558 2084 970 860 434 392 477 422 310 364
cat_boundaries=0 1 2 3
cat_threshold=147 1112 260
is_linear=0
shrinkage=0.056


Tree=45
num_leaves=21
num_cat=2
split_feature=5 4 137 238 133 289 3 283 203 120 187 148 3 311 319 282 218 186 23 279
split_gain=33.4354 28.0053 19.0496 20.0225 16.6146 15.7559 16.7508 14.4754 14.6146 14.0183 12.7146 16.617 14.0317 12.1611 13.3959 15.1946 11.6771 11.6298 11.3852 14.4751
threshold=1146.5000000000002 1319.5000000000002 956.5350000000002 0.61507289679065213 2.5000000000000004 0.35214626391096987 0 4.4772727272727275 2.8090909090909095 23.500000000000004 0.26050000000000006 0.17950000000000002 1 0.72750000000000015 0.40950000000000003 77.500000000000014 0.37756813417190782 0.12950000000000003 36.500000000000007 0.44274004683840756
decision_type=2 2 2 2 2 2 1 2 2 2 2 2 1 2 2 2 2 2 2 2
left_child=-1 4 3 5 -2 9 7 -7 -9 10 11 12 -3 14 -8 -16 17 -5 -6 -20
right_child=1 2 -4 16 18 6 13 8 -10 -11 -12 -13 -14 -15 15 -17 -18 -19 19 -21
leaf_value=0.26927890811737254 -0.25990166549658561 -0.079185901679747123 0.30356520533253684 -0.27628403842811439 0.097774912579631834 0.22997304910684319 0.076133926082884662 -0.12660610365862615 0.13013831818167604 -0.27027623207211504 0.2842607080118017 -0.22266847552133429 0.048145111514903513 0.14746550615752316 -0.092510328711013279 0.10696353032580387 -0.041159987571272295 -0.020225298153310988 0.013896203732914386 -0.29286019253618434
leaf_weight=477 409 590 185 148 193 485 335 98 127 100 106 313 1045 356 593 186 339 99 262 266
leaf_count=477 409 590 185 148 193 485 335 98 127 100 106 313 1045 356 593 186 339 99 262 266
internal_value=0.000150155 -0.000943037 0.000822691 0.000159317 -0.00892021 0.00147297 0.00482928 0.011822 0.000248174 -0.00192379 -0.000926893 -0.00195474 0.000308158 0.00136205 -0.00150793 -0.00553509 -0.00955603 -0.0188171 -0.0038056 -0.00806029
internal_weight=6712 6235 5105 4920 1130 4334 2180 710 225 2154 2054 1948 1635 1470 1114 779 586 247 721 528
internal_count=6712 6235 5105 4920 1130 4334 2180 710 225 2154 2054 1948 1635 1470 1114 779 586 247 721 528
cat_boundaries=0 1 2
cat_threshold=1170 554
is_linear=0
shrinkage=0.056


Tree=46
num_leaves=21
num_cat=1
split_feature=4 240 4 160 3 321 221 306 182 193 22 55 164 173 175 308 114 311 193 269
split_gain=23.2213 16.29 15.2271 15.9817 15.7408 14.8634 13.6312 13.5909 14.2543 14.171 13.322 15.4954 13.1064 15.2637 12.5929 17.4795 16.9551 12.5509 15.1034 13.6399
threshold=1865.5000000000002 0.54226190476190483 1358.5000000000002 0.45972972972972981 0 0.82850000000000013 2017.5000000000002 0.11250000000000002 1.3008336455107072 -0.021544071936495841 46.500000000000007 398.50000000000006 0.89444444444444449 1.1139115697898578 0.70162346163917266 0.53650000000000009 98.500000000000014 0.64550000000000007 0.15295544930065066 132.50000000000003
decision_type=2 2 2 2 1 2 2 2 2 2 2 2 2 2 2 2 2 2 2 2
left_child=1 2 10 4 7 17 -5 8 -4 -9 -1 -12 13 -2 15 -8 -16 19 -19 -6
right_child=12 -3 3 6 5 -7 14 9 -10 -11 11 -13 -14 -15 16 -17 -18 18 -20 -21
leaf_value=-0.11653094897211637 0.1125451919189959 -0.11162559195227575 0.0021029471274251785 0.19122061623385492 -0.12007676947012597 -0.17411333906055729 0.45315779273722417 -0.14176261903769186 -0.25345497102439202 0.1173110054528328 0.083067922264414368 -0.23363064103216169 -0.067357582953429904 0.35226261346904991 0.065167335300876483 0.012098722018112934 -0.35825577858701396 -0.024645537296152951 0.37685133883055577 0.11758478725209416
leaf_weight=907 401 747 328 369 559 160 98 138 98 1087 384 107 131 117 375 118 114 247 126 101
leaf_count=907 401 747 328 369 559 160 98 138 98 1087 384 107 131 117 375 118 114 247 126 101
internal_value=0.000200214 -0.000877427 0.000210654 0.00200098 -0.000196849 -0.00507385 0.00782108 0.00333765 -0.00525783 0.00635415 -0.00480675 0.00262289 0.0102678 0.0142699 0.00325651 0.0145177 -0.00171746 -0.00265618 0.00555452 -0.00729672
internal_weight=6712 6063 5316 3918 2844 1193 1074 1651 426 1225 1398 491 649 518 705 216 489 1033 373 660
internal_count=6712 6063 5316 3918 2844 1193 1074 1651 426 1225 1398 491 649 518 705 216 489 1033 373 660
cat_boundaries=0 1
cat_threshold=1237
is_linear=0
shrinkage=0.056


Tree=47
num_leaves=21
num_cat=1
split_feature=5 207 5 138 319 310 324 105 55 175 236 183 256 95 109 308 173 2 183 138
split_gain=29.1847 16.4223 18.02 14.3354 14.3533 16.0913 13.1862 14.6502 23.1145 14.3777 19.9568 16.196 14.852 13.9982 12.2407 11.9303 11.9185 10.8392 10.0209 11.3779
threshold=1146.5000000000002 -0.32789523482656274 1948.5000000000002 265.94000000000005 0.22450000000000003 0.91550000000000009 0.77250000000000008 16.500000000000004 361.50000000000006 0.69268849961919277 0.4491379310344828 -1.0144999999999997 0.43212530712530722 29.500000000000004 555.50000000000011 0.61150000000000004 1.2596629380018507 0 -1.2344999999999999 380.61000000000007
decision_type=2 2 2 2 2 2 2 2 2 2 2 2 2 2 2 2 2 1 2 2
left_child=18 -2 3 -3 5 17 7 8 15 11 12 16 -11 -10 -9 -6 -8 -5 -1 -20
right_child=1 2 -4 4 6 -7 9 14 13 10 -12 -13 -14 -15 -16 -17 -18 -19 19 -21
leaf_value=0.08902736436687303 0.27718666053562352 -0.22521227633359017 -0.25142292170589431 -0.12268366624251685 -0.026550464100725951 0.44520525551979878 -0.21272364733721619 0.016602803528845998 -0.37449737544304812 0.09260801522877278 0.19527861599099811 -0.031175778806944322 -0.094172937345553001 0.0027312874564928329 0.19258035164578816 0.066836719390406751 0.0081471442607908388 0.16108844374917891 0.49463371036943621 0.23511865467494916
leaf_weight=247 174 208 315 128 1464 115 458 167 154 169 103 500 282 100 143 1484 105 166 111 119
leaf_count=247 174 208 315 128 1464 115 458 167 154 169 103 500 282 100 143 1484 105 166 111 119
internal_value=0.000150155 -0.000871185 -0.00135817 -0.000643202 -0.000101091 0.0099947 -0.000906188 0.00102046 -0.000104884 -0.00509081 0.00222353 -0.00890295 -0.00285552 -0.0163143 0.0126446 0.00129167 -0.0154171 0.00304707 0.0135007 0.0219123
internal_weight=6712 6235 6061 5746 5538 409 5129 3512 3202 1617 554 1063 451 254 310 2948 563 294 477 230
internal_count=6712 6235 6061 5746 5538 409 5129 3512 3202 1617 554 1063 451 254 310 2948 563 294 477 230
cat_boundaries=0 1
cat_threshold=210
is_linear=0
shrinkage=0.056


Tree=48
num_leaves=21
num_cat=1
split_feature=4 254 3 4 293 207 317 56 178 169 50 71 197 314 137 184 109 156 235 133
split_gain=19.7487 20.0721 17.2709 18.3389 15.2589 14.9129 14.61 11.9829 14.0113 11.77 12.1443 14.1775 11.7479 11.5669 13.4275 13.272 12.7467 11.5249 15.574 12.1562
threshold=1315.5000000000002 0.30284589239698095 0 1823.5000000000002 0.82156449620084682 0.39768216283293051 0.15250000000000002 11.500000000000002 0.48591269841269846 0.48863049095607242 136.50000000000003 60.500000000000007 1.6019927259099342 30.750000000000004 491.13000000000005 69.550000000000011 349.50000000000006 0.35599078341013829 0.35834976063080826 2.5000000000000004
decision_type=2 2 1 2 2 2 2 2 2 2 2 2 2 2 2 2 2 2 2 2
left_child=5 2 3 13 -3 17 -4 8 -6 10 11 -8 -9 -2 16 -16 -15 18 19 -1
right_child=1 4 6 -5 7 -7 9 12 -10 -11 -12 -13 -14 14 15 -17 -18 -19 -20 -21
leaf_value=-0.28199684770430544 0.12863154152890016 -0.27340461874787336 0.44103405245162497 0.38251071849765972 -0.23042293312644671 -0.38139882167077765 -0.043087825023099845 -0.028292966608626138 0.098833543307616178 0.095728932964394955 0.1041751200526243 -0.2661511820506165 0.28851164255182649 -0.1150778794954791 0.12461487514100419 -0.022787888077601366 0.058210012644732884 -0.31655103260326317 0.11273527533742198 -0.0028121357382075445
leaf_weight=280 923 189 103 144 289 140 1482 127 118 584 341 106 101 251 252 215 165 193 219 455
leaf_count=280 923 189 103 144 289 140 1482 127 118 584 341 106 101 251 252 215 165 193 219 455
internal_value=-0.000511583 0.000976593 0.00242835 0.00639992 -0.00706776 -0.00674424 -0.000554394 -0.00290998 -0.0086679 -0.00140384 -0.00351262 -0.00557169 0.0073677 0.00489913 0.000316919 0.00683477 -0.0069996 -0.00463804 -0.00211304 -0.00601882
internal_weight=6677 5390 4566 1950 824 1287 2616 635 407 2513 1929 1588 228 1806 883 467 416 1147 954 735
internal_count=6677 5390 4566 1950 824 1287 2616 635 407 2513 1929 1588 228 1806 883 467 416 1147 954 735
cat_boundaries=0 1
cat_threshold=1488
is_linear=0
shrinkage=0.056


Tree=49
num_leaves=21
num_cat=1
split_feature=4 5 59 123 58 51 262 2 197 22 5 181 311 35 165 156 296 292 268 99
split_gain=17.6912 18.2302 15.3459 20.8979 13.7148 15.1128 13.5677 12.5965 17.4916 19.7003 16.0142 15.0623 13.3806 12.885 12.1526 13.1649 11.3 11.2871 11.0466 10.8509
threshold=1839.5000000000002 1858.5000000000002 1716.5000000000002 1756.5000000000002 1444.5000000000002 81.500000000000014 1.1116042914285531 0 1.5549651585834774 7.5000000000000009 1154.5000000000002 12.500000000000002 0.74150000000000016 143.50000000000003 0.43847582478890729 0.45584415584415588 0.50926243567753005 26.500000000000004 3.0095655487804884 214.50000000000003
decision_type=2 2 2 2 2 2 2 1 2 2 2 2 2 2 2 2 2 2 2 2
left_child=1 2 3 7 -4 -6 -3 8 13 -10 -9 -11 14 -1 15 -12 17 -2 -19 -15
right_child=16 6 4 -5 5 -7 -8 10 9 11 12 -13 -14 19 -16 -17 -18 18 -20 -21
leaf_value=-0.097974196361029664 0.15086472728629513 -0.39697326810388378 -0.29590548497216218 0.20858808064739703 0.11926778313541442 -0.29754243981559458 -0.031637886423979751 0.33650916723388608 -0.21848197052558771 0.087137354778284729 -0.014018368608563531 -0.28829663619162488 0.076854704229629228 0.29303302133831732 0.10755125932168173 -0.22466141768702647 0.3295818351395749 -0.11515666770461513 0.12490847257673951 -0.021006407254977159
leaf_weight=389 369 166 219 237 122 167 186 207 198 144 2433 111 771 131 166 180 141 119 100 121
leaf_count=389 369 166 219 237 122 167 186 207 198 144 2433 111 771 131 166 180 141 119 100 121
internal_value=-0.000629001 -0.00163817 -0.000860586 6.60061e-05 -0.0101414 -0.00213093 -0.0139995 -0.00072724 -0.00598536 -0.0144632 0.000817584 -0.00417191 -6.30533e-05 -8.71127e-05 -0.001874 -0.00280744 0.00760471 0.0041902 -0.00588053 0.00977712
internal_weight=6677 5948 5596 5088 508 289 352 4851 1094 453 3757 255 3550 641 2779 2613 729 588 219 252
internal_count=6677 5948 5596 5088 508 289 352 4851 1094 453 3757 255 3550 641 2779 2613 729 588 219 252
cat_boundaries=0 1
cat_threshold=50
is_linear=0
shrinkage=0.056


Tree=50
num_leaves=21
num_cat=1
split_feature=139 223 312 40 62 120 223 312 268 153 269 318 224 304 188 183 6 240 285 236
split_gain=18.127 21.0016 16.0532 16.3474 15.5363 15.4466 13.6791 18.4423 12.8506 15.2729 12.8058 12.3945 12.3248 12.1707 11.8405 16.9108 13.7205 15.073 12.3265 15.4747
threshold=273.19500000000011 0.96162730969393295 0.94450000000000001 18.500000000000004 158.50000000000003 3.5000000000000004 1.2312366282286999 0.40250000000000008 3.015301003344482 1.7250529051592582 169.50000000000003 0.72400000000000009 1.4365000000000003 59.750000000000007 3.2819347319347325 -0.89449999999999996 0 0.540762073548959 -0.019550722882273674 0.33712121212121215
decision_type=2 2 2 2 2 2 2 2 2 2 2 2 2 2 2 2 9 2 2 2
left_child=2 -2 3 4 10 -3 7 -5 9 13 14 -9 -8 -4 16 -16 17 -1 -18 -20
right_child=1 5 8 6 -6 -7 12 11 -10 -11 -12 -13 -14 -15 15 -17 18 -19 19 -21
leaf_value=0.043585287475146853 0.39548725352103725 0.36093516473658027 -0.0059750641440671224 0.38379377560290734 -0.31513574319800269 -0.072923795700365071 0.061478425528411325 0.21608160089181133 0.28236966159448884 -0.1071698688740471 0.091661324628719745 -0.10687332946166868 -0.18183694568641531 0.29054735185590341 -0.15951598299857936 0.18083272345624044 -0.17351742419498875 -0.11751708201755393 -0.059130428639722434 0.071869814266437335
leaf_weight=1213 210 127 100 98 115 231 159 118 175 150 239 114 106 102 901 117 330 197 1404 471
leaf_count=1213 210 127 100 98 115 231 159 118 175 150 239 114 106 102 901 117 330 197 1404 471
internal_value=-0.000696097 0.00887295 -0.00158583 -0.0024679 -0.00351471 0.000625248 0.00630561 0.0139146 0.0077568 0.00159045 -0.00303445 0.00530964 -0.0031692 0.0116427 -0.00368656 -0.00902145 -0.00218419 0.00212946 -0.00492995 -0.00319565
internal_weight=6677 568 6109 5582 4987 358 595 330 527 352 4872 232 265 202 4633 1018 3615 1410 2205 1875
internal_count=6677 568 6109 5582 4987 358 595 330 527 352 4872 232 265 202 4633 1018 3615 1410 2205 1875
cat_boundaries=0 1
cat_threshold=1223
is_linear=0
shrinkage=0.056


Tree=51
num_leaves=21
num_cat=2
split_feature=176 5 4 206 242 290 2 164 52 324 155 55 22 211 2 0 170 237 270 217
split_gain=17.2812 16.721 17.5421 14.3143 13.5735 12.6484 15.1739 12.5433 12.397 12.2603 13.8792 13.3539 13.5105 11.495 11.3477 10.1473 12.6147 14.607 10.9208 9.73567
threshold=0.61152570480928703 1725.5000000000002 1823.5000000000002 1.0804760848740533 69.500000000000014 15.659662923762841 0 0.73863636363636376 14.500000000000002 0.12950000000000003 0.31686991869918707 388.50000000000006 18.500000000000004 1.1443452380952384 1 1.0000000180025095e-35 9.3687801292216388 1.8633486837451774 0.63373983739837414 0.16247642991829042
decision_type=2 2 2 2 2 2 1 2 2 2 2 2 2 2 1 2 2 2 2 2
left_child=1 2 5 -2 7 9 -7 -4 14 -1 15 12 13 -12 19 16 17 -11 -18 -3
right_child=3 8 4 -5 -6 6 -8 -9 -10 10 11 -13 -14 -15 -16 -17 18 -19 -20 -21
leaf_value=0.1142730399844767 0.054323287999268166 0.069712467994272248 0.43768117033367354 0.23725931987590582 -0.01491157278297814 0.35508505159146031 -0.0029741328399205715 0.14516699105848552 0.068511318023885312 0.082391935033121283 -0.021809315133231665 -0.23639110691733317 0.0012419010084405446 -0.21494576939041046 -0.22188575727892312 -0.11086424846416555 0.046596460429828859 -0.068466433798098983 -0.14842748657007843 -0.17892888511892907
leaf_weight=210 239 152 168 137 151 122 193 119 210 1547 377 172 873 284 607 254 206 280 271 105
leaf_count=210 239 152 168 137 151 122 193 119 210 1547 377 172 873 284 607 254 206 280 271 105
internal_value=-0.000343843 -0.00103981 0.000267809 0.0113187 0.0109951 -0.000713268 0.0101328 0.0181457 -0.00740394 -0.00147694 -0.00212754 -0.00603976 -0.0043806 -0.0104203 -0.0103702 0.000481563 0.00165271 0.00377003 -0.00645668 -0.000209135
internal_weight=6677 6301 5227 376 438 4789 315 287 1074 4474 4264 1706 1534 661 864 2558 2304 1827 477 257
internal_count=6677 6301 5227 376 438 4789 315 287 1074 4474 4264 1706 1534 661 864 2558 2304 1827 477 257
cat_boundaries=0 1 2
cat_threshold=456 420
is_linear=0
shrinkage=0.056


Tree=52
num_leaves=21
num_cat=0
split_feature=137 59 123 51 4 120 278 323 175 287 139 68 162 308 198 274 226 197 233 320
split_gain=22.2688 16.6079 21.6452 15.5051 13.7762 14.0132 13.7516 13.4923 16.0083 12.9344 17.3515 12.3653 15.0978 12.4761 12.0161 11.811 12.0148 11.7079 11.2703 10.8227
threshold=956.5350000000002 1750.0000000000002 1629.5000000000002 102.50000000000001 1601.5000000000002 5.5000000000000009 0.28976082559319222 0.86250000000000016 0.63356807511737101 0.04890939765586786 308.17000000000002 11.500000000000002 74.500000000000014 0.35800000000000004 0.28930845154477908 0.27320574162679429 0.053500000000000006 1.5586088609159041 2.1539330502563665 0.62550000000000006
decision_type=2 2 2 2 2 2 2 2 2 2 2 2 2 2 2 2 2 2 2 2
left_child=1 2 4 14 7 9 -5 -1 -9 10 17 12 -7 -13 -3 -11 -17 19 -15 -6
right_child=-2 3 -4 6 5 11 -8 8 -10 15 -12 13 -14 18 -16 16 -18 -19 -20 -21
leaf_value=-0.016637003226043733 0.26357253519808471 0.14748684036127616 0.19829471242623439 -0.10285350077260569 0.19312956692842681 -0.0072243526710489671 -0.4603364122821173 -0.39567672556281702 -0.017031886358606654 0.021622358417171115 0.40391539300451723 0.19885507245991324 -0.23339139238435461 -0.065047865169831451 -0.1214573657828838 0.10070777675480222 0.45385942311424771 -0.20175946037984849 0.14362115063813849 -0.025383080959572688
leaf_weight=3183 178 123 441 186 246 298 104 119 145 104 105 197 128 362 99 107 104 134 137 241
leaf_count=3183 178 123 441 186 246 298 104 119 145 104 105 197 128 362 99 107 104 134 137 241
internal_value=0.0005898 5.97043e-05 0.000879167 -0.00962468 -5.98644e-05 0.00344329 -0.0181511 -0.00225815 -0.0144236 0.0081228 0.00401079 -0.000898252 -0.00841276 0.00370092 0.00151279 0.0175995 0.0252124 0.000450626 -0.0010097 0.00448426
internal_weight=6741 6563 6051 512 5610 2163 290 3447 264 1041 726 1122 426 696 222 315 211 621 499 487
internal_count=6741 6563 6051 512 5610 2163 290 3447 264 1041 726 1122 426 696 222 315 211 621 499 487
is_linear=0
shrinkage=0.056


Tree=53
num_leaves=21
num_cat=1
split_feature=4 323 179 71 228 316 91 114 262 279 73 64 289 117 72 238 50 22 146 161
split_gain=16.3975 15.3538 15.9899 14.7717 17.6366 15.1387 14.1178 13.4519 13.1184 12.7143 12.2358 17.7893 17.1222 13.7676 12.8389 10.4823 10.4922 11.0916 10.7698 17.7433
threshold=1601.5000000000002 0.8025000000000001 4.5000000000000009 58.500000000000007 0.078500000000000014 72.350000000000009 1.0000000180025095e-35 16.500000000000004 0.93339285858490995 0.5252118644067798 163.50000000000003 3333.5000000000005 0.47413024085637828 9.5000000000000018 0 0.83486379751759954 99.500000000000014 38.500000000000007 0.037500000000000006 4.6084256337922129
decision_type=2 2 2 2 2 2 2 2 2 2 2 2 2 2 9 2 2 2 2 2
left_child=1 6 -3 4 5 -2 10 -7 -6 -4 11 15 13 -12 -15 16 18 -18 -1 -20
right_child=3 2 9 -5 8 7 -8 -9 -10 -11 12 -13 -14 14 -16 -17 17 -19 19 -21
leaf_value=0.030321070967345855 0.070489251573651657 -0.2569573514075098 -0.20257776897853011 -0.095377343837706949 -0.056253561773684554 0.029649416889316667 0.091389484812503793 -0.29960570612193999 0.14662585590409138 0.13741186014507975 -0.40839940883374781 0.23223324349717686 0.043686910738705544 -0.40848980186919137 0.022654330832887971 -0.31938709588235192 0.25358774640033144 0.0061077565143447289 0.022679874634486268 -0.16689657875475444
leaf_weight=1004 804 234 237 175 140 105 402 110 1268 118 186 102 192 120 181 99 109 152 472 531
leaf_count=1004 804 234 237 175 140 105 402 110 1268 118 186 102 192 120 181 99 109 152 472 531
internal_value=0.000390423 -0.00179943 -0.0101729 0.00387388 0.00500694 -0.000604356 -0.000410096 -0.0138039 0.00906806 -0.00268123 -0.00167212 0.000158704 -0.00832965 -0.0139134 -0.00651108 -0.000827984 -4.93118e-05 0.0105128 -0.00142294 -0.00552725
internal_weight=6741 4139 589 2602 2427 1019 3550 215 1408 355 3148 2469 679 487 301 2367 2268 261 2007 1003
internal_count=6741 4139 589 2602 2427 1019 3550 215 1408 355 3148 2469 679 487 301 2367 2268 261 2007 1003
cat_boundaries=0 1
cat_threshold=73
is_linear=0
shrinkage=0.056


Tree=54
num_leaves=21
num_cat=0
split_feature=5 4 243 5 233 4 314 233 269 158 174 56 55 139 289 80 138 248 145 5
split_gain=21.0526 19.869 17.2478 13.6237 13.2826 12.6903 12.2144 11.9211 13.8461 13.2555 12.3583 11.8501 18.1574 13.2642 13.1006 11.7402 11.6496 11.1074 10.7933 11.4112
threshold=1957.5000000000002 1865.5000000000002 6.3166666666666673 1036.5000000000002 1.849561313523518 1487.5000000000002 22.850000000000005 2.6405316508146321 55.500000000000007 0.22386636880698482 0.17610604432635743 13.500000000000002 386.50000000000006 -67.220000000000013 0.35653753026634388 5.5000000000000009 354.33500000000004 0.52255766621438271 74.750000000000014 1493.5000000000002
decision_type=2 2 2 2 2 2 2 2 2 2 2 2 2 2 2 2 2 2 2 2
left_child=1 2 3 -1 6 11 -3 8 18 -10 -11 12 13 -5 -13 -16 -15 -6 19 -7
right_child=-2 4 -4 5 17 7 -8 -9 9 10 -12 14 -14 16 15 -17 -18 -19 -20 -21
leaf_value=0.30739866200480209 -0.20444388782504708 0.47666720495430631 -0.26332414606867749 -0.16820759675037422 0.26495701211241701 0.19073500332153839 0.17950814047152897 -0.077458209808954237 0.15673040029189012 -0.062537401176331664 0.10993767836526468 -0.057169302559095886 -0.41950078210995617 -0.12611056478549146 0.019487365403549652 0.27327805666122268 0.035777403552130424 -0.043298127406392217 -0.27527313689608246 -0.030435959568695516
leaf_weight=148 309 114 183 662 98 374 199 223 757 357 568 152 142 346 131 111 1040 101 116 610
leaf_count=148 309 114 183 662 98 374 199 223 757 357 568 152 142 346 131 111 1040 101 116 610
internal_value=0.000323964 0.00100993 9.45674e-05 0.00063445 0.0115934 0.000190345 0.0187854 0.00266484 0.00366349 0.0068584 0.00236091 -0.00268724 -0.00429582 -0.00295305 0.00625339 0.0143464 0.0001615 0.000280599 -0.00122167 0.000682763
internal_weight=6741 6432 5920 5737 512 5589 313 3005 2782 1682 925 2584 2190 2048 394 242 1386 199 1100 984
internal_count=6741 6432 5920 5737 512 5589 313 3005 2782 1682 925 2584 2190 2048 394 242 1386 199 1100 984
is_linear=0
shrinkage=0.056


Tree=55
num_leaves=21
num_cat=0
split_feature=324 175 196 218 296 142 242 197 309 240 315 100 228 291 291 87 154 195 55 50
split_gain=15.6177 16.7717 17.0183 12.8275 16.9496 13.7475 13.3642 12.6107 11.9813 16.1833 16.2294 20.0745 12.0956 11.224 13.604 10.1563 10.326 11.5315 9.84652 14.6494
threshold=0.77150000000000019 0.68528922180607588 18.401569301626346 0.40586884775434073 0.3430703624733476 12.500000000000002 71.500000000000014 2.4711218150558865 0.71750000000000014 0.54631217838765023 129.05000000000004 39.500000000000007 0.24550000000000002 1.4299719887955185 1.659268292682927 83.500000000000014 0.35873493509293269 0.22967032967032971 397.50000000000006 111.50000000000001
decision_type=2 2 2 2 2 2 2 2 2 2 2 2 2 2 2 2 2 2 2 2
left_child=7 3 15 6 -5 -6 -2 8 12 10 -10 -12 13 18 -15 16 -3 -18 19 -1
right_child=1 2 -4 4 5 -7 -8 -9 9 -11 11 -13 -14 14 -16 -17 17 -19 -20 -21
leaf_value=-0.023948558748252358 -0.090797994381673033 -0.071223162187039793 -0.25700045560960566 -0.50868678446554816 0.018334583936454617 -0.34356673201280946 0.1146110669658735 -0.23378369511673355 0.15393224312691609 -0.15159305393440792 0.21853376813043052 -0.19681447840026628 0.12140864265746898 0.23361250280856938 -0.032651555499101058 0.17632915346775949 -0.031970264675617956 0.21833661953659514 -0.21390755685011534 0.098826827049507002
leaf_weight=1988 585 237 111 103 180 164 196 113 969 152 106 163 241 203 129 158 100 175 177 491
leaf_count=1988 585 237 111 103 180 164 196 113 969 152 106 163 241 203 129 158 100 175 177 491
internal_value=0.000373808 -0.00376299 0.0026528 -0.00784351 -0.015409 -0.00944138 -0.00351324 0.00213014 0.00258234 0.00692938 0.00904672 -0.00312207 0.000711006 -0.000262329 0.00944528 0.00601767 0.00218718 0.00957031 -0.00147584 -0.000564679
internal_weight=6741 2009 781 1228 447 344 781 4732 4619 1390 1238 269 3229 2988 332 670 512 275 2656 2479
internal_count=6741 2009 781 1228 447 344 781 4732 4619 1390 1238 269 3229 2988 332 670 512 275 2656 2479
is_linear=0
shrinkage=0.056


Tree=56
num_leaves=21
num_cat=0
split_feature=324 5 304 241 303 272 304 234 174 15 220 320 280 159 171 220 176 245 323 176
split_gain=14.3037 13.9734 14.0343 17.0243 17.5737 14.3184 13.5143 12.6066 11.1996 12.0989 11.1314 11.0762 10.9807 10.9688 15.2756 11.7265 10.7108 11.5098 11.5109 11.181
threshold=0.94650000000000001 1657.5000000000002 62.95000000000001 6.5057485783343756 128.15000000000001 2.1439652796030946 48.20000000000001 0.27288743420437139 -0.050307601335736342 5.5000000000000009 -4.8400166015717501 0.98150000000000015 0.41240409207161127 0.57212205270457706 0.85880398671096347 21.586436190219647 0.5929064657878218 -0.045925534619244771 0.47550000000000003 0.54950980392156878
decision_type=2 2 2 2 2 2 2 2 2 2 2 2 2 2 2 2 2 2 2 2
left_child=1 2 6 -4 5 -5 13 11 -3 10 -10 -2 -9 16 -15 -16 17 18 -1 -19
right_child=7 8 3 4 -6 -7 -8 12 9 -11 -12 -13 -14 14 15 -17 -18 19 -20 -21
leaf_value=0.057190066671316091 -0.49529871477121862 -0.20034203725410585 0.18927595292989596 -0.27320007870521895 0.22970206752340636 0.053632468306616846 -0.06529613047140595 -0.17915031790193667 -0.2753960500809271 0.091778258533658383 -0.01426875546244942 -0.071234238497512745 0.16989120754212256 -0.032520145312192904 0.27663635201179476 0.0080016526127324426 0.14167804649185262 0.017322096819975614 -0.23798090823222517 -0.18049088245444167
leaf_weight=101 131 254 620 157 162 104 524 173 99 231 1045 174 128 224 222 100 166 1871 128 147
leaf_count=101 131 254 620 157 162 104 524 173 99 231 1045 174 128 224 222 100 166 1871 128 147
internal_value=-0.000107653 0.000700542 0.00230133 0.00799984 -0.000661558 -0.00965454 0.000594843 -0.00831656 -0.00374698 -0.00175116 -0.00411175 -0.0163404 -0.000185512 0.0020628 0.00923047 0.017043 0.000440878 -0.000573137 -0.0124709 0.000776927
internal_weight=6761 6155 4526 1043 423 261 3483 606 1629 1375 1144 305 301 2959 546 322 2413 2247 229 2018
internal_count=6761 6155 4526 1043 423 261 3483 606 1629 1375 1144 305 301 2959 546 322 2413 2247 229 2018
is_linear=0
shrinkage=0.056


Tree=57
num_leaves=21
num_cat=0
split_feature=175 324 223 286 162 292 236 259 56 301 157 322 289 316 187 217 280 277 145 55
split_gain=16.516 15.0015 12.8047 13.5532 12.6085 13.3823 13.5071 11.2688 14.4244 10.7837 10.7717 10.6367 11.4424 11.1369 10.2681 10.2303 9.95808 13.7355 14.9846 12.5487
threshold=0.76396691635455694 0.77450000000000008 1.0897467557760945 1.1241669312037927 83.500000000000014 44.500000000000007 0.30495169082125612 5.5000000000000009 19.500000000000004 344.60000000000008 1.5359995285706549 0.99250000000000005 0.55646630236794181 39.850000000000001 0.14750000000000002 0.16035714285714289 0.43826219512195125 1.355914048644334 69.050000000000011 385.50000000000006
decision_type=2 2 2 2 2 2 2 2 2 2 2 2 2 2 2 2 2 2 2 2
left_child=1 7 10 -4 5 -3 -7 8 9 11 -2 12 -1 -13 -8 -10 17 18 -9 -19
right_child=2 4 3 -5 -6 6 14 16 15 -11 -12 13 -14 -15 -16 -17 -18 19 -20 -21
leaf_value=0.001595816358837297 0.091240114547539358 -0.082062384078624762 -0.037542508067216228 0.20605166370546954 -0.1924842945921012 -0.053161060370903984 0.024119120526313608 0.088395609839858891 0.17499039447394502 0.19220217767982389 0.324760861769191 0.17042075769826379 -0.19134321638474461 -0.024188359225892384 0.31261290082374493 0.27694316659128876 -0.081647143018928087 0.069069508925268905 -0.15743222297395315 -0.21961801466777864
leaf_weight=1527 102 1247 305 129 145 190 107 155 100 206 125 121 103 110 102 109 628 922 229 99
leaf_count=1527 102 1247 305 129 145 190 107 155 100 206 125 121 103 110 102 109 628 922 229 99
internal_value=-0.000190481 -0.00110161 0.0082176 0.00258027 -0.00540918 -0.00401448 0.00491187 0.000688754 0.00339536 0.00197767 0.0189948 0.000631832 -0.000961864 0.0118781 0.014736 0.0174155 -0.00234129 0.000278889 -0.00874957 0.00367467
internal_weight=6761 6100 661 434 1791 1646 399 4309 2276 2067 227 1861 1630 231 209 209 2033 1405 384 1021
internal_count=6761 6100 661 434 1791 1646 399 4309 2276 2067 227 1861 1630 231 209 209 2033 1405 384 1021
is_linear=0
shrinkage=0.056


Tree=58
num_leaves=21
num_cat=0
split_feature=23 139 56 303 105 185 59 279 138 128 255 98 166 188 318 157 320 186 212 30
split_gain=18.4179 19.0779 18.7045 15.8049 13.7924 12.5464 12.2805 12.1558 11.2042 10.918 12.1551 11.3258 10.901 10.6984 9.64127 15.0908 11.6528 12.6714 10.2673 9.6295
threshold=218.50000000000003 413.83000000000004 16.500000000000004 134.25000000000003 13.500000000000002 0.013500000000000002 1003.5000000000001 0.40491259795057272 939.04000000000008 3366.5000000000005 0.75373467112597559 291.50000000000006 0.86692187183778813 3.071760797342193 0.89350000000000007 1.6463141096582572 0.49650000000000005 0.10750000000000001 25.500000000000004 24.500000000000004
decision_type=2 2 2 2 2 2 2 2 2 2 2 2 2 2 2 2 2 2 2 2
left_child=1 2 8 4 5 -4 -5 -3 9 14 11 -11 -8 -6 -1 16 18 -18 -16 -13
right_child=-2 7 3 6 13 -7 12 -9 -10 10 -12 19 -14 -15 15 -17 17 -19 -20 -21
leaf_value=0.015455909521194224 -0.21634570668152606 0.56248764653798344 -0.19147830020458548 0.39818069528371991 0.23655359440118562 0.0032585117938786537 0.33641156698136548 0.046978019374797668 -0.44212320736540323 -0.20808811653344242 -0.27530365634324877 0.14945316976466252 -0.020388850006171196 -0.028059852142286765 0.21817379081540098 -0.11160935831111618 -0.092937238991626175 0.11003136411912857 -0.041454141698394217 -0.24275973813663532
leaf_weight=2906 150 119 117 98 205 288 109 112 117 214 109 158 143 146 142 501 695 214 103 115
leaf_count=2906 150 119 117 98 205 288 109 112 117 214 109 158 143 146 142 501 695 214 103 115
internal_value=-8.25903e-06 0.000431983 -0.000140414 0.00648086 0.00192571 -0.00511565 0.0163195 0.0162417 -0.00152898 -0.00114017 -0.00826818 -0.00448426 0.00977712 0.0100508 -0.000208691 -0.00362045 -9.69144e-05 -0.00301852 0.0107422 0.00307633
internal_weight=6761 6611 6380 1106 756 405 350 231 5274 5157 596 487 252 351 4561 1655 1154 909 245 273
internal_count=6761 6611 6380 1106 756 405 350 231 5274 5157 596 487 252 351 4561 1655 1154 909 245 273
is_linear=0
shrinkage=0.056


Tree=59
num_leaves=21
num_cat=0
split_feature=23 139 321 176 155 171 105 7 186 106 117 45 53 81 192 58 196 218 50 204
split_gain=17.6146 15.6678 14.567 15.1711 14.5045 13.2607 12.9556 16.0543 12.9353 14.4967 12.3147 13.8309 12.9556 17.4834 12.2191 10.0808 16.7647 9.74632 8.39518 7.9077
threshold=234.50000000000003 413.83000000000004 0.92200000000000015 0.59491634491634504 0.24264069264069268 1.5480030721966209 15.500000000000002 12.500000000000002 0.12550000000000003 67.500000000000014 9.5000000000000018 544.50000000000011 5.5000000000000009 3.5000000000000004 2.4230593137603029 1403.5000000000002 7.547412051926413 0.38253449527959332 93.500000000000014 0.85164835164835173
decision_type=2 2 2 2 2 2 2 2 2 2 2 2 2 2 2 2 2 2 2 2
left_child=1 2 3 6 -3 19 7 10 9 15 12 18 13 -1 -14 -8 -17 -4 -12 -5
right_child=-2 4 17 5 -6 -7 8 -9 -10 -11 11 -13 14 -15 -16 16 -18 -19 -20 -21
leaf_value=-0.01318109635546078 -0.27602732629128729 0.6224093258527279 -0.28672091080735695 0.088349330390951927 0.065082862130254021 -0.074864070843701086 -0.0041868734120877847 -0.23337949718934015 0.26867631598361763 -0.10837249788222535 0.016635499422300144 -0.18041147200753063 -0.10183035722152536 0.1710248793254309 0.093813185619769812 0.35367493906359826 -0.0050116567456553835 -0.021637699959433973 0.15514679868022854 0.22712352676125336
leaf_weight=2495 105 98 138 196 134 170 193 163 153 172 405 142 982 303 150 111 98 115 333 105
leaf_count=2495 105 98 138 196 134 170 193 163 153 172 405 142 982 303 150 111 98 115 333 105
internal_value=-0.000173915 0.000185072 -0.000331233 0.000208692 0.014482 0.00986801 -0.000589445 -0.00161026 0.00639317 0.0025363 -0.0010245 0.00496345 -0.00236535 -0.000320171 -0.00742035 0.0083578 0.0168796 -0.0135013 0.00804314 0.0169297
internal_weight=6761 6656 6424 6171 232 471 5700 4973 727 574 4810 880 3930 2798 1132 402 209 253 738 301
internal_count=6761 6656 6424 6171 232 471 5700 4973 727 574 4810 880 3930 2798 1132 402 209 253 738 301
is_linear=0
shrinkage=0.056


Tree=60
num_leaves=21
num_cat=2
split_feature=254 4 23 280 213 307 107 292 243 86 3 322 205 312 2 161 311 272 131 176
split_gain=17.4641 16.8856 16.4224 16.0731 18.2004 16.5143 15.0267 14.3433 13.4746 21.3021 12.1542 13.3048 12.8565 12.5408 12.5073 14.363 12.4032 13.2759 11.0954 10.8616
threshold=0.33850148264799079 1534.5000000000002 84.500000000000014 0.35355392156862753 1.1263478435676055 0.68100000000000016 46.500000000000007 70.500000000000014 3.477272727272728 7.5000000000000009 0 0.067000000000000018 0.47385353427787941 0.55150000000000021 1 10.206471741750656 0.72750000000000015 1.9997624774135359 8.5000000000000018 0.536811201445348
decision_type=2 2 2 2 2 2 2 2 2 2 1 2 2 2 1 2 2 2 2 2
left_child=1 7 6 -3 5 8 19 10 9 -5 12 13 14 -12 -1 16 17 -16 -6 -2
right_child=2 3 -4 4 18 -7 -8 -9 -10 -11 11 -13 -14 -15 15 -17 -18 -19 -20 -21
leaf_value=-0.095335471081060622 -0.18500384320136196 -0.00029287495306506631 -0.19511606267909834 0.40757996815393155 -0.071534759679551474 0.39801465871222164 0.12635841312454463 0.17682207169636269 0.18395890192730754 -0.11371838248240414 -0.17058896093507769 -0.14319592047640448 -0.23816975163747164 0.13304959559661381 -0.0036540879700658418 -0.082878884930822863 0.2036494494595941 0.15069422096715737 0.1408562697793562 0.036092787073422609
leaf_weight=447 365 1633 172 122 180 343 151 140 328 185 99 919 106 133 450 274 217 208 152 132
leaf_count=447 365 1633 172 122 180 343 151 140 328 185 99 919 106 133 450 274 217 208 152 132
internal_value=-0.000397845 0.00066035 -0.00805834 0.00367239 0.008293 0.0121389 -0.00397506 -0.00230132 0.00679029 -0.00164117 -0.00316013 -0.00757264 -0.000130747 0.00434412 0.00112271 0.00420348 0.00774381 0.00391465 -0.00303566 -0.00867572
internal_weight=6756 5936 820 2943 1310 978 648 2993 635 307 2853 1151 1702 232 1596 1149 875 658 332 497
internal_count=6756 5936 820 2943 1310 978 648 2993 635 307 2853 1151 1702 232 1596 1149 875 658 332 497
cat_boundaries=0 1 2
cat_threshold=497 608
is_linear=0
shrinkage=0.056


Tree=61
num_leaves=21
num_cat=4
split_feature=56 139 25 0 71 321 315 138 206 6 305 202 218 104 3 206 144 3 2 299
split_gain=17.3313 16.2849 14.5568 14.1472 18.2393 16.9489 13.6855 13.6299 13.5941 13.4079 13.9555 14.1821 12.7806 12.6498 11.9486 12.1938 14.088 11.7882 11.2507 11.1502
threshold=15.500000000000002 -67.220000000000013 5.5000000000000009 1.0000000180025095e-35 26.500000000000004 0.32950000000000007 98.550000000000011 666.81500000000017 0.8202052325015855 0 0.7410000000000001 57.500000000000007 0.31494165398274993 21.500000000000004 1 1.0832503800954372 1.1635000000000002 2 3 6.5000000000000009
decision_type=2 2 2 2 2 2 2 2 2 9 2 2 2 2 1 2 2 1 1 2
left_child=1 9 7 4 5 -3 18 -2 12 10 11 -1 -8 -10 15 16 -7 -5 -4 -16
right_child=2 3 6 17 -6 14 8 -9 13 -11 -12 -13 -14 -15 19 -17 -18 -19 -20 -21
leaf_value=0.066096141078677617 -0.1322111937766948 0.17281233964038009 -0.003893754485192062 0.074763109668458699 -0.044795154889600258 0.015853419087560473 0.077041958368008548 0.15408897576019182 0.015109755768979429 -0.031180371175214366 -0.52736672855928757 -0.27520230299390008 -0.22701079717197348 0.15803652628308287 0.010119421993687127 0.18808520789761285 -0.1985262286028229 -0.21593190109136212 0.21030185376846824 0.12348208118185491
leaf_weight=140 193 386 111 111 1254 228 102 98 199 898 113 315 109 106 897 135 257 215 401 488
leaf_count=140 193 386 111 111 1254 228 102 98 199 898 113 315 109 106 897 135 257 215 401 488
internal_value=-0.0002818 -0.00167884 0.00547675 0.000183289 0.00118295 0.00405179 0.00860684 -0.00558019 0.00217023 -0.00672294 -0.01337 -0.00923041 -0.00875751 0.0097306 0.00198296 -0.00444419 -0.00865945 -0.0109934 0.0150934 0.00485723
internal_weight=6756 5437 1319 3971 3645 2391 1028 291 516 1466 568 455 211 305 2005 620 485 326 512 1385
internal_count=6756 5437 1319 3971 3645 2391 1028 291 516 1466 568 455 211 305 2005 620 485 326 512 1385
cat_boundaries=0 1 2 3 4
cat_threshold=665 1320 305 1058
is_linear=0
shrinkage=0.056


Tree=62
num_leaves=21
num_cat=3
split_feature=4 5 197 307 235 293 186 137 313 306 3 323 297 72 293 282 214 3 305 226
split_gain=13.8905 15.4881 12.8684 14.4159 16.8455 14.451 17.127 13.9403 15.7444 13.3778 11.8776 11.8147 15.5698 11.7861 11.1355 10.8504 13.635 10.3235 11.8574 10.1747
threshold=1207.5000000000002 1154.5000000000002 2.521288356776116 0.65750000000000008 0.31281565656565663 1.329230365020772 0.14950000000000002 830.39000000000021 272.10000000000008 0.94750000000000012 0 0.49950000000000006 0.1438923395445135 1 0.89180467237484751 72.500000000000014 0.10274056948635853 2 0.42100000000000004 0.027500000000000004
decision_type=2 2 2 2 2 2 2 2 2 2 1 2 2 9 2 2 2 1 2 2
left_child=-1 15 3 4 5 6 17 8 10 14 11 -5 -13 -8 -10 16 -2 -3 -19 -9
right_child=1 2 -4 7 -6 -7 13 19 9 -11 -12 12 -14 -15 -16 -17 -18 18 -20 -21
leaf_value=-0.13355169864050523 0.2098020404872456 0.0025552588114558395 -0.22163850522188111 0.084932040948181742 0.019347218674500521 -0.25698693108212989 -0.084608429129431645 0.12060579827263357 -0.12432696641651585 -0.096796047923728062 0.088962129806166468 0.069439683860192461 -0.31757646267024608 0.24090920299864849 0.10280091728464999 0.4770473726932814 -0.086771937126350535 -0.17795796619748114 -0.032612580385485597 0.4284759358341752
leaf_weight=646 176 674 126 103 1247 147 113 125 120 185 1072 99 125 147 115 118 98 509 682 129
leaf_count=646 176 674 126 103 1247 147 113 125 120 185 1072 99 125 147 115 118 98 509 682 129
internal_value=-0.000165755 0.000659875 -7.8321e-05 0.000320429 -0.00186185 -0.00473232 -0.00355757 0.00402501 0.00230887 -0.00719961 0.00516357 -0.00415382 -0.0114993 0.00990705 0.0016674 0.0114281 0.00531327 -0.00543476 -0.00853275 0.0163143
internal_weight=6756 6110 5718 5592 3519 2272 2125 2073 1819 420 1399 327 224 260 235 392 274 1865 1191 254
internal_count=6756 6110 5718 5592 3519 2272 2125 2073 1819 420 1399 327 224 260 235 392 274 1865 1191 254
cat_boundaries=0 1 2 3
cat_threshold=42 1797 83
is_linear=0
shrinkage=0.056


Tree=63
num_leaves=21
num_cat=1
split_feature=324 56 269 254 169 38 102 280 215 29 193 10 278 6 277 297 266 254 320 323
split_gain=16.9863 15.3027 14.2896 16.5774 16.3546 13.9922 17.9364 13.295 12.5431 12.3243 12.1792 11.7399 12.9974 12.3943 11.3895 13.7452 12.6048 15.6149 16.017 11.3069
threshold=0.94550000000000012 16.500000000000004 194.50000000000003 0.39706150366115217 0.48863049095607242 5.5000000000000009 4.5000000000000009 0.50301204819277123 0.6751623376623378 448.50000000000006 0.14987272090684792 188.50000000000003 0.31532881827206033 0 1.5520874793230905 0.17047223663726002 0.16750000000000004 0.21742390346094773 -0.14349999999999996 0.8025000000000001
decision_type=2 2 2 2 2 2 2 2 2 2 2 2 2 9 2 2 2 2 2 2
left_child=1 2 3 11 8 -3 -7 9 -5 -8 -11 14 13 -13 16 -16 17 18 -1 -2
right_child=19 5 -4 4 -6 6 7 -9 -10 10 -12 12 -14 -15 15 -17 -18 -19 -20 -21
leaf_value=0.18801557212699663 -0.031181150510108425 -0.038136480906840096 0.32099974516781798 -0.31779896084609482 0.07969645885751328 0.43909735015773488 0.17281924675916113 -0.11535617569360601 -0.09883123184059292 -0.056347594409616425 0.11823019465317006 0.077944110467291078 -0.31002436119698418 -0.16766766440793129 -0.028925028172880254 0.075989912675739221 -0.20378366423308228 0.15157956363790168 -0.025402469538581635 -0.24770883253863041
leaf_weight=125 426 218 125 146 104 145 299 98 114 140 177 105 134 125 538 1020 152 307 2065 193
leaf_count=125 426 218 125 146 104 145 299 98 114 140 177 105 134 125 538 1020 152 307 2065 193
internal_value=6.62876e-05 0.000958097 -0.000331984 -0.000805641 -0.0123072 0.00701935 0.010235 0.00658801 -0.0198147 0.00963609 0.00194271 0.000110225 -0.00953801 -0.00146017 0.000945053 0.00474444 -0.00128948 -0.000336339 -0.00199445 -0.00877518
internal_weight=6756 6137 5060 4935 364 1077 859 714 260 616 317 4571 364 230 4207 1558 2649 2497 2190 619
internal_count=6756 6137 5060 4935 364 1077 859 714 260 616 317 4571 364 230 4207 1558 2649 2497 2190 619
cat_boundaries=0 1
cat_threshold=1680
is_linear=0
shrinkage=0.056


Tree=64
num_leaves=21
num_cat=1
split_feature=5 171 4 204 177 6 106 96 303 125 315 110 35 218 291 251 285 177 303 230
split_gain=17.3712 14.3041 21.0002 15.0115 12.7876 12.5852 18.4573 13.9607 13.0066 12.3228 11.1522 14.3824 14.0476 11.8155 10.8167 12.9586 12.325 10.7925 10.3721 12.5948
threshold=1394.5000000000002 1.2358288770053478 1805.5000000000002 0.60769230769230786 0.07185886402753873 0 18.500000000000004 1620.5000000000002 127.35000000000001 32.500000000000007 122.95000000000002 18938.500000000004 253.50000000000003 0.46402691511387167 1.2522727272727274 1.4134182908545729 0.26303292265051864 0.26209992193598758 96.90000000000002 96.500000000000014
decision_type=2 2 2 2 2 9 2 2 2 2 2 2 2 2 2 2 2 2 2 2
left_child=5 3 4 14 -3 6 -1 8 -8 -4 11 12 13 17 15 -2 -16 -5 19 -6
right_child=1 2 9 10 18 -7 7 -9 -10 -11 -12 -13 -14 -15 16 -17 -18 -19 -20 -21
leaf_value=0.33994649805229599 -0.0022314287390350247 -0.23885665155933661 0.027066176205994781 -0.05992315626404867 -0.018607029754558555 0.0083871196216479833 -0.083271600486091155 0.12914262333365686 0.3374241278132673 0.32054388324802002 -0.15254405468950183 -0.3959083198986354 0.14718489230287549 0.10069821242465007 0.23176699841652429 -0.11106431269891129 -0.044857917194870978 -0.28100987314260079 -0.0310170752862849 0.10932158899096145
leaf_weight=211 1425 100 119 312 183 1333 238 287 117 112 570 101 169 207 173 154 100 108 480 277
leaf_count=211 1425 100 119 312 183 1333 238 287 117 112 570 101 169 207 173 154 100 108 480 277
internal_value=0.000297497 -0.00165922 0.00339248 -0.0035938 0 0.00440615 0.00966841 0.00505894 -0.00236574 0.0186659 -0.00782538 -0.00393293 -0.00140683 -0.00526928 -0.000241814 -0.00202143 0.0100507 -0.0106663 0.00202536 0.00803442
internal_weight=6776 4590 1271 3319 1040 2186 853 642 355 231 1467 897 796 627 1852 1579 273 420 940 460
internal_count=6776 4590 1271 3319 1040 2186 853 642 355 231 1467 897 796 627 1852 1579 273 420 940 460
cat_boundaries=0 1
cat_threshold=798
is_linear=0
shrinkage=0.056


Tree=65
num_leaves=20
num_cat=0
split_feature=123 55 68 123 71 253 190 154 195 160 41 201 77 303 200 243 242 136 190
split_gain=14.5837 13.8799 14.7911 14.66 12.7547 12.6701 11.7352 10.3841 10.0533 10.0246 8.99865 14.947 12.0616 9.41025 8.98972 8.87524 9.5769 9.14723 5.65152
threshold=2075.5000000000005 388.50000000000006 18.500000000000004 1639.0000000000002 58.500000000000007 1.1908653515580745 3.3535539215686279 0.12205240920889177 0.3246621621621622 0.64365079365079381 9.5000000000000018 12.763691485963639 14.500000000000002 128.15000000000001 0.6195238095238097 6.2111111111111121 92.500000000000014 2024.5000000000002 0.97801932367149769
decision_type=2 2 2 2 2 2 2 2 2 2 2 2 2 2 2 2 2 2 2
left_child=1 2 6 4 10 7 9 -3 -9 14 13 12 -12 -4 15 16 17 -1 -2
right_child=18 5 3 -5 -6 -7 -8 8 -10 -11 11 -13 -14 -15 -16 -17 -18 -19 -20
leaf_value=-0.0077207478585248597 0.048318901703563885 -0.30856393887537037 0.12303934904173483 0.23300565840305335 -0.073397585627669168 -0.3237385867088346 -0.15049971564839454 0.14559248516254356 -0.074027755479178864 0.10123244031159062 -0.14324242435172604 0.18237133449066636 0.085548397689247394 0.3679885236501087 -0.21435563556807261 -0.27161252165761252 0.23297637875326546 0.085946384149895666 0.21456130969314086
leaf_weight=4055 98 121 127 160 190 120 186 112 103 120 146 107 135 98 138 132 99 429 100
leaf_count=4055 98 121 127 160 190 120 186 112 103 120 146 107 135 98 138 132 99 429 100
internal_value=0.000297497 -0.000153214 0.000548814 0.00691987 0.00383541 -0.00957858 -0.000640403 -0.00399952 0.00338529 -0.000123837 0.00776482 0.00259752 -0.00418447 0.0166748 -0.000519233 -0.000106859 0.000305442 -7.48972e-05 0.0152719
internal_weight=6776 6578 6122 963 803 456 5159 336 215 4973 613 388 281 225 4853 4715 4583 4484 198
internal_count=6776 6578 6122 963 803 456 5159 336 215 4973 613 388 281 225 4853 4715 4583 4484 198
is_linear=0
shrinkage=0.056


Tree=66
num_leaves=21
num_cat=1
split_feature=170 282 68 303 157 255 55 231 132 145 253 135 262 154 16 217 265 153 319 72
split_gain=16.0057 11.2582 10.6077 12.9121 12.8189 12.7387 11.2046 10.7257 10.0536 15.1039 16.4604 13.8561 13.6115 12.9983 12.9642 13.0321 12.2092 10.2635 10.0392 11.0766
threshold=-5.0720677430217007 65.500000000000014 18.500000000000004 137.40000000000003 1.7972009949224785 0.71068484464172488 398.50000000000006 0.99218750000000011 11.500000000000002 73.350000000000009 0.82875469375152877 34.500000000000007 1.351739035884663 0.62115198796413396 3.5000000000000004 0.12390350877192984 0.041500000000000009 1.5662111625391415 0.14850000000000002 0
decision_type=2 2 2 2 2 2 2 2 2 2 2 2 2 2 2 2 2 2 2 9
left_child=1 -1 8 4 6 -5 -4 -6 11 13 -11 18 -12 14 -10 16 -16 -13 -2 -20
right_child=2 -3 3 5 7 -7 -8 -9 9 10 12 17 -14 -15 15 -17 -18 -19 19 -21
leaf_value=-0.1527467540816364 0.24837746885217413 -0.0075851037278963605 0.0082057971904071249 0.30669107123411971 0.33273019224636918 -0.01000543940988115 -0.175366279787773 0.015365687021108842 0.091427125222058606 -0.42928960957498818 -0.18565674654804656 0.01534572495412089 0.11912168043307135 -0.14283891688929753 -0.26996169995236036 0.075087977465057326 -0.015436090367217024 0.25525276704511962 -0.087689610626221243 0.0088678489125557439
leaf_weight=216 165 243 534 245 101 105 126 112 350 105 193 100 100 122 119 210 110 130 527 2863
leaf_count=216 165 243 534 245 101 105 126 112 350 105 193 100 100 122 119 210 110 130 527 2863
internal_value=0.000214852 -0.00988199 0.000948526 0.00563192 0.00198836 0.0147195 -0.00186642 0.0139335 -0.000175862 -0.00440629 -0.0135071 0.00128714 -0.00668886 -0.00043012 0.00220005 -0.0042092 -0.013449 0.014608 0.000425271 -0.000231221
internal_weight=6776 459 6317 1223 873 350 660 213 5094 1309 398 3785 293 911 789 439 229 230 3555 3390
internal_count=6776 459 6317 1223 873 350 660 213 5094 1309 398 3785 293 911 789 439 229 230 3555 3390
cat_boundaries=0 1
cat_threshold=13
is_linear=0
shrinkage=0.056


Tree=67
num_leaves=21
num_cat=1
split_feature=5 71 126 275 170 144 6 10 207 277 138 184 269 45 231 186 227 52 291 204
split_gain=14.5987 13.0356 15.7229 13.5807 12.0199 10.8344 11.4417 13.2953 11.9543 11.4569 10.9201 11.1279 10.1528 9.97266 10.3012 9.93897 20.4162 9.79639 9.69689 14.3136
threshold=1394.5000000000002 63.500000000000007 158.50000000000003 0.31643132220795894 -5.2682382118962776 1.8815000000000002 0 36.500000000000007 0.22552652489770197 1.4692191914876138 569.05500000000018 74.65000000000002 95.500000000000014 412.50000000000006 0.57537878787878804 0.17350000000000002 0.070500000000000021 7.5000000000000009 1.3239268680445153 0.42261904761904767
decision_type=2 2 2 2 2 2 9 2 2 2 2 2 2 2 2 2 2 2 2 2
left_child=5 2 4 -3 12 6 7 -1 10 -10 11 13 -2 -8 -15 18 -17 -9 -6 -20
right_child=1 3 -4 -5 15 -7 8 17 9 -11 -12 -13 -14 14 -16 16 -18 -19 19 -21
leaf_value=0.47081781202226253 -0.25943545135034213 -0.085384735113373897 0.21992266541247052 -0.30674214670737932 -0.015979019736945228 0.23849825280175194 0.040271065277638143 -0.038215820746556967 -0.29317428120362854 -0.0038490834284671395 -0.10469926659176487 -0.062452115718010216 0.0017617048301101868 0.057612710232338896 0.17125500599512178 0.13785729883316905 -0.019825009012040037 0.16982777588916234 0.29554622687834586 -0.00032883326817243489
leaf_weight=115 150 183 112 129 3103 201 596 160 132 179 167 158 110 100 123 110 192 255 141 360
leaf_count=115 150 183 112 129 3103 201 596 160 132 179 167 158 110 100 123 110 192 255 141 360
internal_value=0.000280968 -0.00151282 -0.000706835 -0.0125636 -0.00126352 0.0040475 0.00279287 0.00974784 0.000191017 -0.00954288 0.00283902 0.00510116 -0.0129224 0.00772629 0.0178288 -0.000487414 0.00927097 0.00526226 -0.00130517 0.00592382
internal_weight=6776 4590 4278 312 4166 2186 1985 530 1455 311 1144 977 260 819 223 3906 302 415 3604 501
internal_count=6776 4590 4278 312 4166 2186 1985 530 1455 311 1144 977 260 819 223 3906 302 415 3604 501
cat_boundaries=0 1
cat_threshold=782
is_linear=0
shrinkage=0.056


Tree=68
num_leaves=21
num_cat=1
split_feature=5 95 205 138 139 279 239 317 313 144 309 223 100 6 35 71 184 176 257 275
split_gain=18.9815 12.0409 12.8735 12.1388 12.0138 11.1531 10.3794 10.1367 15.9682 17.0066 15.8031 13.0412 11.4723 11.1412 11.9428 10.6209 10.018 7.658 7.59206 7.36663
threshold=1957.5000000000002 43.500000000000007 0.49496001334039158 244.83500000000001 396.85500000000008 0.46186166774402077 0.44136745607333844 0.48350000000000004 116.95000000000002 1.2085000000000001 0.72150000000000014 1.2469882270758568 162.50000000000003 0 363.50000000000006 65.500000000000014 75.15000000000002 0.51449579831932779 0.16172624237140368 0.25760368663594474
decision_type=2 2 2 2 2 2 2 2 2 2 2 2 2 9 2 2 2 2 2 2
left_child=1 2 3 -1 7 -4 -2 8 10 12 11 -5 -10 17 15 -15 -11 18 -9 -12
right_child=6 -3 5 4 -6 -7 -8 13 9 16 19 -13 -14 14 -16 -17 -18 -19 -20 -21
leaf_value=-0.155292507643292 -0.3849860769829081 0.043594469455966275 -0.29849723797803829 0.0040580131958885633 0.30777929236766088 0.0052735979600819147 0.0011921635312812527 -0.23593047066293896 -0.037013131052231696 0.22514235064485388 0.23396957041086319 -0.12492674978090115 0.20386057846198527 0.0031026648985190094 0.19100888310098268 -0.17734545180829697 0.053241156127644386 0.0095295343719006605 -0.040922582053512187 0.042838827313620043
leaf_weight=197 199 107 105 531 166 100 107 123 381 301 128 319 110 3059 98 157 131 122 109 156
leaf_count=197 199 107 105 531 166 100 107 123 381 301 128 319 110 3059 98 157 131 122 109 156
internal_value=8.34833e-05 0.000734975 0.000418217 0.000883022 0.00134032 -0.0133845 -0.0135419 0.000909666 0.00405631 0.00952528 -0.00039492 -0.00421628 0.00239478 -0.000854918 0.000168423 -0.00041786 0.0176292 -0.0101534 -0.0164131 0.0110417
internal_weight=6706 6400 6293 6088 5891 205 306 5725 2057 923 1134 850 491 3668 3314 3216 432 354 232 284
internal_count=6706 6400 6293 6088 5891 205 306 5725 2057 923 1134 850 491 3668 3314 3216 432 354 232 284
cat_boundaries=0 1
cat_threshold=544
is_linear=0
shrinkage=0.056


Tree=69
num_leaves=18
num_cat=1
split_feature=5 137 95 5 233 110 150 320 233 287 190 150 206 225 71 266 2
split_gain=17.1734 16.653 12.6202 11.4386 11.8871 17.2777 15.2639 14.9072 13.8821 14.6805 13.4629 11.021 9.90779 16.9903 10.7288 9.49639 6.87952
threshold=1957.5000000000002 934.54000000000008 43.500000000000007 1036.5000000000002 1.9650470053674391 18845.500000000004 35.500000000000007 -0.089999999999999983 2.0102726103160804 -0.17218728734755848 3.5045454545454553 93.500000000000014 1.0832503800954372 74.15000000000002 65.500000000000014 0.095500000000000015 0
decision_type=2 2 2 2 2 2 2 2 2 2 2 2 2 2 2 2 1
left_child=1 2 3 -1 7 6 15 16 -8 -10 12 -2 14 -14 -9 -6 -5
right_child=11 -3 -4 4 5 -7 8 10 9 -11 -12 -13 13 -15 -16 -17 -18
leaf_value=0.27696415924216017 -0.38075052743550952 0.21928323208850684 0.041153179166432068 0.34491585559651783 0.24320570138927217 -0.25910598797980094 -0.2542591914892286 0.0043134703963940528 -0.20603620757890981 -0.0045318323662949071 -0.25069833693645754 0.0037002967279849948 0.14998417110652548 -0.084635046050782578 -0.2063239085755289 0.0038083957270923533 0.05862937741524521
leaf_weight=167 192 171 107 106 126 192 141 2754 181 1327 99 114 527 127 122 147 106
leaf_count=167 192 171 107 106 126 192 141 2754 181 1327 99 114 527 127 122 147 106
internal_value=0.000150289 0.000769975 0.000296651 -3.65631e-05 -0.000441954 -0.00381449 -0.00221428 0.00141417 -0.0042449 -0.00267363 0.000570912 -0.0128099 0.00114216 0.00736366 -0.000272545 0.0100507 0.0158483
internal_weight=6706 6400 6229 6122 5955 2114 1922 3841 1649 1508 3629 306 3530 654 2876 273 212
internal_count=6706 6400 6229 6122 5955 2114 1922 3841 1649 1508 3629 306 3530 654 2876 273 212
cat_boundaries=0 1
cat_threshold=1868
is_linear=0
shrinkage=0.056


Tree=70
num_leaves=21
num_cat=0
split_feature=40 266 61 64 138 31 162 193 216 5 138 139 312 168 209 263 115 139 284 209
split_gain=14.9659 18.933 13.743 14.0622 13.8214 12.2164 11.5852 12.7781 13.9569 11.9731 14.4422 11.803 11.8888 12.7073 10.9012 9.25525 9.12602 10.8435 9.11947 9.05307
threshold=18.500000000000004 0.10250000000000001 59.500000000000007 3878.5000000000005 956.5350000000002 19.500000000000004 75.500000000000014 0.18111557845153306 0.40946348733233989 1036.5000000000002 244.83500000000001 413.83000000000004 0.93150000000000011 0.70750469043151976 0.29679679679679688 -1.1694999999999998 58.500000000000007 50.920000000000051 0.70714285714285718 0.46103238866396767
decision_type=2 2 2 2 2 2 2 2 2 2 2 2 2 2 2 2 2 2 2 2
left_child=2 16 4 -4 6 -3 9 14 -9 -1 -11 12 13 -12 -8 -16 -2 -18 19 -10
right_child=1 5 3 -5 -6 -7 7 8 18 10 11 -13 -14 -15 15 -17 17 -19 -20 -21
leaf_value=0.35592850248778674 0.016302791654315616 0.18527576245393793 -0.31565992455664654 0.022449832791507335 -0.24278957303448578 -0.05930786611431977 0.0071131778629309039 0.19382675923166798 -0.0786498910195641 -0.25172062513468862 -0.0023342083979859662 0.3300199808519822 0.13193913458575457 0.11085768330708951 -0.053532531672558427 -0.34853565421324478 0.28898661818247434 0.07420583513583591 -0.11672822262329786 0.08008318245676814
leaf_weight=109 156 104 169 117 125 177 119 188 114 139 3570 104 377 212 167 153 157 129 202 118
leaf_count=109 156 104 169 117 125 177 119 188 114 139 3570 104 377 212 167 153 157 129 202 118
internal_value=0.000367408 0.00797764 -0.000552204 -0.0125309 4.91205e-05 -0.00338732 0.000462283 -0.00480286 0.00035987 0.0017007 0.00124667 0.00182591 0.0013599 0.000414553 -0.0121181 -0.0174995 0.0152032 0.0211463 -0.00516091 0.00241309
internal_weight=6706 723 5983 286 5697 281 5572 1061 622 4511 4402 4263 4159 3782 439 320 442 286 434 232
internal_count=6706 723 5983 286 5697 281 5572 1061 622 4511 4402 4263 4159 3782 439 320 442 286 434 232
is_linear=0
shrinkage=0.056


Tree=71
num_leaves=21
num_cat=2
split_feature=95 5 230 267 40 55 292 248 292 245 3 139 223 159 6 136 105 265 217 138
split_gain=13.0399 15.1393 13.3444 14.4974 12.6824 15.1463 11.6255 11.5158 11.3693 10.9737 10.0678 14.118 11.0126 9.76535 9.54652 15.0334 10.8121 9.16551 11.8984 7.62912
threshold=44.500000000000007 1722.5000000000002 158.50000000000003 0.25750000000000006 18.500000000000004 385.50000000000006 29.500000000000004 0.56118955926401382 78.500000000000014 -0.11566892209757222 0 50.920000000000051 1.2336129840037791 0.68244631185807669 1 2024.5000000000002 14.500000000000002 0.065500000000000017 0.20881782945736438 867.00000000000011
decision_type=2 2 2 2 2 2 2 2 2 2 1 2 2 2 9 2 2 2 2 2
left_child=1 4 3 7 5 8 -7 17 9 -1 11 -6 -12 14 15 -11 -16 18 19 -3
right_child=-2 2 -4 -5 10 6 -8 -9 -10 13 12 -13 -14 -15 16 -17 -18 -19 -20 -21
leaf_value=-0.12585315851513587 0.036743822710833582 0.019419884913559726 -0.36834238229942068 0.13964214851207482 0.29506147475699201 0.021042921790373519 -0.31254080325596384 -0.2035518883981105 0.27209151846312879 -0.044697091709235269 0.17758111006948099 0.049518683113456308 -0.048408919292088709 0.18539552267496931 0.012004824780438742 0.16169036342608567 0.17412868045016719 0.092672241537216135 -0.24305601267216026 -0.19122165599001306
leaf_weight=199 108 276 136 102 124 99 171 194 114 1168 141 120 119 116 2727 144 210 177 113 148
leaf_count=199 108 276 136 102 124 99 171 194 114 1168 141 120 119 116 2727 144 210 177 113 148
internal_value=0.000400811 8.48498e-05 -0.005766 -0.00354835 0.00131472 0.000452676 -0.0124438 -0.00579718 0.00119706 0.000760701 0.00977745 0.0176371 0.00165866 0.00134704 0.000909353 -0.0030498 0.00267928 -0.00250958 -0.00615239 -0.00184868
internal_weight=6706 6598 1146 1010 5452 4948 270 908 4678 4564 504 244 260 4365 4249 1312 2937 714 537 424
internal_count=6706 6598 1146 1010 5452 4948 270 908 4678 4564 504 244 260 4365 4249 1312 2937 714 537 424
cat_boundaries=0 1 2
cat_threshold=441 752
is_linear=0
shrinkage=0.056


Tree=72
num_leaves=21
num_cat=0
split_feature=5 4 185 255 168 321 303 265 207 280 25 298 102 289 310 278 299 190 200 246
split_gain=16.1534 14.059 14.7043 9.67116 13.017 12.3561 13.1456 11.9353 16.6898 14.8252 13.8271 24.4491 18.4084 13.141 13.0534 12.7514 15.6557 12.5258 11.9676 11.9523
threshold=1006.5000000000001 1977.5000000000002 0.03450000000000001 0.6408253205128206 0.70341435185185197 0.85350000000000004 183.10000000000002 0.063500000000000015 0.11986610544909065 0.45512082853855013 7.5000000000000009 0.39892473118279576 7.5000000000000009 0.41223155929038285 0.99750000000000016 0.62976054582480734 8.5000000000000018 0.53452380952380962 0.29679679679679688 0.93310530295622363
decision_type=2 2 2 2 2 2 2 2 2 2 2 2 2 2 2 2 2 2 2 2
left_child=-1 3 -3 4 5 6 -2 8 14 -10 12 -12 18 -14 15 16 17 -5 19 -9
right_child=1 2 -4 7 -6 -7 -8 10 9 -11 11 -13 13 -15 -16 -17 -18 -19 -20 -21
leaf_value=0.31776661816033897 0.0097039827788979599 -0.012804998368304524 0.23263429305330993 -0.0099502138171658466 0.16593995896385957 -0.080255482730995975 0.25534574505671687 0.2080754744797835 -0.073679312726406987 0.077342515055102035 -0.23004855161486421 0.1047426074056462 0.026423156519716797 0.39260545007498132 -0.2893246406926463 -0.2242544144172455 0.15188070229544892 -0.12834178096023707 -0.033250476848974399 -0.0058903788813907815
leaf_weight=103 2158 148 171 417 133 300 154 146 478 286 178 140 116 111 100 139 110 397 788 147
leaf_count=103 2158 148 171 417 133 300 154 146 478 286 178 140 116 111 100 139 110 397 788 147
internal_value=0.000283309 -5.92171e-05 0.0114101 -0.000640178 0.00185641 0.000986156 0.00237363 -0.00256905 -0.00555051 0.00087937 0.00096423 -0.00950891 0.00351058 0.0180081 -0.00977458 -0.00795469 -0.00557558 -0.00825533 0.000466086 0.0101291
internal_weight=6720 6617 319 6298 2745 2612 2312 3553 1927 764 1626 318 1308 227 1163 1063 924 814 1081 293
internal_count=6720 6617 319 6298 2745 2612 2312 3553 1927 764 1626 318 1308 227 1163 1063 924 814 1081 293
is_linear=0
shrinkage=0.056


Tree=73
num_leaves=21
num_cat=2
split_feature=5 137 147 53 123 182 272 53 255 320 50 3 256 265 256 2 200 265 294 294
split_gain=16.5473 10.8314 10.5794 8.3398 8.74925 15.5078 16.4733 9.50587 9.44447 11.709 11.5755 11.0796 10.8937 15.8712 13.085 12.0966 12.0548 15.1644 12.9671 11.9271
threshold=1006.5000000000001 934.54000000000008 0.070500000000000021 22.500000000000004 1629.5000000000002 0.9602393255218985 1.8634713536756549 12.500000000000002 0.6408253205128206 1.0120000000000002 48.500000000000007 0 0.50833564879133097 0.083500000000000019 0.5252118644067798 1 0.26975051975051983 0.054500000000000007 0.24348328740098393 0.15410691572395724
decision_type=2 2 2 2 2 2 2 2 2 2 2 1 2 2 2 1 2 2 2 2
left_child=-1 3 -3 4 8 -6 -7 -8 9 11 -11 -2 16 14 -14 -15 17 -10 19 -18
right_child=1 2 -4 -5 5 6 7 -9 12 10 -12 -13 13 15 -16 -17 18 -19 -20 -21
leaf_value=0.29997168754336007 0.078460545540381135 0.014282155863997776 0.19478112264998215 -0.2902808609818473 -0.04141218339248838 0.17513116852848243 0.097087704736093988 -0.11756474272072831 -0.091722375844864854 -0.18875232949218404 0.064838313648649615 -0.0024032814574955984 0.054954821041185216 0.19076099453177037 -0.066673308810926271 -0.037830400510798459 -0.080489007600838533 0.11298494062865803 0.020909159578598391 -0.27579309669213276
leaf_weight=103 962 124 99 100 116 241 123 130 170 182 114 1256 193 270 940 232 808 193 212 152
leaf_count=103 962 124 99 100 116 241 123 130 170 182 114 1256 193 270 940 232 808 193 212 152
internal_value=1.66427e-05 -0.000330035 0.0118019 -0.000753181 -0.000498227 0.00587514 0.0102021 0.000220708 -0.00118224 0.001381 -0.00908052 0.0027772 -0.00321509 -3.41525e-05 -0.00370683 0.00825465 -0.00660315 0.0023136 -0.00936505 -0.0121332
internal_weight=6720 6617 223 6394 6294 610 494 253 5684 2514 296 2218 3170 1635 1133 502 1535 363 1172 960
internal_count=6720 6617 223 6394 6294 610 494 253 5684 2514 296 2218 3170 1635 1133 502 1535 363 1172 960
cat_boundaries=0 1 2
cat_threshold=83 647
is_linear=0
shrinkage=0.056


Tree=74
num_leaves=14
num_cat=0
split_feature=5 64 106 321 209 60 56 38 167 211 308 137 134
split_gain=16.4978 11.6593 12.5712 11.4813 10.3323 10.1749 11.3784 13.3803 19.0419 10.7176 8.66016 8.31061 8.36948
threshold=1006.5000000000001 5377.0000000000009 77.500000000000014 0.92200000000000015 0.41486424298205254 69.500000000000014 18.500000000000004 5.5000000000000009 0.2430489046251296 0.72821969696969713 -0.5159999999999999 956.5350000000002 23.500000000000004
decision_type=2 2 2 2 2 2 2 2 2 2 2 2 2
left_child=-1 2 3 5 -5 6 10 -8 9 -9 -2 12 -12
right_child=1 -3 -4 4 -6 -7 7 8 -10 -11 11 -13 -14
leaf_value=0.28317327304093198 0.075792401017933456 0.090063119782869849 -0.11902368357768991 -0.23055689879513397 0.01425959359738125 -0.19763549943070988 -0.016030680069958298 0.35854436544606455 -0.011549984441375383 0.14104503689478559 0.0060514115713549612 0.22381597849101414 -0.029200456816582968
leaf_weight=103 133 104 167 156 100 106 144 104 164 191 2972 138 2138
leaf_count=103 133 104 167 156 100 106 144 104 164 191 2972 138 2138
internal_value=4.99761e-05 -0.000296182 -0.00059325 -0.000194113 -0.0118118 0.000294226 0.000598904 0.00789359 0.0125661 0.0210706 -0.000218517 -0.000576189 -0.000942434
internal_weight=6720 6617 6513 6346 256 6090 5984 603 459 295 5381 5248 5110
internal_count=6720 6617 6513 6346 256 6090 5984 603 459 295 5381 5248 5110
is_linear=0
shrinkage=0.056


Tree=75
num_leaves=21
num_cat=1
split_feature=5 138 2 5 4 239 147 138 245 165 107 91 313 311 162 4 183 139 267 13
split_gain=13.8167 13.2332 11.6648 10.3769 13.9445 13.4149 10.2943 9.41524 9.15791 9.26444 13.56 12.2259 9.71696 9.49043 16.6066 11.4397 8.69379 10.9121 8.17908 7.9443
threshold=1138.5000000000002 265.94000000000005 0 1957.5000000000002 1977.5000000000002 0.44963768115942032 0.066500000000000017 360.88500000000005 -0.15489458209613416 0.36904311380102506 43.500000000000007 1.0000000180025095e-35 251.70000000000002 0.48400000000000004 81.500000000000014 1255.5000000000002 -0.89449999999999996 -1.0000000180025095e-35 0.11550000000000002 11.500000000000002
decision_type=2 2 1 2 2 2 2 2 2 2 2 2 2 2 2 2 2 2 2 2
left_child=2 18 7 4 8 -5 -6 -1 -3 11 16 13 19 14 -10 -15 17 -11 -2 -13
right_child=1 3 -4 5 6 -7 -8 -9 9 10 -12 12 -14 15 -16 -17 -18 -19 -20 -21
leaf_value=0.26731556975063969 -0.0075556130652938763 -0.11740617363924576 0.26737366874347995 -0.26524411341537674 0.081527109613670629 0.059777076157948583 0.22144933524127233 -0.085672898103496459 -0.005292067901670151 0.034993316779181688 -0.20070626134717107 0.039217755746169182 -0.036789485488256904 -0.089702155657453042 -0.23687459204175379 0.021820470455598512 0.091457260043330421 -0.14981030528508793 -0.39621892947922493 0.16931640196850942
leaf_weight=105 115 135 183 210 139 104 104 150 1410 159 172 154 145 362 143 2327 113 187 111 192
leaf_count=105 115 135 183 210 139 104 104 150 1410 159 172 154 145 362 143 2327 113 187 111 192
internal_value=9.99761e-05 -0.000570493 0.00971652 -7.39497e-05 0.000468102 -0.00998673 0.013596 0.00147864 -0.000111991 0.000250529 -0.00612335 0.00110033 0.00946606 0.000131975 -0.0033534 0.00214498 -0.00109769 -0.00550242 -0.0138754 0.014566
internal_weight=6720 6282 438 6056 5742 314 243 255 5499 5364 631 4733 491 4242 1553 2689 459 346 226 346
internal_count=6720 6282 438 6056 5742 314 243 255 5499 5364 631 4733 491 4242 1553 2689 459 346 226 346
cat_boundaries=0 1
cat_threshold=500
is_linear=0
shrinkage=0.056


Tree=76
num_leaves=21
num_cat=1
split_feature=23 105 265 56 200 3 137 288 250 163 313 4 235 323 177 206 268 4 161 23
split_gain=13.7694 11.7371 14.9021 14.0393 12.9966 10.899 16.7332 10.1976 9.99319 11.2043 10.5673 9.83274 11.6467 10.6037 10.8664 10.8644 9.85404 9.55589 8.48855 11.3635
threshold=142.50000000000003 15.500000000000002 0.071500000000000008 12.500000000000002 0.3925070028011205 0 755.30000000000007 0.73879598662207369 9.1529685324922507 1.3166666666666669 149.95000000000002 1534.5000000000002 0.37756813417190782 0.7985000000000001 0.26598639455782319 1.2912861166383929 2.8824808184143227 1414.5000000000002 10.076595536965234 72.500000000000014
decision_type=2 2 2 2 2 1 2 2 2 2 2 2 2 2 2 2 2 2 2 2
left_child=1 5 3 -3 -5 6 -1 11 9 -2 -11 13 18 14 15 -7 -14 -15 -13 -20
right_child=8 2 -4 4 -6 7 -8 -9 -10 10 -12 12 16 17 -16 -17 -18 -19 19 -21
leaf_value=0.016980501605568344 -0.097773823709709259 -0.11996155742676838 0.21704146116959253 0.19916528014117604 -0.031710958080877455 -0.026808604162691051 0.35537044074024743 -0.24972248858150775 -0.27704715328059826 0.13920031269582955 -0.08180552470753566 -0.014993205668084084 0.012984069696334484 -0.42747654752772007 -0.20013222837715772 0.14625748883910089 0.27902044336426873 -0.074939579419384478 0.0092530581457110923 0.21735614855125168
leaf_weight=1467 119 136 180 173 174 971 143 105 102 122 191 1332 127 121 216 124 115 104 628 105
leaf_count=1467 119 136 180 173 174 971 143 105 102 122 191 1332 127 121 216 124 115 104 628 105
internal_value=0.000240391 0.000981167 0.00802388 0.00289821 0.0088756 0.000141029 0.00400978 -0.00144311 -0.0083892 -0.00466629 0.000894054 -0.000976279 0.001335 -0.00444781 -0.00252009 -0.000255561 0.012958 -0.0156792 -2.70408e-05 0.00481287
internal_weight=6755 6221 663 483 347 5558 1610 3948 534 432 313 3843 2307 1536 1311 1095 242 225 2065 733
internal_count=6755 6221 663 483 347 5558 1610 3948 534 432 313 3843 2307 1536 1311 1095 242 225 2065 733
cat_boundaries=0 1
cat_threshold=208
is_linear=0
shrinkage=0.056


Tree=77
num_leaves=21
num_cat=3
split_feature=4 72 217 186 181 321 254 3 92 225 159 159 72 150 170 140 301 194 147 252
split_gain=13.7169 13.7882 12.477 16.5332 19.0468 13.3816 12.8812 12.269 11.5265 11.4329 16.4275 11.5341 11.9206 10.9608 10.1743 14.6679 9.73003 9.58189 13.8437 12.4398
threshold=1315.5000000000002 0 0.23294573643410857 0.15850000000000003 13.500000000000002 0.84050000000000014 -0.027625330732040789 1 156.50000000000003 75.250000000000014 0.44092721834496512 0.63045310853530034 2 83.500000000000014 8.4907494708472786 2017.5000000000002 111.05000000000001 0.30210618692408958 0.08450000000000002 35.500000000000007
decision_type=2 9 2 2 2 2 2 1 2 2 2 2 9 2 2 2 2 2 2 2
left_child=1 13 6 5 8 -4 7 -2 -5 11 -11 12 -8 -1 15 -3 -17 18 -14 -19
right_child=2 14 3 4 -6 -7 9 -9 -10 10 -12 -13 17 -15 -16 16 -18 19 -20 -21
leaf_value=0.089354561402617813 -0.0035829600207272546 -0.20636484464614799 -0.032887200976964764 -0.10075053073278227 0.22472516540841003 -0.18346737046733594 -0.078957768658232882 0.15845699841427976 0.13434238318020189 -0.13733056756173154 0.02523369608302127 0.14433499910195299 0.022038354375678443 -0.062818280406854998 -0.27828677093290594 -0.19669146464189807 0.078524137294088733 -0.00333707603525189 -0.10902991829541946 0.17824661864692601
leaf_weight=218 270 352 807 132 136 103 444 485 129 176 224 166 1350 252 107 193 170 307 289 445
leaf_count=218 270 352 807 132 136 103 444 485 129 176 224 166 1350 252 107 193 170 307 289 445
internal_value=7.45876e-05 -0.00511442 0.00130182 -0.00347042 0.00606508 -0.00763059 0.00280266 0.00941965 -0.00278865 0.00133368 -0.00755959 0.00251911 0.00167896 0.00256633 -0.00942288 -0.00712704 0.000770906 0.00324191 0.000854081 0.00848914
internal_weight=6755 1292 5463 1307 397 910 4156 755 261 3401 400 3001 2835 470 822 715 363 2391 1639 752
internal_count=6755 1292 5463 1307 397 910 4156 755 261 3401 400 3001 2835 470 822 715 363 2391 1639 752
cat_boundaries=0 1 2 3
cat_threshold=433 1576 161
is_linear=0
shrinkage=0.056


Tree=78
num_leaves=21
num_cat=2
split_feature=4 197 292 165 207 177 277 165 317 3 4 264 21 38 130 6 298 144 265 120
split_gain=12.5929 15.7379 11.3602 10.8333 13.5964 11.2649 9.54228 9.30548 9.6399 12.3313 17.5352 12.4821 10.8026 11.5485 9.60417 11.5401 11.0122 9.05572 8.87097 8.48985
threshold=1207.5000000000002 2.4711218150558865 80.500000000000014 0.43236824221644427 -0.021707721462821166 0.14608739837398377 1.6184855921071704 0.39825314035700343 0.50050000000000006 0 1716.5000000000002 70.950000000000017 1.5000000000000002 11.500000000000002 5.5000000000000009 1 0.39455151964418095 1.1165000000000003 0.031500000000000007 13.500000000000002
decision_type=2 2 2 2 2 2 2 2 2 1 2 2 2 2 2 9 2 2 2 2
left_child=6 2 3 7 -5 -6 -1 8 9 10 11 -2 13 18 15 -11 -16 -8 -10 -14
right_child=1 -3 -4 4 5 -7 17 -9 12 14 -12 -13 19 -15 16 -17 -18 -19 -20 -21
leaf_value=-0.16234510323704129 0.11905083434100888 -0.16957598340335245 0.27018131348315583 -0.011018049408394929 0.32341381329444874 0.0087645332656358342 0.10069049379084845 -0.087769371919658876 -0.044985760888830439 -0.22102651462136361 0.35955226490464354 -0.014254383098736128 -0.22498929097739656 0.080650386907575908 -0.010059664171201705 -0.018063487436794021 0.098397793667101163 -0.19511179164705408 0.01309645794100851 -0.016594979733564798
leaf_weight=397 396 149 110 180 164 111 125 145 1347 102 118 253 114 173 314 474 339 131 1499 114
leaf_count=397 396 149 110 180 164 111 125 145 1347 102 118 253 114 173 314 474 339 131 1499 114
internal_value=0.000273551 0.00106454 0.0015145 0.00117882 0.00947656 0.0173085 -0.00711767 0.00047807 0.000865123 0.00392777 0.00944123 0.00595352 -0.0010175 -0.000129791 0.00040665 -0.00486083 0.00505947 0.00131187 -0.00098378 -0.0127712
internal_weight=6755 6102 5953 5843 455 275 653 5388 5243 1996 767 649 3247 3019 1229 576 653 256 2846 228
internal_count=6755 6102 5953 5843 455 275 653 5388 5243 1996 767 649 3247 3019 1229 576 653 256 2846 228
cat_boundaries=0 1 2
cat_threshold=86 385
is_linear=0
shrinkage=0.056


Tree=79
num_leaves=21
num_cat=1
split_feature=59 2 208 117 308 257 186 317 254 257 278 308 250 123 218 135 162 198 220 176
split_gain=10.2426 15.8448 15.5273 11.9519 9.02879 9.14127 13.0939 13.215 11.2848 13.3427 15.0519 11.3056 10.9271 14.0019 11.7595 10.5927 10.4888 10.1702 10.6889 9.96936
threshold=1728.5000000000002 0 0.56773440106773443 12.500000000000002 -0.93599999999999983 0.22540322580645164 0.16250000000000003 0.9215000000000001 0.28648240327023305 0.27346041055718479 -0.0033947132705604674 0.91750000000000009 -4.2522141995753371 1629.5000000000002 0.38918128654970768 55.500000000000007 74.500000000000014 -0.13694456333834368 5.6012816951997797 0.47520491803278692
decision_type=2 1 2 2 2 2 2 2 2 2 2 2 2 2 2 2 2 2 2 2
left_child=4 3 -3 -2 -1 6 7 12 9 11 -11 19 -6 15 -15 16 -14 -8 -19 -7
right_child=1 2 -4 -5 5 8 17 -9 -10 10 -12 -13 13 14 -16 -17 -18 18 -20 -21
leaf_value=0.14000801947069447 -0.17627218523657645 -0.20733256114450516 -0.028966626200878202 0.11467510147979711 -0.10295383436863731 0.0006261751186827524 0.16463324121649039 -0.28638236111938548 -0.2053999712242415 -0.17127144064824376 0.039880572444365291 0.32595795735604799 0.0061117000514238672 0.014297194755536466 0.19302267705325166 -0.082539714569573125 -0.065269386920918188 -0.037417665085216073 0.093852825010090304 0.19073796034910395
leaf_weight=106 116 150 123 124 153 255 127 191 109 142 508 138 2761 127 122 211 715 216 140 221
leaf_count=106 116 150 123 124 153 255 127 191 109 142 508 138 2761 127 122 211 715 216 140 221
internal_value=7.45876e-05 -0.00753184 -0.0164234 0.00313535 0.00069975 0.000419791 -0.000740676 -0.00172707 0.00444562 0.00593658 0.000344368 0.0118564 -0.0010545 -0.000483699 0.0123688 -0.00135173 -0.000612152 0.00799966 0.00314561 0.00776436
internal_weight=6755 513 273 240 6242 6136 4763 4280 1373 1264 650 614 4089 3936 249 3687 3476 483 356 476
internal_count=6755 513 273 240 6242 6136 4763 4280 1373 1264 650 614 4089 3936 249 3687 3476 483 356 476
cat_boundaries=0 1
cat_threshold=1169
is_linear=0
shrinkage=0.056


Tree=80
num_leaves=21
num_cat=1
split_feature=318 53 42 3 137 274 157 253 318 268 174 231 29 276 213 267 173 306 192 275
split_gain=13.7125 12.1922 12.5909 12.7177 13.5176 11.5243 13.4297 11.6894 11.0776 10.7524 19.0327 20.8013 15.4499 15.2921 15.4722 13.5926 14.1442 13.244 13.0139 12.8846
threshold=0.029500000000000002 2.5000000000000004 17.500000000000004 0 635.82500000000016 0.38583959899749382 1.8122508579090646 1.1153796754117662 -0.053999999999999992 2.8082207207207213 0.036663963752933425 0.25198412698412703 576.50000000000011 19.06423879399609 0.89548169844594672 0.21050000000000002 0.84445011125204594 0.057500000000000009 2.0401553476661847 0.15707236842105265
decision_type=2 2 2 1 2 2 2 2 2 2 2 2 2 2 2 2 2 2 2 2
left_child=8 2 3 4 -2 6 7 -5 -1 10 15 -12 18 14 -11 16 17 -3 -13 -18
right_child=1 9 -4 5 -6 -7 -8 -9 -10 13 11 12 -14 -15 -16 -17 19 -19 -20 -21
leaf_value=-0.01074601242066177 0.0022473008244063095 -0.37662882848827556 0.19737145869830755 -0.042478568911706552 0.21974882486934411 0.052265934271812177 -0.20345868829431948 0.068737812834020459 0.10254817348377973 0.073313424117894363 0.11870718075475006 -0.12619804339112461 -0.18690232529761905 -0.10959274220084923 -0.020084558111685028 0.0073744893658998839 -0.12235110366647502 -0.019094012784080548 0.079771172566175372 -0.36080585516720831
leaf_weight=314 477 101 255 698 294 194 125 122 703 603 250 293 103 205 963 213 104 359 185 173
leaf_count=314 477 101 255 698 294 194 125 122 703 603 250 293 103 205 963 213 104 359 185 173
internal_value=-9.97682e-05 -0.00116562 0.00214681 0.000586303 0.00609454 -0.00316783 -0.00574797 -0.00314127 0.00589168 -0.00318464 -0.00625707 -6.71952e-05 -0.00587924 -9.47709e-05 0.00178789 -0.0116714 -0.0152725 -0.00925181 -0.00163983 -0.0252701
internal_weight=6734 5717 2165 1910 771 1139 945 820 1017 3552 1781 831 581 1771 1566 950 737 460 478 277
internal_count=6734 5717 2165 1910 771 1139 945 820 1017 3552 1781 831 581 1771 1566 950 737 460 478 277
cat_boundaries=0 1
cat_threshold=1105
is_linear=0
shrinkage=0.056


Tree=81
num_leaves=21
num_cat=1
split_feature=158 314 173 318 134 265 177 72 42 168 314 180 139 160 160 276 315 312 197 197
split_gain=10.3512 12.3952 11.4058 14.9847 12.3155 10.5644 13.7598 16.4201 13.2736 14.1603 13.51 12.6482 12.1472 12.2894 15.6158 11.6288 11.0254 10.8163 10.782 10.6763
threshold=-0.26365848907268347 4.0500000000000007 1.1836615452855459 -0.064999999999999988 54.500000000000007 0.040500000000000008 0.26209992193598758 0 63.500000000000007 0.57517123287671235 59.95000000000001 3.4645143340813731 227.01499999999999 0.46225071225071229 0.48683298683298687 10.715170548832234 91.350000000000009 0.63950000000000007 1.5303568763097106 1.7549997400214845
decision_type=2 2 2 2 2 2 2 9 2 2 2 2 2 2 2 2 2 2 2 2
left_child=-1 2 3 -2 -5 12 7 8 9 10 -7 -8 13 19 -15 -16 -11 -14 -12 -3
right_child=1 5 -4 4 -6 6 11 -9 -10 16 18 -13 17 14 15 -17 -18 -19 -20 -21
leaf_value=-0.10362689438625176 -0.022025614494768461 -0.036060824565719657 -0.073928524371890514 0.15531582363288515 -0.033586363537836464 0.12548950754882346 0.018759373224609036 0.063834095555998435 -0.34861419268494465 0.014545671022973088 0.071435264334150733 -0.16576625251354821 0.24340125844123325 0.17594010847875791 0.010806412125995124 -0.19708187595676743 -0.29939051915261028 -0.025865424021206281 -0.2797155151747166 -0.18652065636620116
leaf_weight=246 191 1560 224 683 107 338 164 1167 118 145 148 245 163 136 270 104 132 147 127 319
leaf_count=246 191 1560 224 683 107 338 164 1167 118 145 148 245 163 136 270 104 132 147 127 319
internal_value=0.000349248 0.000776794 0.00590194 0.00850544 0.0119086 -0.000392171 0.00216712 0.00393924 -0.00132008 0.00100656 0.00575503 -0.00725632 -0.00284247 -0.00419583 0.00351341 -0.00239529 -0.00950121 0.00758657 -0.00346123 -0.00628836
internal_weight=6734 6488 1205 981 790 5283 2584 2175 1008 890 613 409 2699 2389 510 374 277 310 275 1879
internal_count=6734 6488 1205 981 790 5283 2584 2175 1008 890 613 409 2699 2389 510 374 277 310 275 1879
cat_boundaries=0 1
cat_threshold=237
is_linear=0
shrinkage=0.056


Tree=82
num_leaves=21
num_cat=3
split_feature=59 235 289 190 308 3 176 99 120 72 291 276 3 162 187 166 29 28 289 139
split_gain=14.9829 10.8262 14.5324 15.0216 16.408 14.5716 13.7257 13.6382 11.701 11.4469 11.0636 10.3141 10.24 9.82462 11.3525 10.2862 13.0914 10.0404 17.2508 12.0104
threshold=1908.5000000000002 0.3521927016645327 0.51887464387464399 0.15504807692307696 0.61450000000000016 0 0.42340286831812263 375.50000000000006 21.500000000000004 1 0.95505050505050526 8.2828839355756134 2 81.500000000000014 0.20050000000000004 1.2950900116792294 272.50000000000006 338.50000000000006 0.46385017421602798 300.52000000000004
decision_type=2 2 2 2 2 1 2 2 2 9 2 2 1 2 2 2 2 2 2 2
left_child=1 7 3 10 6 -4 -5 8 13 -8 -3 -6 -10 15 -15 17 -17 19 -19 -1
right_child=-2 2 5 4 11 -7 9 -9 12 -11 -12 -13 -14 14 -16 16 -18 18 -20 -21
leaf_value=-0.0062445899329487175 -0.13074981972085037 0.057111715449878829 0.12068083719947049 -0.33910296652271654 0.02161615530645309 -0.17280923096974474 -0.18162615740126423 0.20917787942434646 -0.20440420389650965 0.05472454976737693 0.38597899736829128 0.3140122047428261 -0.018111088533095902 -0.14584149697642784 0.030078902168981174 -0.01800494046551188 -0.21471743725189527 0.012306944354214037 0.20925050993134592 0.21786188272249715
leaf_weight=2798 298 106 119 122 281 137 100 107 128 218 122 234 192 293 125 321 117 466 189 261
leaf_count=2798 298 106 119 122 281 137 100 107 128 218 122 234 192 293 125 321 117 466 189 261
internal_value=0.000249456 0.000817874 0.00509787 0.00771584 0.00463229 -0.00699936 -0.00330872 -0.000414617 -0.000847411 0.0028171 0.0206308 0.0114172 -0.0111995 -0.000122503 -0.00830582 0.00070131 -0.00741515 0.00165855 0.00795089 0.00031116
internal_weight=6734 6436 1439 1183 955 256 440 4997 4890 318 228 515 320 4570 418 4152 438 3714 655 3059
internal_count=6734 6436 1439 1183 955 256 440 4997 4890 318 228 515 320 4570 418 4152 438 3714 655 3059
cat_boundaries=0 1 2 3
cat_threshold=1760 789 165
is_linear=0
shrinkage=0.056


Tree=83
num_leaves=21
num_cat=2
split_feature=321 309 307 205 140 114 299 225 236 275 263 225 299 6 164 59 294 243 2 317
split_gain=11.061 10.6444 10.1605 15.5569 12.7962 13.4484 13.4137 11.9623 15.6237 13.4533 14.4847 11.8058 14.4701 14.0347 12.8226 15.6061 10.6994 10.5866 10.5206 11.3513
threshold=0.92200000000000015 0.58350000000000002 0.40050000000000008 -0.18515732566229579 2023.5000000000002 40.500000000000007 5.5000000000000009 74.050000000000011 0.4491379310344828 0.41522988505747133 -1.7704999999999997 70.850000000000009 7.5000000000000009 0 0.83974358974358987 1383.5000000000002 0.20907408546070039 5.3818181818181827 1 0.52050000000000007
decision_type=2 2 2 2 2 2 2 2 2 2 2 2 2 9 2 2 2 2 1 2
left_child=2 -2 4 -4 17 -6 -7 11 9 10 -9 12 14 -14 -5 -16 -11 -1 19 -12
right_child=1 -3 3 7 5 6 -8 8 -10 16 18 -13 13 -15 15 -17 -18 -19 -20 -21
leaf_value=-0.049387975630207907 0.010757920808943677 -0.22289154495158622 0.1856142594318691 0.010194958994753641 0.13919043187493285 0.1082574954735137 -0.16868892223373352 0.021693182873217975 0.10682739674382923 0.20828442797277563 0.054474090155911037 0.064555331107559955 -0.039743440626188627 0.30890664715612232 -0.024882296693854087 -0.3112536718690786 -0.062802363617286666 -0.27085164267987161 -0.16867994525535915 -0.13634252238434627
leaf_weight=1041 126 137 154 2090 148 141 131 174 124 108 99 794 122 216 467 99 104 121 166 172
leaf_count=1041 126 137 154 2090 148 141 131 174 124 108 99 794 122 216 467 99 104 121 166 172
internal_value=0.000399145 -0.0108587 0.000856721 0.00211901 -0.00304415 0.00533294 -0.00205823 0.00154928 -0.00408008 -0.00687222 -0.0110897 0.00295666 0.00134664 0.0122599 -4.21082e-05 -0.00751914 0.00528225 -0.00607215 -0.0165305 -0.00856881
internal_weight=6734 263 6471 4889 1582 420 272 4735 947 823 611 3788 2994 338 2656 566 212 1162 437 271
internal_count=6734 263 6471 4889 1582 420 272 4735 947 823 611 3788 2994 338 2656 566 212 1162 437 271
cat_boundaries=0 1 2
cat_threshold=1098 1167
is_linear=0
shrinkage=0.056


Tree=84
num_leaves=21
num_cat=0
split_feature=91 237 164 106 110 23 313 188 148 303 312 316 294 324 175 58 17 318 320 183
split_gain=12.0543 12.6065 12.5901 17.5587 15.4277 13.3682 12.981 12.5942 16.6439 11.189 10.5702 11.3717 13.031 11.2317 13.5275 10.8 13.9822 12.5283 10.5222 10.3703
threshold=1.0000000180025095e-35 1.9286787240276333 0.85164835164835173 61.500000000000007 18421.000000000004 127.50000000000001 189.35000000000005 3.3775985663082442 0.090500000000000011 61.250000000000007 0.14650000000000002 64.450000000000017 0.29010828484234946 0.69450000000000001 0.69652889245585892 1452.5000000000002 7.5000000000000009 0.66700000000000015 0.63850000000000018 -0.98449999999999982
decision_type=2 2 2 2 2 2 2 2 2 2 2 2 2 2 2 2 2 2 2 2
left_child=1 2 3 10 7 6 -5 8 -4 -10 -1 12 15 -13 -15 16 -12 -17 -9 -3
right_child=-2 19 4 5 -6 -7 -8 18 9 -11 11 13 -14 14 -16 17 -18 -19 -20 -21
leaf_value=0.14135090286998614 0.063314711708970794 -0.089144554108938526 -0.092666601853499203 0.038626314783380307 -0.26455783322703696 -0.051104320811927693 0.28333987061632543 -0.014071958151237525 -0.15154016602640255 0.074525828306211711 0.01757488005154147 0.07426096165071544 -0.070595304430952605 -0.20540993493965146 0.038547650242903631 0.29488937236363499 -0.20739000736098528 -0.0058997416643086524 -0.27867273840409063 0.01540228991841083
leaf_weight=179 704 613 192 126 125 105 132 142 135 508 2070 209 273 360 133 134 126 100 143 259
leaf_count=179 704 613 192 126 125 105 132 142 135 508 2070 209 273 360 133 134 126 100 143 259
internal_value=-0.000413688 -0.00121897 -0.000172542 0.00137619 -0.0050826 0.0131125 0.0199683 -0.00299986 0.000469268 0.00478979 0.000187455 -0.000509791 0.00113941 -0.00686016 -0.0114723 0.00244273 0.00122397 0.0138796 -0.0131643 -0.00744935
internal_weight=6768 6064 5192 3947 1245 363 258 1120 835 643 3584 3405 2703 702 493 2430 2196 234 285 872
internal_count=6768 6064 5192 3947 1245 363 258 1120 835 643 3584 3405 2703 702 493 2430 2196 234 285 872
is_linear=0
shrinkage=0.056


Tree=85
num_leaves=21
num_cat=1
split_feature=248 4 303 254 224 285 239 298 213 206 36 170 178 206 3 44 22 248 322 313
split_gain=11.1789 9.40359 8.51657 8.55833 9.72424 14.3127 14.0853 11.8721 12.7064 12.1876 12.0403 11.8507 11.9861 12.9382 11.8287 13.7469 15.1771 11.5483 11.0167 10.4059
threshold=0.79135572139303489 2084.5000000000005 222.15000000000003 0.41074464313430231 1.1365000000000001 -0.016921346003032186 0.62767897856817156 0.41548451548451554 1.1146096854485819 1.0804760848740533 157.50000000000003 9.7568450364692527 0.45729483282674777 0.66539258952114255 0 552.50000000000011 25.500000000000004 0.63811445341159223 0.66750000000000009 205.55000000000004
decision_type=2 2 2 2 2 2 2 2 2 2 2 2 2 2 1 2 2 2 2 2
left_child=1 2 3 4 6 11 14 10 9 -9 17 12 13 -6 19 16 -16 -7 -8 -1
right_child=-2 -3 -4 -5 5 7 18 8 -10 -11 -12 -13 -14 -15 15 -17 -18 -19 -20 -21
leaf_value=0.0025591783323248444 -0.17376928451707976 0.22104086840570228 0.13394940714019932 -0.096416930764924275 0.12405935789297458 0.057473947744404542 -0.31377083674609235 0.017197546845615592 -0.056081385623485767 0.25292968971987595 -0.014999697419289462 -0.18149919296460887 0.06461264840072195 -0.12176195418111829 -0.053319686747227417 -0.21856937198936985 0.04792044385326797 0.25213204081998952 -0.018470088503201809 0.18391629097833079
leaf_weight=536 123 115 124 410 123 672 104 758 368 156 265 185 143 318 1055 131 719 130 109 224
leaf_count=536 123 115 124 410 123 672 104 758 368 156 265 185 143 318 1055 131 719 130 109 224
internal_value=-0.000115815 0.000193806 -8.57334e-05 -0.000367131 0.000168085 0.00233478 -0.00217923 0.00450568 0.000873509 0.0044112 0.00886957 -0.00429628 -0.000383286 -0.00495201 -0.00107161 -0.00342133 -0.00214647 0.0122891 -0.0160368 0.00479979
internal_weight=6768 6645 6530 6406 5996 3118 2878 2349 1282 914 1067 769 584 441 2665 1905 1774 802 213 760
internal_count=6768 6645 6530 6406 5996 3118 2878 2349 1282 914 1067 769 584 441 2665 1905 1774 802 213 760
cat_boundaries=0 1
cat_threshold=336
is_linear=0
shrinkage=0.056


Tree=86
num_leaves=21
num_cat=2
split_feature=91 62 123 278 2 5 4 241 3 316 233 240 324 206 57 150 178 313 254 298
split_gain=10.7764 10.0298 13.9393 21.3687 10.5592 19.1563 14.7262 14.3445 13.1916 12.7205 13.0864 11.9845 11.9742 10.6048 10.4348 10.2902 10.1085 11.1813 10.2735 9.67052
threshold=1.0000000180025095e-35 156.50000000000003 1629.5000000000002 0.26870102452260092 0 1402.5000000000002 1246.5000000000002 19.613904337459239 1 33.150000000000013 1.849561313523518 0.54226190476190483 0.82150000000000001 1.1997617247578123 14.500000000000002 179.50000000000003 0.51442441054091548 164.75000000000003 0.39314710938036707 0.42280606717226438
decision_type=2 2 2 2 1 2 2 2 1 2 2 2 2 2 2 2 2 2 2 2
left_child=1 2 4 14 5 12 -7 8 9 10 -6 -9 19 -11 -4 16 18 -18 -8 -1
right_child=-2 -3 3 -5 7 6 15 11 -10 13 -12 -13 -14 -15 -16 -17 17 -19 -20 -21
leaf_value=0.28989493144754752 0.058532134558727328 -0.1173257786287588 0.25424575011045708 -0.020426883828189243 -0.03818844723085215 -0.39127630043861039 -0.002125254866288266 0.32533066290255991 -0.2152729408956342 -0.010762339609042396 -0.1301827047028298 -0.071125646893980279 -0.056669706489676203 0.25164174057430244 0.086879970805328638 -0.16556372931733324 -0.048579731458089866 0.11421921651750461 -0.16418906080021886 0.048424273142480136
leaf_weight=352 704 219 118 190 425 114 2035 101 249 595 310 106 165 102 105 116 102 228 206 226
leaf_count=352 704 219 118 190 425 114 2035 101 249 595 310 106 165 102 105 116 102 228 206 226
internal_value=-0.000512979 -0.00127438 -0.000833505 0.00908434 -0.0015876 0.000220551 -0.00189926 -0.00495671 -0.00669592 -0.00450474 -0.00967596 0.00892674 0.00821512 0.000883556 0.0208423 -0.00106284 -0.000326659 0.00882374 -0.00167418 0.0120136
internal_weight=6768 6064 5845 413 5432 3544 2801 1888 1681 1432 735 207 743 697 223 2687 2571 330 2241 578
internal_count=6768 6064 5845 413 5432 3544 2801 1888 1681 1432 735 207 743 697 223 2687 2571 330 2241 578
cat_boundaries=0 1 2
cat_threshold=783 1264
is_linear=0
shrinkage=0.056


Tree=87
num_leaves=21
num_cat=0
split_feature=91 212 86 153 4 139 277 237 205 173 50 277 317 155 290 158 235 136 137 4
split_gain=9.78785 10.1056 14.7436 12.6232 8.90994 12.5164 12.5215 11.7348 12.4197 11.8521 11.6484 13.1599 12.3449 10.8054 12.1032 10.9349 10.5431 10.5173 14.1115 11.2038
threshold=1.0000000180025095e-35 52.500000000000007 83.500000000000014 1.6492918111302737 1207.5000000000002 -37.37999999999996 1.6184855921071704 1.8686319308502257 0.23798630701861581 1.0339291196792149 182.50000000000003 1.4654610758520612 0.46950000000000003 0.38729838709677428 16.370569088302322 -0.13170522245355817 0.36410984848484856 2021.5000000000002 778.81000000000006 1612.5000000000002
decision_type=2 2 2 2 2 2 2 2 2 2 2 2 2 2 2 2 2 2 2 2
left_child=4 2 -2 -4 5 -1 -7 10 9 -9 12 -12 17 14 15 -14 -17 19 -19 -6
right_child=1 -3 3 -5 7 6 -8 8 -10 -11 11 -13 13 -15 -16 16 -18 18 -20 -21
leaf_value=-0.2373361948376389 -0.01871133376819754 0.1973828144090464 0.25766524350007153 0.010278742733644038 0.20051038628827669 -0.083807871793571631 0.11312399011734592 -0.020809417634945832 0.015235404569343757 -0.17824770272472318 0.31676830381572008 0.00013852723524209764 -0.19332152318341106 -0.10142542308720144 0.19357010534134744 -0.011452866678681275 0.11343537211535774 -0.014240613031480784 0.12269425834291699 0.00071896609379844994
leaf_weight=253 326 133 117 128 357 194 124 413 225 275 150 178 131 295 98 1985 289 673 186 238
leaf_count=253 326 133 117 128 357 194 124 413 225 275 150 178 131 295 98 1985 289 673 186 238
internal_value=-0.000364042 0.00588613 0.0026477 0.0130279 -0.00108968 -0.00774752 -0.000351695 -0.000397568 -0.00619478 -0.00992999 0.000758043 0.0109263 -2.63027e-05 -0.00220151 -0.00100673 -0.00179286 -0.000886473 0.00415945 0.000195389 0.00988207
internal_weight=6768 704 571 245 6064 571 318 5493 913 688 4580 328 4252 2798 2503 2405 2274 1454 859 595
internal_count=6768 704 571 245 6064 571 318 5493 913 688 4580 328 4252 2798 2503 2405 2274 1454 859 595
is_linear=0
shrinkage=0.056


Tree=88
num_leaves=21
num_cat=4
split_feature=159 322 197 324 295 187 164 23 148 214 206 117 2 3 2 294 293 318 2 320
split_gain=10.0997 14.8961 11.0948 10.99 14.5191 15.587 10.6358 18.1388 14.453 11.9031 12.9038 10.279 9.67504 9.54337 18.3341 15.4426 12.758 13.675 12.3467 19.3243
threshold=0.6322684246112239 0.45050000000000007 2.6221184047657515 0.94650000000000001 0.59731240981240996 0.16750000000000004 0.85164835164835173 102.50000000000001 0.086500000000000007 0.13884612920638079 1.0555477576657515 20.500000000000004 0 1 2 -0.23330970002332155 0.89180467237484751 0.13250000000000003 3 0.084500000000000006
decision_type=2 2 2 2 2 2 2 2 2 2 2 2 1 1 1 2 2 2 1 2
left_child=2 -2 3 6 -5 -6 11 8 -8 10 12 13 -10 15 16 -1 17 -15 -17 -20
right_child=1 -3 -4 4 5 -7 7 -9 9 -11 -12 -13 -14 14 -16 18 -18 -19 19 -21
leaf_value=-0.18443967993133739 -0.056867201721325485 0.098902169302309051 -0.18035951713036466 -0.26332858557145333 -0.11725790631873224 0.099731100708248546 -0.10676414217486542 -0.24036420504783754 -0.096907732618742665 -0.053054059308457892 0.18740134073980558 0.28239343716094728 0.072061862000687496 -0.11618273137698025 -0.17401414753182445 0.0042846478300694203 0.02781354623909418 0.0011484910311143892 0.38781297511676277 0.056693235792962052
leaf_weight=128 196 291 107 203 206 134 260 218 105 321 177 104 287 256 157 926 849 615 159 1045
leaf_count=128 196 291 107 203 206 134 260 218 105 321 177 104 287 256 157 926 849 615 159 1045
internal_value=0.00016605 0.00793395 -0.000438523 -0.000127454 -0.0077345 -0.00065835 0.00060921 -0.00368409 -0.000876382 0.00251667 0.00738108 0.00199477 0.00171387 0.0015574 -0.00139472 0.00399993 0.000323606 -0.00443609 0.00515297 0.00885654
internal_weight=6744 487 6257 6150 543 340 5607 1368 1150 890 569 4239 392 4135 1877 2258 1720 871 2130 1204
internal_count=6744 487 6257 6150 543 340 5607 1368 1150 890 569 4239 392 4135 1877 2258 1720 871 2130 1204
cat_boundaries=0 1 2 3 4
cat_threshold=1424 1139 910 1104
is_linear=0
shrinkage=0.056


Tree=89
num_leaves=20
num_cat=0
split_feature=311 5 18 47 193 197 223 308 168 153 5 4 260 260 172 124 317 120 177
split_gain=10.6462 13.3224 14.3154 11.263 9.76972 9.29712 10.1661 11.1384 10.7869 7.80022 7.68364 11.7267 8.85438 15.4597 14.986 13.5826 11.7151 11.25 6.59941
threshold=0.84450000000000014 1378.5000000000002 2.5000000000000004 21156.000000000004 0.17337880455762236 2.4711218150558865 1.5790241201407971 0.39300000000000007 0.54658914728682173 1.6566834695513055 1934.5000000000002 1660.5000000000002 -3.0116689808962129 -1.417045040724956 21.500000000000004 65.500000000000014 0.52250000000000008 20.500000000000004 0.10840188014101058
decision_type=2 2 2 2 2 2 2 2 2 2 2 2 2 2 2 2 2 2 2
left_child=3 9 18 5 -4 6 10 -8 -9 -2 12 -12 14 -14 -1 17 -16 -15 -3
right_child=1 2 4 -5 -6 -7 7 8 -10 -11 11 -13 13 15 16 -17 -18 -19 -20
leaf_value=0.063441441336459362 0.18321422436321083 0.0051723428576277613 -0.0016797991807715551 -0.06971902601370028 0.23413802788825491 -0.15017560725313889 0.138121549824891 0.14208693111696524 -0.077680024709819648 0.1250777672482391 -0.47924654655860355 -0.0087572853740372093 0.26806240674419213 0.0023850748567194255 -0.0094435069515967033 0.15392944425554314 -0.19300377801544194 -0.11473443351896798 -0.33413860699986747
leaf_weight=115 102 98 100 98 109 161 132 151 102 110 111 182 120 4172 169 151 188 267 106
leaf_count=115 102 98 100 98 109 161 132 151 102 110 111 182 120 4172 169 151 188 267 106
internal_value=0.000116228 0.00707814 0.00121995 -0.000594842 0.0115207 -0.000288297 7.64231e-05 0.0088723 0.00199146 0.0184898 -0.000542071 -0.00936462 -4.31955e-05 0.000689562 -0.00735558 0.000170771 -0.0130191 -0.000391043 -0.00933252
internal_weight=6744 625 413 6119 209 6021 5860 385 253 212 5475 293 5182 4710 472 4590 357 4439 204
internal_count=6744 625 413 6119 209 6021 5860 385 253 212 5475 293 5182 4710 472 4590 357 4439 204
is_linear=0
shrinkage=0.056


Tree=90
num_leaves=21
num_cat=1
split_feature=303 228 193 231 199 24 47 289 109 184 317 72 241 196 133 179 257 317 169 263
split_gain=10.4401 13.9335 16.5249 20.1504 13.8597 16.7353 11.3957 21.5418 14.5232 9.84963 9.23183 8.83718 8.57937 8.27463 9.69151 8.26778 17.3005 14.0377 13.2171 12.2112
threshold=140.60000000000002 0.21950000000000003 0.207299589983542 1.6702898550724641 0.38729838709677428 1.5000000000000002 18738.500000000004 0.46470099667774095 613.50000000000011 71.050000000000011 0.94700000000000006 0 10.715356466746497 1.2577358680307387 6.5000000000000009 7.5000000000000009 0.1181455633100698 0.87750000000000006 0.42740046838407497 -1.2824999999999998
decision_type=2 2 2 2 2 2 2 2 2 2 2 9 2 2 2 2 2 2 2 2
left_child=6 2 3 11 -4 -6 8 12 10 -7 15 -2 -8 14 -13 17 -17 19 -18 -1
right_child=1 -3 4 -5 5 9 7 -9 -10 -11 -12 13 -14 -15 -16 16 18 -19 -20 -21
leaf_value=0.028480785085761358 0.17943524725515897 -0.021503054507517255 0.22393829187587136 -0.15739325650272412 -0.060633084821873157 0.027804668488688525 -0.090516942408941967 0.10127040263356273 0.11613831354495902 0.31502932940304806 -0.17242486165793769 0.00801223584500977 -0.21555535958488553 -0.11939581360985536 0.25570347431363011 0.10645193021623739 0.0090262548149414954 0.17018893853784584 -0.12087979909111195 -0.021150344480542784
leaf_weight=1186 114 173 122 162 134 134 168 141 147 165 169 309 126 102 114 268 227 180 375 2228
leaf_count=1186 114 173 122 162 134 134 168 141 147 165 169 309 126 102 114 268 227 180 375 2228
internal_value=0.000215872 0.00428505 0.00619457 0.00104849 0.0136213 0.00892341 -0.00097715 -0.00965479 -0.000187414 0.0162937 -0.000737284 0.00552087 -0.0182851 0.00219783 0.00569228 -0.00025086 -0.00514924 0.000934847 -0.0104183 0.000131177
internal_weight=6744 1529 1356 801 555 433 5215 435 4780 299 4633 639 294 525 423 4464 870 3594 602 3414
internal_count=6744 1529 1356 801 555 433 5215 435 4780 299 4633 639 294 525 423 4464 870 3594 602 3414
cat_boundaries=0 1
cat_threshold=148
is_linear=0
shrinkage=0.056


Tree=91
num_leaves=21
num_cat=2
split_feature=205 159 322 240 260 225 3 236 256 2 229 311 66 164 148 168 324 291 30 289
split_gain=8.70089 8.54667 15.7245 9.21748 11.6292 14.7673 14.3033 10.2522 12.1746 14.3977 14.1765 10.4398 14.6134 11.0654 21.5051 17.8797 13.0072 12.1961 11.6738 11.5142
threshold=0.51660281556733267 0.6322684246112239 0.45050000000000007 0.54446640316205541 19.428326384454916 66.250000000000014 0 0.42020373514431247 0.45972972972972981 1 2.9283482142857147 0.8660000000000001 8.5000000000000018 0.85164835164835173 0.05050000000000001 0.72075923392612873 0.94450000000000001 1.4807407407407409 28.500000000000004 0.43513323983169711
decision_type=2 2 2 2 2 2 1 2 2 1 2 2 2 2 2 2 2 2 2 2
left_child=1 3 -3 7 -5 -6 -7 11 10 -10 -9 13 -13 15 -15 16 18 19 -1 -16
right_child=-2 2 -4 4 5 6 -8 8 9 -11 -12 12 -14 14 17 -17 -18 -19 -20 -21
leaf_value=0.00028948981682126984 -0.07221247407946739 -0.05408056719316106 0.10036550547730315 -0.1756191301997134 -0.15240861147349627 -0.22432166408782953 0.050671780017613188 0.085280050549601097 0.19482372553191851 0.0024055843333198332 -0.17484949981055911 0.0081595336030834964 0.17337608892787945 -0.25150330901481938 -0.033288282876434747 0.24532524998011521 -0.17517508940170834 -0.2313252300023047 0.10166973562191639 0.061238518337792175
leaf_weight=2810 156 190 281 159 160 109 317 133 228 169 108 237 127 121 544 111 265 98 170 251
leaf_count=2810 156 190 281 159 160 109 317 133 228 169 108 237 127 121 544 111 265 98 170 251
internal_value=0.000149442 0.000458992 0.00772789 -0.000100677 -0.00593803 -0.00229324 0.00315455 0.000708831 0.00737278 0.0134001 -0.00255534 -0.000189235 0.00892262 -0.000948247 -0.00607479 0.000600667 -0.000155266 -0.00307261 0.000901959 -0.00077464
internal_weight=6744 6588 471 6117 745 586 426 5372 638 397 241 4734 364 4370 1014 3356 3245 893 2980 795
internal_count=6744 6588 471 6117 745 586 426 5372 638 397 241 4734 364 4370 1014 3356 3245 893 2980 795
cat_boundaries=0 1 2
cat_threshold=513 350
is_linear=0
shrinkage=0.056


Tree=92
num_leaves=21
num_cat=1
split_feature=47 239 61 297 118 126 112 36 265 109 154 159 119 2 138 317 319 66 147 232
split_gain=10.0588 14.284 10.1458 10.0222 8.54664 12.6707 13.3971 12.7456 12.4911 11.7549 11.6656 10.76 10.166 10.0148 15.4796 10.9322 10.0462 9.65874 9.63714 9.45417
threshold=19915.500000000004 0.50833564879133097 64.500000000000014 0.3816526610644258 302.50000000000006 134.50000000000003 1.0000000180025095e-35 157.50000000000003 0.082500000000000018 461.50000000000006 0.12205240920889177 0.64326765188834167 311.50000000000006 0 754.75500000000011 0.43350000000000005 0.58750000000000002 11.500000000000002 0.085500000000000007 32.500000000000007
decision_type=2 2 2 2 2 2 2 2 2 2 2 2 2 1 2 2 2 2 2 2
left_child=2 -2 3 4 9 7 19 17 10 11 -9 13 -11 14 15 -1 -16 -6 -13 -7
right_child=1 -3 -4 -5 5 6 -8 8 -10 12 -12 18 -14 -15 16 -17 -18 -19 -20 -21
leaf_value=0.19391345417762348 -0.059202321335731459 0.010069212984155876 0.14453938134762975 -0.16485468843172046 -0.069524447870598291 0.0314447004006701 0.096107287479242562 -0.016225098106650192 0.0051576700937538645 0.29138952261139145 -0.25992732746142316 -0.022067436628882026 0.0066381154360519905 -0.011970418130087118 0.0071348750122841413 0.018243267882731864 -0.096557549771868492 0.087550401713245074 0.28268854833834617 -0.050665720388719221
leaf_weight=360 187 102 117 134 152 184 143 147 111 148 170 98 131 2774 269 780 186 150 170 169
leaf_count=360 187 102 117 134 152 184 143 147 111 148 170 98 131 2774 269 780 186 150 170 169
internal_value=-5.02603e-05 -0.0102693 0.000411675 0.000107049 0.000437616 -0.00374538 0.00316096 -0.00843813 -0.0146538 0.00148085 -0.0203149 0.000809109 0.0126446 0.000140957 0.00366345 0.00717179 -0.00504579 0.000370328 0.0117009 -0.00269642
internal_weight=6682 289 6393 6276 6142 1226 496 730 428 4916 317 4637 279 4369 1595 1140 455 302 268 353
internal_count=6682 289 6393 6276 6142 1226 496 730 428 4916 317 4637 279 4369 1595 1140 455 302 268 353
cat_boundaries=0 1
cat_threshold=524
is_linear=0
shrinkage=0.056


Tree=93
num_leaves=21
num_cat=1
split_feature=72 166 301 242 265 251 166 150 128 55 23 283 139 149 159 312 310 51 4 56
split_gain=8.17201 10.9009 9.94713 15.8254 14.3266 16.3502 12.491 11.7116 10.7733 15.7299 15.8894 10.5144 10.1757 12.8948 9.77555 10.2338 12.6431 12.1107 19.0705 13.2283
threshold=0 1.2149260822389505 140.70000000000002 68.500000000000014 0.062500000000000014 0.97402159244264519 0.86387493268563176 146.50000000000003 3740.5000000000005 246.50000000000003 52.500000000000007 3.4580419580419588 49.695000000000029 2.4876524390243904 0.64570147679324907 0.15100000000000002 0.12650000000000003 7.5000000000000009 1334.5000000000002 13.500000000000002
decision_type=9 2 2 2 2 2 2 2 2 2 2 2 2 2 2 2 2 2 2 2
left_child=1 2 8 7 6 -6 -5 12 9 10 11 -1 13 -4 15 -2 -17 18 -18 -19
right_child=14 -3 3 4 5 -7 -8 -9 -10 -11 -12 -13 -14 -15 -16 16 17 19 -20 -21
leaf_value=0.14354343880906131 0.13472319858300741 -0.028524768045534415 0.104168776478025 0.014841099205748779 -0.042381819433793412 0.22928786023253886 -0.19209110902724816 -0.048989372508592963 -0.13077198909969218 0.086533765342317243 -0.29340516250818321 -0.063674235699028345 0.091338978884596689 0.20981149048501715 0.081037760359345998 -0.087905609006770205 -0.16722060896020355 -0.094826591789105241 0.039032590856092612 0.0060948695378807791
leaf_weight=150 181 417 145 149 102 188 153 99 146 225 134 123 276 190 206 863 198 892 1257 588
leaf_count=150 181 417 145 149 102 188 153 99 146 225 134 123 276 190 206 863 198 892 1257 588
internal_value=-5.02603e-05 0.00247939 0.00414608 0.00713966 0.000378107 0.00926839 -0.00815839 0.0127772 -0.000863546 0.00230354 -0.00426496 0.00348658 0.0156724 0.0222323 -0.00156182 -0.00218141 -0.00280143 -0.00104935 0.00257858 -0.00461611
internal_weight=6682 2497 2080 1302 592 290 302 710 778 632 407 273 611 335 4185 3979 3798 2935 1455 1480
internal_count=6682 2497 2080 1302 592 290 302 710 778 632 407 273 611 335 4185 3979 3798 2935 1455 1480
cat_boundaries=0 1
cat_threshold=1178
is_linear=0
shrinkage=0.056


Tree=94
num_leaves=18
num_cat=2
split_feature=147 55 44 79 132 194 264 6 50 156 6 243 243 175 228 154 291
split_gain=9.49912 10.2348 17.8002 15.4232 10.4469 11.3506 10.5916 10.7802 10.2342 11.1464 11.4985 9.85445 11.2922 11.7329 14.3359 10.3939 8.21755
threshold=0.21150000000000002 421.50000000000006 698.50000000000011 6.5000000000000009 22.500000000000004 0.43120351588911432 68.050000000000011 0 141.50000000000003 0.36515151515151517 1 6.2111111111111121 5.8452380952380958 0.76396691635455694 0.17250000000000001 0.94017349911556403 0.90521114106019784
decision_type=2 2 2 2 2 2 2 9 2 2 9 2 2 2 2 2 2
left_child=1 2 4 -3 5 11 -7 -8 9 10 -6 12 13 15 -15 -1 -12
right_child=-2 3 -4 -5 8 6 7 -9 -10 -11 16 -13 -14 14 -16 -17 -18
leaf_value=0.0021843011047644437 0.099583846968436848 -0.33100292826923983 0.14777866987150429 0.012559902174726561 0.17979611452151978 -0.26332156764505776 0.11772216224187329 -0.061934993694370145 0.0082288834164453532 -0.30170351251481409 -0.15863876281130063 -0.21567104183109925 0.12570608937640351 0.20723079014168339 -0.0096515848652789765 -0.12195362755996744 -0.010462796192177805
leaf_weight=4387 153 125 107 114 101 101 102 127 182 113 117 154 150 289 150 107 103
leaf_count=4387 153 125 107 114 101 101 102 127 182 113 117 154 150 289 150 107 103
internal_value=-0.000251398 -0.000574642 -0.000142423 -0.0119491 -0.000534342 0.000231334 -0.00984192 -0.00317833 -0.00745428 -0.0121286 -0.00680323 0.000866114 0.00128897 0.000828672 0.00956682 -2.48864e-05 -0.0136341
internal_weight=6682 6529 6290 239 6183 5567 330 229 616 434 321 5237 5083 4933 439 4494 220
internal_count=6682 6529 6290 239 6183 5567 330 229 616 434 321 5237 5083 4933 439 4494 220
cat_boundaries=0 1 2
cat_threshold=15 385
is_linear=0
shrinkage=0.056


Tree=95
num_leaves=15
num_cat=1
split_feature=197 123 54 133 55 107 315 89 120 106 3 118 68 253
split_gain=9.5121 8.97304 15.3924 12.2825 13.982 10.7831 14.8532 9.36071 9.31675 8.79681 11.6347 9.99599 10.9451 10.029
threshold=2.6749529119697266 1967.5000000000002 409.50000000000006 29.500000000000004 414.50000000000006 67.500000000000014 87.050000000000011 10.500000000000002 20.500000000000004 59.500000000000007 0 322.50000000000006 24.500000000000004 1.0109768267516495
decision_type=2 2 2 2 2 2 2 2 2 2 1 2 2 2
left_child=1 3 -3 4 5 7 -7 9 -9 11 -11 12 -1 -13
right_child=-2 2 -4 -5 -6 6 -8 8 -10 10 -12 13 -14 -15
leaf_value=0.0031820743780145194 -0.11091459005964259 0.18795400184443464 -0.021327141404226833 -0.17027500281720284 -0.26577170201538919 -0.040109524614840096 0.15453114027110629 -0.0028465027798821761 -0.15297722561488311 -0.065896493246105428 0.1498741719883985 -0.15458011517118359 0.27255606258099502 0.038557650837945691
leaf_weight=4742 103 161 102 190 169 100 148 175 110 110 157 203 98 114
leaf_count=4742 103 161 102 190 169 100 148 175 110 110 157 203 98 114
internal_value=3.34988e-05 0.000297893 0.0104328 -0.000124104 0.00031078 0.00076143 0.0121929 0.000264817 -0.00962749 0.000784631 0.010696 0.000271444 0.000902446 -0.00936225
internal_weight=6682 6579 263 6316 6126 5957 248 5709 285 5424 267 5157 4840 317
internal_count=6682 6579 263 6316 6126 5957 248 5709 285 5424 267 5157 4840 317
cat_boundaries=0 1
cat_threshold=1091
is_linear=0
shrinkage=0.056


Tree=96
num_leaves=21
num_cat=2
split_feature=243 44 55 117 193 284 232 181 2 3 174 251 285 275 132 145 188 153 292 298
split_gain=9.56552 10.966 11.7637 15.8122 12.4986 10.9286 15.2124 12.7162 17.1451 15.6627 13.6719 13.5069 10.7811 12.7093 10.6133 10.274 11.064 11.406 9.59995 18.6055
threshold=6.4450549450549461 711.00000000000011 361.50000000000006 19.500000000000004 0.80180795864220988 0.55777777777777793 64.500000000000014 13.500000000000002 0 1 0.017949762426971095 0.90990259740259749 -0.16045312017267302 0.1408730158730159 11.500000000000002 61.650000000000013 3.5190584231423716 1.9814607226027281 44.500000000000007 0.47655677655677658
decision_type=2 2 2 2 2 2 2 2 1 1 2 2 2 2 2 2 2 2 2 2
left_child=1 2 4 15 5 6 7 8 11 -10 -9 -1 -7 -14 -6 -4 17 -17 -15 -20
right_child=-2 -3 3 -5 14 12 -8 10 9 -11 -12 -13 13 18 -16 16 -18 -19 19 -21
leaf_value=-0.06708193177228719 -0.1660531974298711 0.05375769328962255 -0.30462999192890228 0.094890286533670709 0.13240064081273278 -0.17809442355330751 -0.15523929072398968 -0.11802028112285984 0.14074459157498026 -0.014956314540740964 0.12298708876020008 -0.27704287488167478 0.20013112880156433 -0.00040740908295118673 -0.0083625122980554422 0.023219142126028408 -0.17086039154132898 -0.14485044575247741 0.1695049785046038 -0.0066824995028913602
leaf_weight=607 167 147 102 103 212 117 341 124 296 892 187 126 117 1572 107 201 118 180 489 522
leaf_count=607 167 147 102 103 212 117 341 124 296 892 187 126 117 1572 107 201 118 180 489 522
internal_value=0.000158145 0.000495097 0.000148423 -0.00668158 0.000990688 0.000353217 -0.00228521 -0.000602078 -0.00230288 0.00186965 0.009903 -0.00896882 0.00276317 0.00348438 0.0117612 -0.0101561 -0.00684536 -0.0022043 0.0026666 0.00692368
internal_weight=6727 6560 6413 704 5709 5390 2573 2232 1921 1188 311 733 2817 2700 319 601 499 381 2583 1011
internal_count=6727 6560 6413 704 5709 5390 2573 2232 1921 1188 311 733 2817 2700 319 601 499 381 2583 1011
cat_boundaries=0 1 2
cat_threshold=1234 1360
is_linear=0
shrinkage=0.056


Tree=97
num_leaves=21
num_cat=4
split_feature=64 273 193 289 72 53 233 205 290 4 267 72 53 245 3 166 93 197 241 72
split_gain=12.6649 9.99786 10.5084 12.6341 14.2833 14.5892 9.48882 8.98874 8.46232 12.0432 12.8499 13.4903 18.5678 13.4252 11.9264 11.4748 13.9326 11.0596 10.7328 10.7178
threshold=5280.0000000000009 -0.34001712186259075 0.12420184671406309 0.56306818181818186 0 5.5000000000000009 2.7180692136869866 -0.20192058690564488 14.400610069801171 1475.5000000000002 0.18750000000000003 1 3.5000000000000004 0.24730135340447862 2 0.94222891545619103 117.50000000000001 1.4085462668423752 3.5564303797321917 3
decision_type=2 2 2 2 9 2 2 2 2 2 2 9 2 2 1 2 2 2 2 9
left_child=1 -1 3 4 5 -3 7 -6 9 19 11 12 -11 17 -10 -12 -17 -13 -14 -4
right_child=-2 2 8 -5 6 -7 -8 -9 14 10 15 13 18 -15 -16 16 -18 -19 -20 -21
leaf_value=-0.067220484090250665 0.014855140611906891 -0.012347733106193286 0.012685613800200822 -0.17493218461145682 0.19290484129769836 -0.27928678236035437 -0.22667209746656475 -0.00037103819086018678 0.35715710366623743 0.26681992064015209 0.16065441075455589 0.12039945772611506 0.11437364869018259 -0.16210221451757995 0.024396053621671486 0.21292326916725549 -0.023764660214011742 -0.012282262239647282 -0.099843860515865454 -0.10733896600277423
leaf_weight=125 112 116 728 169 124 113 105 2534 102 128 269 98 135 198 177 98 168 371 177 680
leaf_count=125 112 116 728 169 124 113 105 2534 102 128 269 98 135 198 177 98 168 371 177 680
internal_value=0.000324638 8.44131e-06 0.000310607 -0.00200185 -0.00116037 -0.0142922 -2.01368e-05 0.000631994 0.00250641 0.00165241 0.00491098 0.00146688 0.00895963 -0.00355663 0.0118417 0.0120371 0.00378886 0.00155189 0.00179435 -0.00214761
internal_weight=6727 6615 6490 3161 2992 229 2763 2658 3329 3050 1642 1107 440 667 279 535 266 469 312 1408
internal_count=6727 6615 6490 3161 2992 229 2763 2658 3329 3050 1642 1107 440 667 279 535 266 469 312 1408
cat_boundaries=0 1 2 3 4
cat_threshold=36 1102 480 1458
is_linear=0
shrinkage=0.056


Tree=98
num_leaves=21
num_cat=2
split_feature=29 206 206 233 2 297 303 249 118 122 194 289 3 52 175 193 9 151 148 152
split_gain=12.8909 9.21365 17.2472 13.184 12.8695 11.2286 11.7655 10.946 10.3639 16.0604 14.0364 12.8512 12.1285 16.0434 12.4044 11.216 11.0097 13.1413 11.6708 9.78797
threshold=902.50000000000011 1.0804760848740533 1.102094470804037 1.7809026083355179 0 0.38675213675213682 214.10000000000005 0.46385017421602798 300.50000000000006 1147.5000000000002 0.386051763071044 0.3304597701149426 1 13.500000000000002 0.74305019305019315 0.13197106866362193 198.50000000000003 1.3357843137254906 0.17550000000000002 36.500000000000007
decision_type=2 2 2 2 1 2 2 2 2 2 2 2 1 2 2 2 2 2 2 2
left_child=1 5 -3 -4 7 6 8 19 9 12 11 -10 14 -14 -1 -11 18 -18 -13 -5
right_child=-2 2 3 4 -6 -7 -8 -9 10 15 -12 16 13 -15 -16 -17 17 -19 -20 -21
leaf_value=0.032045493862024495 0.018096227245031179 0.24291547567921734 0.081297168266527414 0.094324999965826578 -0.13669562817691722 -0.16135425629911532 0.14495455498751172 0.090481178819996358 -0.17235958721134065 0.041229605566047017 0.060920563082645811 -0.007269234341268257 -0.040090955287616151 0.10796872436353236 -0.15501822464201859 0.24495822886273419 0.039442560640167906 -0.086057467077003721 -0.26513865380318247 -0.046180493721658743
leaf_weight=1406 98 133 640 114 382 111 145 145 297 173 122 224 1691 133 169 156 190 121 127 150
leaf_count=1406 98 133 640 114 382 111 145 145 297 173 122 224 1691 133 169 156 190 121 127 150
internal_value=0.000407885 0.000109796 0.0038669 0.00207396 -0.00276086 -0.00105031 -0.000655599 0.00414281 -0.00112952 0.000270343 -0.0059573 -0.0082334 -0.000873151 -0.00396938 0.0027204 0.0120846 -0.00389099 0.00378083 -0.010689 -0.00254484
internal_weight=6727 6629 1564 1431 791 5065 4954 409 4809 3728 1081 959 3399 1824 1575 329 662 311 351 264
internal_count=6727 6629 1564 1431 791 5065 4954 409 4809 3728 1081 959 3399 1824 1575 329 662 311 351 264
cat_boundaries=0 1 2
cat_threshold=438 1137
is_linear=0
shrinkage=0.056


Tree=99
num_leaves=21
num_cat=2
split_feature=31 122 161 314 269 204 295 203 169 276 2 145 89 86 251 3 68 304 235 145
split_gain=14.1847 11.0195 10.6516 12.7749 10.5655 20.6098 11.8352 11.1415 15.4002 12.0587 10.8254 13.7755 10.9988 16.2741 11.7841 11.242 11.2114 9.83016 9.47616 9.32538
threshold=42.500000000000007 1364.5000000000002 16.173820441368573 140.40000000000003 121.50000000000001 0.86190476190476206 0.75333570539049999 2.1742424242424243 0.27622890682318418 4.2227358136147384 0 77.050000000000011 4.5000000000000009 39.500000000000007 1.1867732558139539 1 12.500000000000002 -5.3499999999999988 0.29379795396419445 71.550000000000011
decision_type=2 2 2 2 2 2 2 2 2 2 1 2 2 2 2 1 2 2 2 2
left_child=1 4 3 -3 6 7 10 8 -6 -9 11 12 13 15 16 -1 -14 -12 -11 -4
right_child=-2 2 19 -5 5 -7 -8 9 -10 18 17 -13 14 -15 -16 -17 -18 -19 -20 -21
leaf_value=0.0070732422288511286 0.021155813026700485 -0.064242866074786076 0.14446481795003399 0.051634089962124013 0.052183931804251682 0.18993836785705837 -0.081652371305446267 -0.022554342423971377 -0.24639903086952183 0.22947156468358429 0.084078516098043399 -0.15341403922451657 -0.03383772252388699 -0.1229450298491347 0.23024203573411348 0.11579474472819079 0.26046135827288786 -0.034492219093156425 0.04390005950153552 -0.030670867262039707
leaf_weight=806 129 1047 139 131 150 306 173 189 131 99 104 149 134 212 132 422 170 1727 273 104
leaf_count=806 129 1047 139 131 150 306 173 189 131 99 104 149 134 212 132 422 170 1727 273 104
internal_value=0.00027469 -8.48498e-05 -0.00445309 -0.00665521 0.00111413 0.00585352 -0.000236247 0.00132997 -0.00777166 0.00588919 0.000406597 0.00321958 0.00453723 0.00217767 0.0123299 0.00465133 0.00626262 -0.00270714 0.0117415 0.00622155
internal_weight=6727 6598 1421 1178 5177 1148 4029 842 281 561 3856 2025 1876 1440 436 1228 304 1831 372 243
internal_count=6727 6598 1421 1178 5177 1148 4029 842 281 561 3856 2025 1876 1440 436 1228 304 1831 372 243
cat_boundaries=0 1 2
cat_threshold=908 908
is_linear=0
shrinkage=0.056


Tree=100
num_leaves=21
num_cat=0
split_feature=44 47 109 43 293 262 283 71 36 110 108 109 267 29 40 299 139 124 309 143
split_gain=11.0596 13.8297 12.9125 13.2058 12.7864 10.9924 10.8189 10.1945 9.7258 9.22956 11.2114 15.5538 14.0045 13.9518 8.69285 8.4998 11.6432 13.4029 11.2868 10.8752
threshold=718.50000000000011 18492.500000000004 595.50000000000011 60.500000000000007 0.8405070673756162 1.0830404244585086 4.6794871794871806 51.500000000000007 212.50000000000003 15750.500000000002 414.50000000000006 308.50000000000006 0.023500000000000004 272.50000000000006 10.500000000000002 6.5000000000000009 -54.539999999999957 30.500000000000004 0.87350000000000005 1.5201611131949677
decision_type=2 2 2 2 2 2 2 2 2 2 2 2 2 2 2 2 2 2 2 2
left_child=1 2 3 4 9 -3 8 -4 -7 10 11 13 -12 -1 -13 18 17 -17 -6 -18
right_child=-2 5 7 -5 15 6 -8 -9 -10 -11 12 14 -14 -15 -16 16 19 -19 -20 -21
leaf_value=-0.014411359537080904 0.052156857708430482 0.019958965148660527 0.14571362064889765 -0.11657983166701884 0.0051061392036013875 -0.30787012050936879 0.0013381311330932064 0.005223592245112053 -0.033890302664169328 0.074808423332094448 -0.23493699829784487 -0.0020003822747370848 0.0022635794516221493 -0.12807343013455677 0.19112091682041032 -0.12814259902377423 0.12235751251665652 0.17027463978284366 -0.18973368907935681 -0.058286115627681996
leaf_weight=1734 145 134 105 299 1582 144 100 107 121 136 132 142 101 151 147 257 869 148 117 124
leaf_count=1734 145 134 105 299 1582 144 100 107 121 136 132 142 101 151 147 257 869 148 117 124
internal_value=-0.000238976 -0.000572607 0.000154745 -0.000329995 0.000277986 -0.00953875 -0.0145749 0.0137351 -0.0204975 -0.00266451 -0.00346649 -0.0022152 -0.0151409 -0.00406994 0.00988178 0.00269417 0.00592835 -0.00207367 3.2866e-05 0.00919218
internal_weight=6795 6650 6151 5939 5640 499 365 212 265 2543 2407 2174 233 1885 289 3097 1398 405 1699 993
internal_count=6795 6650 6151 5939 5640 499 365 212 265 2543 2407 2174 233 1885 289 3097 1398 405 1699 993
is_linear=0
shrinkage=0.056


Tree=101
num_leaves=21
num_cat=0
split_feature=99 235 65 195 324 267 256 30 90 81 159 29 236 166 173 30 253 114 166 166
split_gain=11.2663 10.1622 8.95543 9.11045 12.1901 16.1164 14.7408 10.1099 11.9461 13.7772 9.86777 9.05931 8.50524 8.09736 10.4778 12.0568 14.6861 9.84725 10.0589 11.1056
threshold=375.50000000000006 0.35946278089887646 4363.5000000000009 0.42206477732793529 0.56950000000000001 0.15650000000000003 0.456832298136646 29.500000000000004 1.0000000180025095e-35 4.5000000000000009 0.63911657559198554 162.50000000000003 0.52786377708978338 1.2857841772416876 0.84251969294185913 9.5000000000000018 0.9839323833851753 145.50000000000003 1.002949835877317 0.90123133174968173
decision_type=2 2 2 2 2 2 2 2 2 2 2 2 2 2 2 2 2 2 2 2
left_child=1 2 3 7 5 -5 -6 8 10 -10 12 -8 -1 14 15 -3 -17 18 19 -16
right_child=-2 13 -4 4 6 -7 11 -9 9 -11 -12 -13 -14 -15 17 16 -18 -19 -20 -21
leaf_value=-0.017322690368461676 0.11022471947115109 0.21634143007613599 -0.17769456198566169 0.26519436116215195 -0.21483133167861038 -0.021480637483024537 0.15779175837536352 0.1060302827860154 -0.018889586772825814 -0.2205287641463958 0.14971803052535937 -0.025001334530537215 0.068488569533600566 0.20987429873885743 -0.017261378752160057 0.17846174300337039 -0.080321125334680665 0.090981975780155766 0.045381647485845944 -0.17263363956770264
leaf_weight=3551 173 188 174 148 133 115 113 122 242 181 193 122 181 182 257 113 126 104 241 136
leaf_count=3551 173 188 174 148 133 115 113 122 242 181 193 122 181 182 257 113 126 104 241 136
internal_value=-0.000189527 -0.000558115 -0.0016667 -0.00124051 0.00505838 0.0142655 -0.0015213 -0.00212972 -0.00257586 -0.0115173 -0.00161219 0.00690994 -0.00225076 0.0037831 0.00206681 0.00904879 0.000702255 -0.00197268 -0.0045928 -0.0101166
internal_weight=6795 6622 5275 5101 631 263 368 4470 4348 423 3925 235 3732 1347 1165 427 239 738 634 393
internal_count=6795 6622 5275 5101 631 263 368 4470 4348 423 3925 235 3732 1347 1165 427 239 738 634 393
is_linear=0
shrinkage=0.056


Tree=102
num_leaves=21
num_cat=1
split_feature=78 5 5 6 198 211 312 168 250 18 233 311 168 308 54 22 187 156 92 218
split_gain=11.0391 11.2072 10.0262 10.8559 9.77068 11.5453 12.2298 10.9527 10.5776 10.729 9.92851 9.56783 9.64614 11.9553 10.1881 9.2349 9.18248 14.4452 11.6889 7.71044
threshold=27.500000000000004 1657.5000000000002 1687.5000000000002 0 0.58814532108353901 0.79008567931456553 0.87550000000000006 0.54011494252873582 0.3877684364683725 3.5000000000000004 1.8675507921250836 0.82150000000000001 0.69631555153707059 0.76300000000000012 432.50000000000006 49.500000000000007 0.17050000000000004 0.29099462365591405 179.50000000000003 0.37161172161172168
decision_type=2 2 2 9 2 2 2 2 2 2 2 2 2 2 2 2 2 2 2 2
left_child=1 11 3 -3 5 6 7 15 -7 10 -10 12 14 -14 -1 -4 17 19 -18 -13
right_child=-2 2 4 -5 -6 8 -8 -9 9 -11 -12 16 13 -15 -16 -17 18 -19 -20 -21
leaf_value=-0.0012987165298830145 0.12322846080646385 -0.19308757023194192 -0.1246214258726831 -0.010404016878564534 -0.16322659017603935 0.074582977879000714 0.084965756349295679 -0.22395175459470906 0.089256803482103381 -0.10834743428460565 -0.022331305032415476 0.094271074565864144 0.19105623871578523 -0.023872668033244782 -0.18541198447567286 0.024381830658099245 -0.18460939514423574 0.28348937885447162 0.094139999465138222 -0.03572526287990168
leaf_weight=3954 110 115 280 187 144 195 105 121 109 200 146 179 163 99 106 136 103 141 102 100
leaf_count=3954 110 115 280 187 144 195 105 121 109 200 146 179 163 99 106 136 103 141 102 100
internal_value=-0.000288424 -0.000577986 -0.0044464 -0.0137213 -0.00249571 -0.000953436 -0.00628012 -0.00969801 0.00430744 -0.000368877 0.00724641 0.000781047 -0.000155446 0.0102589 -0.000827547 -0.00538422 0.00725734 0.0119996 -0.00245775 0.0046159
internal_weight=6795 6685 1738 302 1436 1292 642 537 650 455 255 4947 4322 262 4060 416 625 420 205 279
internal_count=6795 6685 1738 302 1436 1292 642 537 650 455 255 4947 4322 262 4060 416 625 420 205 279
cat_boundaries=0 1
cat_threshold=659
is_linear=0
shrinkage=0.056


Tree=103
num_leaves=21
num_cat=1
split_feature=9 47 122 139 4 272 6 207 296 183 212 5 4 257 317 152 195 194 310 308
split_gain=11.1509 10.7047 10.0819 10.3515 17.9823 13.7225 13.1072 11.7328 13.962 12.4241 11.2668 11.0535 10.955 12.96 10.9224 17.7752 10.6527 10.7925 12.8231 10.5605
threshold=271.50000000000006 20357.000000000004 2425.5000000000005 -65.659999999999954 1487.5000000000002 1.9188732490259433 0 0.15046049654824964 0.55634920634920648 -1.4754999999999998 30.500000000000004 1753.5000000000002 1744.5000000000002 0.17521929824561405 0.48050000000000004 28.500000000000004 0.44636015325670503 0.28345771144278614 0.99450000000000005 0.68300000000000016
decision_type=2 2 2 2 2 2 9 2 2 2 2 2 2 2 2 2 2 2 2 2
left_child=1 2 3 4 6 -6 -1 10 9 -9 11 12 13 -5 -11 -16 17 -12 -19 -13
right_child=-2 -3 -4 7 5 -7 -8 8 -10 14 16 19 -14 -15 15 -17 -18 18 -20 -21
leaf_value=-0.19837461632065453 0.028144422676056182 -0.12526972357989502 0.14614697648332378 -0.0097639309694257763 -0.019117649427685755 0.079996818488093563 -0.072485865550493772 -0.03913205734580933 0.15990039235263206 0.090829057852241588 -0.13198870764864343 -0.25834299180094039 0.12403577527984742 0.040925694998909197 0.11611106859397613 -0.061376010677846919 0.092906096599699423 -0.0058100318261655416 -0.30587202912424077 0.041043237289665267
leaf_weight=187 101 174 118 1122 567 329 713 351 193 282 181 128 436 555 174 292 117 570 107 98
leaf_count=187 101 174 118 1122 567 329 713 351 193 282 181 128 436 555 174 292 117 570 107 98
internal_value=-0.000173045 -0.000451724 -8.58649e-05 -0.000384855 -0.003991 0.00162482 -0.00958204 0.00102124 0.00554786 0.00310813 -0.000743464 0.00136462 0.00262368 0.000567584 0.00718695 0.0019224 -0.00580086 -0.00796251 -0.00471468 -0.0104063
internal_weight=6795 6694 6520 6402 1796 896 900 4606 1292 1099 3314 2339 2113 1677 748 466 975 858 677 226
internal_count=6795 6694 6520 6402 1796 896 900 4606 1292 1099 3314 2339 2113 1677 748 466 975 858 677 226
cat_boundaries=0 1
cat_threshold=584
is_linear=0
shrinkage=0.056


Tree=104
num_leaves=21
num_cat=2
split_feature=9 123 47 245 293 3 246 139 314 234 267 305 319 192 2 267 267 297 30 295
split_gain=18.1754 10.2614 13.4031 9.43425 13.673 10.9998 11.7145 9.89095 9.68698 9.39835 9.38937 10.1967 13.626 9.01108 8.96968 8.93613 9.37248 8.31025 10.3843 14.1704
threshold=271.50000000000006 1967.5000000000002 19419.500000000004 -0.084890103079223969 0.8405070673756162 0 0.97748334002903159 -265.87499999999994 56.550000000000004 0.52307244619482252 0.18850000000000003 0.49400000000000005 0.76350000000000018 1.8848057932391462 1 0.10050000000000002 0.17250000000000001 0.35805860805860812 2.5000000000000004 0.66141439205955344
decision_type=2 2 2 2 2 1 2 2 2 2 2 2 2 2 1 2 2 2 2 2
left_child=1 2 3 15 5 10 9 -6 -8 -7 11 -5 -13 -3 -4 -1 -17 18 19 -9
right_child=-2 13 14 4 7 6 8 17 -10 -11 -12 12 -14 -15 -16 16 -18 -19 -20 -21
leaf_value=0.021252350630070305 0.026568335006196989 0.001877055736383512 -0.0025102826673649757 -0.23524824476953221 -0.14557797591290103 0.0057964696495695451 -0.0066384831998387824 0.15887318282528332 -0.23276878499726991 0.16497242290385056 0.0089437232776929144 -0.00091501428297102196 -0.25628584860201103 0.16926204431546737 -0.25018840971503742 -0.21861296346538989 -0.0099963450180537722 -0.13004985941609642 0.011407908244613326 0.020610142942197648
leaf_weight=104 98 140 111 242 135 1349 192 284 115 99 151 371 104 106 139 134 98 147 2192 400
leaf_count=104 98 140 111 242 135 1349 192 284 115 99 151 371 104 106 139 134 98 147 2192 400
internal_value=5.83876e-05 -0.000296362 -0.000729989 -0.000210534 0.00031964 -0.00266864 -9.5093e-05 0.00280172 -0.010032 0.00201094 -0.00778113 -0.0105437 -0.0057765 0.0109262 -0.0134393 -0.00933284 -0.0154475 0.00346405 0.0041279 0.0101518
internal_weight=6711 6613 6367 6117 5781 2623 1755 3158 307 1448 868 717 475 246 250 336 232 3023 2876 684
internal_count=6711 6613 6367 6117 5781 2623 1755 3158 307 1448 868 717 475 246 250 336 232 3023 2876 684
cat_boundaries=0 1 2
cat_threshold=676 1107
is_linear=0
shrinkage=0.056


Tree=105
num_leaves=21
num_cat=1
split_feature=9 123 125 203 98 301 310 204 123 10 58 267 58 193 193 288 2 209 139 153
split_gain=18.0489 9.29772 11.9127 13.4595 13.4168 17.8771 14.6737 13.6372 12.4133 15.8494 12.0042 13.6871 11.2545 11.0511 14.4425 11.0307 12.8951 11.5119 10.2826 10.2084
threshold=271.50000000000006 1967.5000000000002 47.500000000000007 4.9687500000000009 291.50000000000006 146.05000000000004 0.92650000000000021 0.63068181818181823 1046.5000000000002 165.50000000000003 1278.5000000000002 0.083500000000000019 1859.5000000000002 0.77952332206957653 0.89960305834030196 0.6288018433179724 0 0.3551971326164875 -265.87499999999994 1.9064066687385279
decision_type=2 2 2 2 2 2 2 2 2 2 2 2 2 2 2 2 1 2 2 2
left_child=1 2 8 4 6 -6 7 -4 9 13 15 -12 -3 18 -15 16 -10 -18 -1 -7
right_child=-2 12 3 -5 5 19 -8 -9 10 -11 11 -13 -14 14 -16 -17 17 -19 -20 -21
leaf_value=-0.16885174452910826 0.025080508245849998 0.19125321197061357 0.011767508815674293 0.041645501405545078 -0.22565060020393848 0.1240423307814969 -0.31042764395889649 -0.1564365175189798 -0.082981609900706133 -0.1878104109371245 0.00074665918369007584 0.1594445868058364 -0.0099190121622146146 0.20735156927151191 0.0033327065204596966 -0.21796103524243465 0.34999809052875663 0.0056432575817693571 -0.0011126263278511727 -0.056470177631770965
leaf_weight=181 98 145 132 186 152 153 99 149 119 150 136 236 101 102 166 98 127 145 3933 103
leaf_count=181 98 145 132 186 152 153 99 149 119 150 136 236 101 102 166 98 127 145 3933 103
internal_value=0.000141833 -0.00021168 -0.000624445 -0.00632427 -0.00952263 -0.00247019 -0.0170943 -0.0105617 0.00040494 -0.000766072 0.00656891 0.0141501 0.0104709 -0.000153318 0.0108651 0.000801306 0.00501237 0.0115171 -0.000871132 0.00656186
internal_weight=6711 6613 6367 974 788 408 380 281 5393 4532 861 372 246 4382 268 489 391 272 4114 256
internal_count=6711 6613 6367 974 788 408 380 281 5393 4532 861 372 246 4382 268 489 391 272 4114 256
cat_boundaries=0 1
cat_threshold=648
is_linear=0
shrinkage=0.056


Tree=106
num_leaves=21
num_cat=2
split_feature=257 302 324 263 243 3 309 306 245 154 65 302 205 292 72 229 263 145 243 306
split_gain=11.2895 15.5528 11.8049 11.6343 13.3286 11.8213 12.3877 11.0227 9.68687 9.60337 9.11495 8.99092 8.64337 8.42607 9.67494 13.7339 10.4119 9.69621 9.51058 8.97088
threshold=0.22767145135566189 161.35000000000002 0.91850000000000021 -1.5844999999999998 3.8660714285714293 0 0.62050000000000016 0.45400000000000007 -0.045925534619244771 0.2080975372549462 1833.5000000000002 6.2500000000000009 -0.19254240137724507 42.500000000000007 1 3.4700746268656721 -1.2334999999999998 70.850000000000009 6.261111111111112 -0.049499999999999995
decision_type=2 2 2 2 2 1 2 2 2 2 2 2 2 2 9 2 2 2 2 2
left_child=8 2 3 4 9 7 -7 11 -1 -2 -9 -5 -10 18 -15 16 -16 -17 19 -14
right_child=1 -3 -4 5 -6 6 -8 10 12 -11 -12 -13 13 14 15 17 -18 -19 -20 -21
leaf_value=-0.067640015750898869 -0.02086134565356863 0.15003859166142708 -0.022374422625023729 0.017978617058582464 0.36604938379595109 -0.19973997833751986 0.023635389907689708 0.054360435995821632 0.15859294558379575 0.21720961137672593 -0.11174785027800338 0.20159950811002766 0.092495366677604982 -0.032369560534797913 -0.02108544528658237 0.22782891871047248 0.12932334109067536 0.091250047909464116 -0.17724434042772425 -0.014045430699001552
leaf_weight=273 105 103 173 103 122 189 156 117 157 126 124 124 180 344 309 128 172 100 110 3496
leaf_count=273 105 103 173 103 122 189 156 117 157 126 124 124 180 344 309 128 172 100 110 3496
internal_value=0.0001919 0.00458241 0.00296926 0.00499471 0.0134839 0.00130853 -0.00646714 0.00702894 -0.00100965 0.00557505 -0.00116116 0.0160345 -0.000448326 -0.000867915 0.003563 0.00724316 0.00197887 0.0186659 -0.00210033 -0.00161475
internal_weight=6711 1442 1339 1166 353 813 345 468 5269 231 241 227 4996 4839 1053 709 481 228 3786 3676
internal_count=6711 1442 1339 1166 353 813 345 468 5269 231 241 227 4996 4839 1053 709 481 228 3786 3676
cat_boundaries=0 1 2
cat_threshold=1242 1037
is_linear=0
shrinkage=0.056


Tree=107
num_leaves=21
num_cat=0
split_feature=57 76 86 323 308 28 257 254 226 294 47 302 295 30 4 309 282 299 266 189
split_gain=12.7762 8.46479 10.6897 9.57279 11.7648 13.5738 10.3257 11.4771 14.7762 14.0849 10.6812 9.75178 11.2436 10.651 9.08679 8.91212 11.088 12.5002 10.0369 11.4755
threshold=25.500000000000004 13.500000000000002 94.500000000000014 0.86900000000000011 0.9195000000000001 346.50000000000006 0.22335600907029482 0.28648240327023305 0.081500000000000017 0.02435051369045017 19722.000000000004 -1.6499999999999997 0.65733855185909984 29.500000000000004 1470.5000000000002 0.64150000000000007 66.500000000000014 6.5000000000000009 0.068500000000000019 68.500000000000014
decision_type=2 2 2 2 2 2 2 2 2 2 2 2 2 2 2 2 2 2 2 2
left_child=1 3 -3 6 5 -5 10 8 15 -10 11 12 -1 -13 -11 18 -17 -18 -8 -20
right_child=-2 2 -4 4 -6 -7 7 -9 9 14 -12 13 -14 -15 -16 16 17 -19 19 -21
leaf_value=0.2054168707891241 -0.13354056208380211 -0.00028259172223064866 0.12969992581373566 -0.050228743499266253 -0.30001882687872727 0.090213580012687797 -0.010625973256394673 -0.14207004572190454 -0.11276824926408736 -0.036813642769878197 -0.11911520218621882 -0.0073238199479231181 -0.042914196239025669 0.12460164390107976 0.26114513223215685 0.3477302538838018 -0.011951825764443856 0.20431295868020469 0.27973679546716118 0.022649534046068454
leaf_weight=172 109 98 115 281 121 101 191 104 98 106 128 4006 127 126 101 144 106 138 114 225
leaf_count=172 109 98 115 281 121 101 191 104 98 106 128 4006 127 126 101 144 106 138 114 225
internal_value=8.32056e-06 0.000322302 0.0113044 -4.38002e-05 -0.00745892 -0.00263832 0.000589847 0.00493733 0.00645612 -0.00422242 -0.000675551 -0.000214814 0.00955128 -0.000921549 0.00405718 0.0100042 0.0164532 0.00917965 0.00528271 0.0110674
internal_weight=6711 6602 213 6389 503 382 5886 1327 1223 305 4559 4431 299 4132 207 918 388 244 530 339
internal_count=6711 6602 213 6389 503 382 5886 1327 1223 305 4559 4431 299 4132 207 918 388 244 530 339
is_linear=0
shrinkage=0.056


Tree=108
num_leaves=21
num_cat=1
split_feature=44 62 58 310 240 307 58 304 108 239 229 206 206 206 264 3 150 39 319 169
split_gain=15.4213 9.66367 12.3505 14.0979 12.3075 11.5044 12.4063 11.9514 11.1511 10.1263 8.82362 10.954 12.5589 12.5156 16.8348 16.1244 14.3855 11.6027 10.9457 9.27007
threshold=695.50000000000011 158.50000000000003 1444.5000000000002 0.026500000000000003 0.54446640316205541 0.82500000000000007 1633.5000000000002 42.050000000000004 510.50000000000006 0.47304562627143282 3.7942016806722694 1.0804760848740533 1.102094470804037 0.98718045840031798 71.450000000000017 0 103.50000000000001 2.5000000000000004 0.6695000000000001 0.45534290271132377
decision_type=2 2 2 2 2 2 2 2 2 2 2 2 2 2 2 1 2 2 2 2
left_child=1 2 10 -4 5 6 7 -5 -8 -10 11 13 -13 15 -15 16 -1 -18 -12 -17
right_child=-2 -3 3 4 -6 -7 8 -9 9 -11 18 12 -14 14 -16 19 17 -19 -20 -21
leaf_value=0.073920667043391522 0.049979400773412522 -0.075244002449128794 0.1708151298356646 0.32489670875054361 -0.077555365309927404 0.22887148607585384 -0.057259476307053817 -0.0012821129223238139 0.11714083255248089 -0.025966036058007989 0.1048182989425436 0.15827371806204277 0.010885326857527884 -0.0068233671569931436 -0.25614685890729566 -0.056057597137564585 0.019748180322600829 -0.25424191724212553 -0.028501936572280045 0.005679849746856448
leaf_weight=983 189 190 110 114 121 113 235 100 118 107 264 99 986 219 198 1549 214 174 176 457
leaf_count=983 189 190 110 114 121 113 235 100 118 107 264 99 986 219 198 1549 214 174 176 457
internal_value=-6.66824e-05 -0.00052334 -0.000150203 0.00550082 0.00320687 0.00576345 0.00299086 0.0141301 -0.00219095 0.00671927 -0.00123178 -0.00191675 0.00304501 -0.00333575 -0.0124888 -0.00220546 0.00247345 -0.00663875 0.00636326 -0.00538881
internal_weight=6716 6527 6337 1018 908 787 674 214 460 225 5319 4879 1085 3794 417 3377 1371 388 440 2006
internal_count=6716 6527 6337 1018 908 787 674 214 460 225 5319 4879 1085 3794 417 3377 1371 388 440 2006
cat_boundaries=0 1
cat_threshold=83
is_linear=0
shrinkage=0.056


Tree=109
num_leaves=18
num_cat=1
split_feature=126 186 47 2 317 264 91 264 203 317 114 247 187 236 242 206 58
split_gain=9.58597 16.5362 9.98506 11.2129 14.3325 11.0807 9.6417 11.6362 9.75671 9.5875 8.8609 8.64527 10.4747 8.53421 9.3294 8.41136 9.02779
threshold=154.50000000000003 0.10950000000000001 19722.000000000004 0 0.15250000000000002 77.550000000000011 1.0000000180025095e-35 75.850000000000009 5.3095238095238102 0.19700000000000004 110.50000000000001 -0.14498300389582178 0.19350000000000003 0.57417582417582425 90.500000000000014 1.50869187100595 1444.5000000000002
decision_type=2 2 2 1 2 2 2 2 2 2 2 2 2 2 2 2 2
left_child=2 10 3 5 -5 6 7 8 11 -6 -2 -1 -13 14 15 16 -11
right_child=1 -3 -4 4 9 -7 -8 -9 -10 13 -12 12 -14 -15 -16 -17 -18
leaf_value=-0.089132916306366966 -0.066408638086096261 0.12123439248779755 -0.042644321569624395 0.28065739515161442 -0.13013489393750513 0.13032251259980235 0.084670753079203742 -0.18691498671843898 0.03724540915883022 0.0020419517876506905 0.13807575595504909 -0.094694905398145193 0.03535635709189236 -0.18775112762199231 0.27581967680741271 -0.08926495089767493 0.043357322932005671
leaf_weight=106 103 109 179 190 122 121 185 101 148 3236 115 844 239 103 111 154 550
leaf_count=106 103 109 179 190 122 121 185 101 148 3236 115 844 239 103 111 154 550
internal_value=6.66824e-05 0.00941845 -0.000411933 -3.6045e-05 0.00145126 -0.00383115 -0.00507199 -0.00662019 -0.00523548 0.000785743 0.000513023 -0.00692333 -0.00542921 0.00124021 0.00164499 0.00119387 0.00171575
internal_weight=6716 327 6389 6210 4466 1744 1623 1438 1337 4276 218 1189 1083 4154 4051 3940 3786
internal_count=6716 327 6389 6210 4466 1744 1623 1438 1337 4276 218 1189 1083 4154 4051 3940 3786
cat_boundaries=0 1
cat_threshold=1136
is_linear=0
shrinkage=0.056


Tree=110
num_leaves=21
num_cat=2
split_feature=119 150 59 205 4 261 231 2 200 233 3 65 236 56 298 316 309 220 30 208
split_gain=13.4066 11.586 10.7782 12.5282 9.54864 8.81845 8.65004 7.21365 12.7057 13.1178 11.8416 13.5272 16.0129 11.4976 15.9083 11.2679 10.2848 9.89356 10.3594 9.82421
threshold=421.50000000000006 92.500000000000014 1927.0000000000002 0.2588882150816374 2084.5000000000005 16.500000000000004 3.7795138888888893 0 0.43364779874213844 1.9122119346070432 1 676.50000000000011 0.23904761904761906 8.5000000000000018 0.37791327913279138 9.4500000000000011 0.75000000000000011 18.925095208784253 25.500000000000004 0.53717523493642905
decision_type=2 2 2 2 2 2 2 1 2 2 1 2 2 2 2 2 2 2 2 2
left_child=2 -2 4 -4 5 6 7 8 13 19 11 15 -13 16 -15 -9 -1 18 -12 -10
right_child=1 -3 3 -5 -6 -7 -8 10 9 -11 17 12 -14 14 -16 -17 -18 -19 -20 -21
leaf_value=-0.15205133347444544 0.15677613825112433 0.0010184071512538467 0.019113778487841942 -0.33292866601634441 0.18948288654717735 0.10762720087162615 0.09939496747839402 0.34078854468246578 0.26686086179041824 -0.10549341307010551 -0.011192963419316325 0.14293650267971153 -0.077859098406500168 -0.13793106128418955 0.069607315372394452 0.13689432232924764 -0.0068927133933609211 0.017875388747643797 -0.23630263506269863 0.012893469077609365
leaf_weight=495 110 144 103 98 115 147 179 102 133 205 2418 184 321 191 256 423 191 633 116 152
leaf_count=495 110 144 103 98 115 147 179 102 133 205 2418 184 321 191 256 423 191 633 116 152
internal_value=0.000166742 0.0127867 -0.000329285 -0.0130937 8.04726e-05 -0.000218653 -0.000550732 -0.000923684 -0.00408073 0.00342824 0.000306118 0.00549215 -0.0009977 -0.00736437 -0.000375479 0.0118397 -0.0119181 -0.00139246 -0.00296126 0.0111994
internal_weight=6716 254 6462 201 6261 6146 5999 5820 1623 490 4197 1030 505 1133 447 525 686 3167 2534 285
internal_count=6716 254 6462 201 6261 6146 5999 5820 1623 490 4197 1030 505 1133 447 525 686 3167 2534 285
cat_boundaries=0 1 2
cat_threshold=1136 1105
is_linear=0
shrinkage=0.056


Tree=111
num_leaves=17
num_cat=0
split_feature=73 7 115 119 59 68 246 248 261 324 138 313 206 20 225 149
split_gain=10.5411 9.452 13.5772 10.9576 9.69959 9.21184 12.0153 12.1739 8.6281 9.08018 11.1068 11.1105 9.18121 11.4696 9.90784 7.97043
threshold=265.50000000000006 12.500000000000002 58.500000000000007 421.50000000000006 1927.0000000000002 24.500000000000004 0.76493524274548508 0.55942292171105745 16.500000000000004 0.6795000000000001 458.09000000000003 169.85000000000005 1.0804760848740533 1.5000000000000002 76.050000000000011 2.9010869565217399
decision_type=2 2 2 2 2 2 2 2 2 2 2 2 2 2 2 2
left_child=1 3 -3 4 5 8 -7 -8 9 12 11 -11 13 -1 -14 -12
right_child=-2 2 -4 -5 -6 6 7 -9 -10 10 15 -13 14 -15 -16 -17
leaf_value=0.0026334352798818373 0.0672520204393912 -0.24225024623797453 0.0025482388814229893 0.089053981266818377 -0.12489895406242313 0.214449262239158 -0.053775484686278213 0.24755823410672784 0.10271713381827698 -0.035859968302135385 -0.090579188533646521 0.044718425391426384 0.093828849299604028 -0.19917920698833394 -0.053214092472740136 -0.0075566296661780542
leaf_weight=2271 120 102 143 170 163 146 140 103 140 345 863 489 647 160 101 613
leaf_count=2271 120 102 143 170 163 146 140 103 140 345 863 489 647 160 101 613
internal_value=0.000350184 5.09156e-05 -0.0107422 0.000467303 8.15142e-05 0.000446633 0.00878107 0.0011516 -0.000129302 -0.000479475 -0.00315144 0.00201419 0.00146204 -0.000207256 0.00688748 -0.00607035
internal_weight=6716 6596 245 6351 6181 6018 389 243 5629 5489 2310 834 3179 2431 748 1476
internal_count=6716 6596 245 6351 6181 6018 389 243 5629 5489 2310 834 3179 2431 748 1476
is_linear=0
shrinkage=0.056


Tree=112
num_leaves=21
num_cat=1
split_feature=147 28 64 107 147 185 209 311 251 3 298 273 144 246 138 268 154 93 150 177
split_gain=13.062 13.3938 13.7829 13.0556 9.91642 11.9558 12.5256 10.4432 12.4957 12.4175 11.324 10.2628 11.9392 10.2369 13.0137 9.85786 11.0119 9.78254 15.9951 13.7498
threshold=0.20950000000000002 638.50000000000011 3556.5000000000005 68.500000000000014 0.12750000000000003 0.10550000000000001 0.46385017421602798 0.32900000000000007 0.9294019933554819 0 0.37011669203450032 0.43347163864989674 1.0885000000000002 1.1681970060674367 554.62000000000012 3.015301003344482 0.38782863632147102 443.50000000000006 98.500000000000014 0.23368794326241138
decision_type=2 2 2 2 2 2 2 2 2 1 2 2 2 2 2 2 2 2 2 2
left_child=1 4 -3 -4 5 7 15 8 10 -9 -1 12 -10 -6 -15 16 -7 19 -19 -11
right_child=-2 2 3 -5 13 6 -8 9 11 17 -12 -13 -14 14 -16 -17 -18 18 -20 -21
leaf_value=-0.017525012176743553 0.145185315285563 -0.29619595216320593 0.045976333124027408 -0.03864424617912772 -0.061319732676741366 -0.1509701706391883 0.25311277249446784 -0.014694119541893437 0.11282039771993532 0.027196627468355751 0.18407508997294988 -0.28190586569592158 -0.1572931824341389 0.28583637443008236 -0.20722993697960038 0.11621909740299528 0.052747674831940414 0.23124476593892562 0.0023716556369669777 -0.020524418893793469
leaf_weight=238 162 104 135 102 817 99 113 1616 100 1772 113 98 155 113 99 131 104 189 187 274
leaf_count=238 162 104 135 102 817 99 113 1616 100 1772 113 98 155 113 99 131 104 189 187 274
internal_value=0.000191614 -0.000196347 -0.0110024 -0.00354362 0.000396243 0.00139214 0.0101473 0.000566815 -0.00572704 0.00166415 0.00175453 -0.0131667 -0.00724641 -0.00462569 0.00633885 0.00469412 -0.00303368 0.00419072 0.0125102 0.00268223
internal_weight=6721 6559 341 237 6218 5189 447 4742 704 4038 351 353 255 1029 212 334 203 2422 376 2046
internal_count=6721 6559 341 237 6218 5189 447 4742 704 4038 351 353 255 1029 212 334 203 2422 376 2046
cat_boundaries=0 1
cat_threshold=1608
is_linear=0
shrinkage=0.056


Tree=113
num_leaves=21
num_cat=2
split_feature=28 73 110 289 251 137 159 202 183 210 6 169 308 3 32 194 287 318 304 214
split_gain=12.4771 12.8328 19.3209 10.5353 10.9275 10.2218 8.38777 10.5151 14.267 14.2902 16.5583 11.2312 12.5957 10.3189 13.3219 10.0715 11.4615 9.95164 9.9214 8.96778
threshold=638.50000000000011 260.50000000000006 20052.000000000004 0.46720430107526884 1.0404081632653064 956.5350000000002 0.63397457918241173 72.500000000000014 -1.4704999999999997 1.5380954594124467 0 0.52206359506813771 0.84550000000000003 1 1243.5000000000002 0.2994252873563219 0.069922264540824799 0.95450000000000002 63.750000000000007 -0.046754732343235267
decision_type=2 2 2 2 2 2 2 2 2 2 9 2 2 1 2 2 2 2 2 2
left_child=1 2 5 4 -2 6 7 11 15 10 -10 13 19 17 -15 -9 -17 -1 -11 -13
right_child=3 -3 -4 -5 -6 -7 -8 8 9 18 -12 12 -14 14 -16 16 -18 -19 -20 -21
leaf_value=-0.0045678260559736542 -0.020972164579282072 0.09791688404210705 -0.18829228094670455 0.011685930101680626 -0.18654316203881222 0.12951894315218807 0.055708981106047363 -0.21617356753543282 -0.29458281273376247 0.0072641090989619198 -0.0058596284864017179 0.01069417774675027 -0.030679916363778224 -0.0055530149515569272 0.060489313914518082 0.041522549618158128 -0.24589236228991707 -0.18136074244914049 0.23753552129223035 0.16922439643674347
leaf_weight=783 116 108 119 121 120 169 415 206 105 442 250 159 162 1720 847 151 109 237 129 253
leaf_count=783 116 108 119 121 120 169 415 206 105 442 250 159 162 1720 847 151 109 237 129 253
internal_value=-8.30818e-06 0.000563143 0.000232711 -0.0101956 -0.017084 0.000666097 0.000281474 -0.000292426 -0.00450563 -0.000483627 -0.00930658 0.001117 0.00838996 -4.6791e-05 0.00184705 -0.0124975 -0.0051686 -0.00478431 0.00500147 0.0135918
internal_weight=6721 6364 6256 357 236 6137 5968 5553 1392 926 355 4161 574 3587 2567 466 260 1020 571 412
internal_count=6721 6364 6256 357 236 6137 5968 5553 1392 926 355 4161 574 3587 2567 466 260 1020 571 412
cat_boundaries=0 1 2
cat_threshold=1249 1540
is_linear=0
shrinkage=0.056


Tree=114
num_leaves=21
num_cat=1
split_feature=147 165 78 114 114 324 15 274 159 238 164 169 185 194 151 265 34 3 55 202
split_gain=11.1435 12.7055 10.2488 10.8299 16.3626 11.6391 11.9621 11.5937 15.439 11.9842 11.7835 9.22193 11.3819 9.67664 12.4919 10.1238 9.88195 12.2367 12.1896 8.70847
threshold=0.20950000000000002 -0.20369466648216342 27.500000000000004 114.50000000000001 106.50000000000001 0.95100000000000007 7.5000000000000009 0.36074023998647969 0.55028089887640463 0.36784163111327856 0.77350427350427364 0.51564027370478993 0.019500000000000003 0.40491259795057272 0.69006568144499192 0.05050000000000001 300.50000000000006 0 269.50000000000006 63.500000000000007
decision_type=2 2 2 2 2 2 2 2 2 2 2 2 2 2 2 2 2 1 2 2
left_child=1 -1 3 4 11 6 7 8 9 -5 -9 13 -13 16 -15 -16 18 -18 -3 -14
right_child=-2 2 -4 5 -6 -7 -8 10 -10 -11 -12 12 19 14 15 -17 17 -19 -20 -21
leaf_value=-0.22611629493245977 0.13459704811488304 -0.0013539121749645204 0.037616351539126243 -0.051168380212560073 0.089252023392029645 -0.22321260132110066 0.034317411369874665 0.072729217650766634 0.022468037617107223 -0.1844260216097921 -0.035215478985676993 -0.029905558965183831 0.21518371834121411 0.067087417327696519 -0.14944687644430893 -0.028077321082511774 0.010123287700424487 -0.12483324998067417 0.066418495535463778 0.023888243543889888
leaf_weight=100 162 2996 102 374 180 115 201 186 142 142 129 140 272 121 130 111 114 171 441 392
leaf_count=100 162 2996 102 374 180 115 201 186 142 142 129 140 272 121 130 111 114 171 441 392
internal_value=8.30818e-06 -0.000350029 -4.33255e-05 -0.000325915 0.000839747 -0.00490911 -0.00324347 -0.00581278 -0.0100423 -0.0145423 0.00302171 0.0002291 0.00571124 -0.000850107 -0.0095907 -0.016962 0 -0.0100205 0.00083091 0.00877084
internal_weight=6721 6559 6459 6357 5068 1289 1174 973 658 516 315 4888 804 4084 362 241 3722 285 3437 664
internal_count=6721 6559 6459 6357 5068 1289 1174 973 658 516 315 4888 804 4084 362 241 3722 285 3437 664
cat_boundaries=0 1
cat_threshold=282
is_linear=0
shrinkage=0.056


Tree=115
num_leaves=21
num_cat=1
split_feature=99 197 304 133 159 275 72 158 82 308 5 303 76 298 137 270 312 268 240 277
split_gain=11.4844 9.44296 10.541 9.82303 9.73161 16.4755 14.993 12.5186 9.56704 9.51784 12.7032 15.4513 11.8087 13.8217 11.8746 11.6551 13.6922 10.261 10.5054 8.9252
threshold=375.50000000000006 2.3500317877027501 40.45000000000001 29.500000000000004 0.61583184257602874 0.38799283154121872 0 0.11079565654967471 7.5000000000000009 0.61750000000000005 1347.5000000000002 116.05000000000001 9.5000000000000018 0.42482876712328771 680.1400000000001 1.4305019305019309 0.88400000000000012 3.3008928571428577 0.54446640316205541 1.5017839579597585
decision_type=2 2 2 2 2 2 9 2 2 2 2 2 2 2 2 2 2 2 2 2
left_child=1 3 -3 4 9 6 -6 -8 -5 10 11 19 14 -14 17 16 -16 18 -11 -1
right_child=-2 2 -4 8 5 -7 7 -9 -10 12 -12 -13 13 -15 15 -17 -18 -19 -20 -21
leaf_value=-0.029848432805250565 0.032273306644538764 -0.002038458325498432 -0.20957959247222618 -0.23378646445953691 0.23108298568367619 0.28196847269143477 -0.20111457120789519 0.025595730775482481 -0.00027988271893110553 0.0011999888883489121 -0.02167204764553738 0.30172226767356503 -0.10742055247929178 0.086056403856645342 0.17211104252170048 -0.014544000263285426 -0.012729422320437778 0.073168187882270738 -0.17267404718493751 0.065240353978031893
leaf_weight=256 168 135 111 99 102 128 121 195 104 1246 2067 188 143 113 461 183 160 342 135 264
leaf_count=256 168 135 111 99 102 128 121 195 104 1246 2067 188 143 113 461 183 160 342 135 264
internal_value=0.000208278 -0.000162344 -0.0109262 0.000257466 0.000660524 0.00779457 0.0024111 -0.00377864 -0.0118612 -4.02733e-05 -0.00236102 0.00411276 0.00227375 -0.00918685 0.00343484 0.00905452 0.0127147 0.000812443 -0.00133804 -0.000861228
internal_weight=6721 6553 246 6307 6104 546 418 316 203 5558 2775 708 2783 256 2527 804 621 1723 1381 520
internal_count=6721 6553 246 6307 6104 546 418 316 203 5558 2775 708 2783 256 2527 804 621 1723 1381 520
cat_boundaries=0 1
cat_threshold=81
is_linear=0
shrinkage=0.056


Tree=116
num_leaves=16
num_cat=1
split_feature=128 10 93 169 110 233 35 5 260 142 302 3 306 4 171
split_gain=9.26275 12.9499 9.50393 15.2871 11.138 14.8812 10.6596 8.56788 12.8003 12.1175 8.39784 9.4762 8.55519 8.08648 6.09613
threshold=5070.0000000000009 246.50000000000003 656.50000000000011 0.45867486338797819 18501.000000000004 1.9785660983641498 326.50000000000006 1023.0000000000001 -3.0116689808962129 10.500000000000002 -1.6499999999999997 0 0.037500000000000006 1375.5000000000002 0.86576576576576592
decision_type=2 2 2 2 2 2 2 2 2 2 2 1 2 2 2
left_child=1 2 4 14 6 -6 7 -1 9 -9 11 -10 -12 -11 -4
right_child=-2 -3 3 -5 5 -7 -8 8 10 13 12 -13 -14 -15 -16
leaf_value=0.31921773278730303 0.08761417199528293 -0.072483531278095745 0.02308019044931172 -0.069906082157209198 0.013655546039089089 -0.17373496959571294 0.12851119780999243 0.032584018393576324 -0.061930698675895499 -0.2219927060195189 -0.051480843241387929 0.17574030429915682 0.0028918784675753778 -0.028614105448880635 0.20432580342235815
leaf_weight=101 147 112 98 100 171 153 148 126 127 98 597 224 4218 228 99
leaf_count=101 147 112 98 100 171 153 148 126 127 98 597 224 4218 228 99
internal_value=0.000190876 -0.000118764 0.000207127 0.00999271 -0.00026229 -0.0103699 0.000295865 -8.80992e-05 -0.000378754 -0.00941556 0.000411893 0.00877446 -0.000197682 -0.015116 0.0190448
internal_weight=6747 6600 6488 297 6191 324 5867 5719 5618 452 5166 351 4815 326 197
internal_count=6747 6600 6488 297 6191 324 5867 5719 5618 452 5166 351 4815 326 197
cat_boundaries=0 1
cat_threshold=149
is_linear=0
shrinkage=0.056


Tree=117
num_leaves=21
num_cat=3
split_feature=245 290 266 245 212 146 299 3 143 276 147 202 170 72 303 310 318 147 6 96
split_gain=8.46129 10.5037 10.4422 9.72036 9.09667 11.9649 11.3494 10.7362 12.5841 10.0154 9.86607 8.19113 7.93825 14.1188 8.26883 10.0883 7.72056 7.47151 6.44544 6.26619
threshold=-0.045925534619244771 -3.4342541792452734 0.092500000000000013 -0.017180107731917384 50.500000000000007 0.10450000000000001 6.5000000000000009 0 1.2565390778812795 23.784520779875486 0.19050000000000003 87.500000000000014 16.021877410814724 1 28.950000000000003 0.0025000000000000005 0.33550000000000008 0.10150000000000002 2 1226.0000000000002
decision_type=2 2 2 2 2 2 2 1 2 2 2 2 2 9 2 2 2 2 9 2
left_child=1 -1 18 -2 9 6 7 17 -9 10 11 12 14 -14 19 -16 -8 -6 -3 -5
right_child=3 2 -4 4 5 -7 16 8 -10 -11 -12 -13 13 -15 15 -17 -18 -19 -20 -21
leaf_value=0.011517209499246561 0.17785508418885781 0.019058775750775254 -0.093393806982642796 0.34164656714770386 -0.068424453526522377 -0.093015471765825017 0.017041427249242597 -0.0016350986026932991 0.17585089164678958 -0.072849602472218958 0.14551868360947784 -0.064302758302291402 0.032971735187437644 -0.12329246010481161 -0.12167972655504694 0.0012580425254297793 0.17793664764444525 0.0095794734929579382 -0.081144317987051129 0.00093594657336407746
leaf_weight=98 161 106 200 120 117 166 134 181 136 189 147 125 121 199 102 3851 212 111 172 99
leaf_count=98 161 106 200 120 117 166 134 181 136 189 147 125 121 199 102 3851 212 111 172 99
internal_value=7.4676e-05 -0.00641638 -0.00984066 0.000680577 0.000316779 0.00503296 0.00760475 0.00256851 0.00907595 -0.00068965 -0.000188043 -0.000642807 -0.000249296 -0.00874948 0.000402646 -0.000184123 0.0155371 -0.00658755 -0.00281956 0.0109947
internal_weight=6747 576 478 6171 6010 1057 891 545 317 4953 4764 4617 4492 320 4172 3953 346 228 278 219
internal_count=6747 576 478 6171 6010 1057 891 545 317 4953 4764 4617 4492 320 4172 3953 346 228 278 219
cat_boundaries=0 1 2 3
cat_threshold=626 1636 962
is_linear=0
shrinkage=0.056


Tree=118
num_leaves=21
num_cat=0
split_feature=164 148 151 269 270 180 165 132 86 160 231 298 5 46 287 320 196 248 243 293
split_gain=7.82598 14.2464 11.8323 11.9363 12.6666 11.0697 11.6426 12.0528 9.44203 9.1563 12.6633 9.4931 9.06148 9.0129 8.86516 8.69687 8.45556 7.61835 8.11796 9.0534
threshold=0.85164835164835173 0.11350000000000002 1.0325224748810156 83.500000000000014 0.60749299719887961 31.575153179076899 0.36321575461290173 10.500000000000002 31.500000000000004 0.45972972972972981 0.69467984934086646 0.38814749780509222 1502.5000000000002 20424.000000000004 0.080210734614551263 0.71850000000000003 6.3963743362465717 0.75147058823529422 5.6515151515151532 0.92707453618902391
decision_type=2 2 2 2 2 2 2 2 2 2 2 2 2 2 2 2 2 2 2 2
left_child=5 9 8 4 -4 6 13 -8 14 11 -11 -2 -5 17 -3 -10 -7 18 -1 -20
right_child=1 2 3 12 -6 16 7 -9 15 10 -12 -13 -14 -15 -16 -17 -18 -19 19 -21
leaf_value=0.0032260851677975992 -0.04160791769417356 -0.050716625651389589 0.073065979240460127 0.041264810244073032 -0.18522583968010975 0.1358716951948272 -0.0048740817371109276 -0.156610929196669 -0.013949270701187828 -0.21540403197744981 0.010700225805877091 -0.26186816120874928 0.20716008373314732 0.026659816564241497 0.13001007255746042 -0.23793682572662544 0.0025041824952581919 -0.11009194510579898 -0.011908835620854803 0.1177655526773862
leaf_weight=4000 120 127 147 186 112 113 168 116 173 102 198 140 132 150 100 134 104 113 115 197
leaf_count=4000 120 127 147 186 112 113 168 116 173 102 198 140 132 150 100 134 104 113 115 197
internal_value=0.000207476 -0.0031166 0.000554311 0.0061141 -0.00281018 0.00130178 0.000749092 -0.0102529 -0.00545288 -0.0103997 -0.00373279 -0.0180917 0.0133831 0.0014321 0.00320633 -0.0118561 0.0136766 0.000974427 0.00135061 0.0100507
internal_weight=6747 1671 1111 577 259 5076 4859 284 534 560 300 260 318 4575 227 307 217 4425 4312 312
internal_count=6747 1671 1111 577 259 5076 4859 284 534 560 300 260 318 4575 227 307 217 4425 4312 312
is_linear=0
shrinkage=0.056


Tree=119
num_leaves=21
num_cat=1
split_feature=260 323 291 212 183 316 189 314 94 78 151 205 180 3 300 299 156 256 146 314
split_gain=8.19162 8.30776 12.6975 8.04696 11.2718 12.6114 11.5938 10.7401 9.11869 8.61694 10.1568 8.34645 9.70144 8.6026 15.3707 16.5572 13.0801 11.2633 10.419 8.4379
threshold=-3.0116689808962129 0.60650000000000015 1.1573787409700724 50.500000000000007 -1.8584999999999998 59.900000000000006 191.50000000000003 85.15000000000002 32.500000000000007 14.500000000000002 0.50423728813559332 -0.20192058690564488 -9.1319377445378329 0 26.593554882790361 8.5000000000000018 0.46291208791208799 0.60136986301369866 0.074500000000000011 40.750000000000007
decision_type=2 2 2 2 2 2 2 2 2 2 2 2 2 1 2 2 2 2 2 2
left_child=1 2 -1 8 -5 6 9 -7 11 10 -6 -2 -13 17 15 16 -15 18 19 -14
right_child=3 -3 -4 4 5 7 -8 -9 -10 -11 -12 12 13 14 -16 -17 -18 -19 -20 -21
leaf_value=0.048891067585222089 0.083412359470073319 -0.15539913102715122 -0.075612810785340864 -0.057708177383483203 0.0079159911557166035 -0.22739179045522248 -0.024137629858736034 0.10544192869880192 -0.013148384673354087 0.014554780562392041 0.20709097144066285 0.14034143486134942 0.079705338851886048 -0.0077528208563497859 -0.13327352172953247 0.14314906329785948 -0.079088826296837209 -0.091211251696500226 -0.026629839773745376 0.0061188143443845428
leaf_weight=221 163 206 151 130 115 157 103 121 151 157 307 133 786 2221 179 155 217 125 300 649
leaf_count=221 163 206 151 130 115 157 103 121 151 157 307 133 786 2221 179 155 217 125 300 649
internal_value=0.000174276 -0.00620041 -0.00120387 0.000771574 0.00513746 0.00723316 0.0113311 -0.00281956 -0.000165355 0.0144108 0.0185778 0.000249967 -0.000176252 -0.000604456 -0.00257651 -0.0014901 -0.00261847 0.00233574 0.00351806 0.00550232
internal_weight=6747 578 372 6169 1090 960 682 278 5079 579 422 4928 4765 4632 2772 2593 2438 1860 1735 1435
internal_count=6747 578 372 6169 1090 960 682 278 5079 579 422 4928 4765 4632 2772 2593 2438 1860 1735 1435
cat_boundaries=0 1
cat_threshold=1392
is_linear=0
shrinkage=0.056


Tree=120
num_leaves=21
num_cat=1
split_feature=33 237 199 319 323 197 264 248 306 78 60 243 314 251 2 323 228 145 228 28
split_gain=10.4205 8.51981 12.4961 14.768 10.3744 12.2616 12.4326 9.90855 11.873 9.73884 8.67786 12.1447 9.51693 12.966 8.91874 12.3081 11.3413 13.0839 11.0987 9.5757
threshold=2908.5000000000005 1.8686319308502257 0.37791327913279138 0.55150000000000021 0.82650000000000012 1.6762676203140501 72.65000000000002 0.54598308668076123 0.87550000000000006 6.5000000000000009 65.500000000000014 3.2678571428571432 140.40000000000003 1.1441558441558444 0 0.74750000000000016 0.074500000000000011 62.45000000000001 0.15850000000000003 638.50000000000011
decision_type=2 2 2 2 2 2 2 2 2 2 2 2 2 2 1 2 2 2 2 2
left_child=1 10 3 -3 5 7 -7 9 -9 -4 12 -12 14 -14 15 16 -1 -18 -19 -16
right_child=-2 2 4 -5 -6 6 -8 8 -10 -11 11 -13 13 -15 19 -17 17 18 -20 -21
leaf_value=-0.09224668991421639 0.1291291406099476 -0.058428382536347329 0.073708786070604174 0.094904546191244568 -0.095937327315451237 0.10533865060691533 -0.045661885650818225 -0.23419104747049549 -0.050028426087226109 -0.046792652625145169 -0.12581020451267866 0.024871866428856308 0.019761769134688998 0.24388202457668429 0.0093071226812343512 -0.21208108952954047 0.16981250210308987 0.08787630709539701 -0.040243299803106071 -0.040626155914633151
leaf_weight=280 101 147 101 179 111 152 118 136 107 120 99 115 338 179 3632 201 98 170 176 119
leaf_count=280 101 147 101 179 111 152 118 136 107 120 99 115 338 179 3632 201 98 170 176 119
internal_value=0.000444354 0.00017024 -0.00416041 0.00515287 -0.00775365 -0.00534038 0.00414754 -0.0108617 -0.018666 -0.00227981 0.00110816 -0.00994315 0.00156361 0.00877337 0.000766433 -0.00413245 -0.000773258 0.00479242 -0.000323234 0.00198028
internal_weight=6679 6578 1171 326 845 734 270 464 243 221 5407 214 5193 517 4676 925 724 444 346 3751
internal_count=6679 6578 1171 326 845 734 270 464 243 221 5407 214 5193 517 4676 925 724 444 346 3751
cat_boundaries=0 1
cat_threshold=1072
is_linear=0
shrinkage=0.056


Tree=121
num_leaves=21
num_cat=1
split_feature=5 158 242 118 42 12 44 290 6 161 313 185 128 218 262 157 123 304 297 71
split_gain=9.39286 13.431 12.9569 11.3959 11.1853 11.05 19.3227 10.7357 9.52339 9.36011 10.4204 11.953 14.1052 10.634 14.9061 12.481 9.65364 10.5319 8.73879 11.5097
threshold=1347.5000000000002 -0.16988412624157026 76.500000000000014 130.50000000000003 44.500000000000007 10.500000000000002 538.50000000000011 17.948883731659436 0 -1.2494210126592995 162.65000000000001 0.053500000000000006 3366.5000000000005 0.3741666666666667 1.2075781064764552 1.6731433004605865 778.50000000000011 68.550000000000011 0.30094339622641514 30.500000000000004
decision_type=2 2 2 2 2 2 2 2 9 2 2 2 2 2 2 2 2 2 2 2
left_child=2 4 5 -4 -2 6 8 9 -1 -3 11 12 16 15 -15 -13 17 -11 -12 -20
right_child=1 7 3 -5 -6 -7 -8 -9 -10 10 18 13 -14 14 -16 -17 -18 -19 19 -21
leaf_value=0.1536903264483826 -0.18664990926337932 0.034996072204929306 0.067639767029117392 -0.13446134168744275 0.014336491015412157 -0.05279157277708231 0.23149195691019755 0.16218512376781707 0.01012347422100774 -0.10690276876864191 0.0053999451723110783 -0.21696401381475916 -0.17429387144805733 -0.018493209037443385 0.18801413906544739 0.14138386687231771 0.028116518871863824 0.041808060301257402 -0.22798226085669901 0.03897065208969544
leaf_weight=376 186 304 137 179 99 153 128 115 751 460 2539 125 163 149 158 101 163 111 178 104
leaf_count=376 186 304 137 179 99 153 128 115 751 460 2539 125 163 149 158 101 163 111 178 104
internal_value=0.00066235 -0.000576355 0.00422264 -0.0060248 -0.0123784 0.00652261 0.00825485 0.000143863 0.0059129 -0.000282731 -0.000961618 -0.00485583 -0.00880249 0.00178581 0.00857275 -0.0074329 -0.00549297 -0.0089244 0.00101235 -0.00833984
internal_weight=6679 4955 1724 316 285 1408 1255 4670 1127 4555 4251 1430 897 533 307 226 734 571 2821 282
internal_count=6679 4955 1724 316 285 1408 1255 4670 1127 4555 4251 1430 897 533 307 226 734 571 2821 282
cat_boundaries=0 1
cat_threshold=542
is_linear=0
shrinkage=0.056


Tree=122
num_leaves=20
num_cat=0
split_feature=4 33 161 287 148 193 263 188 314 173 264 315 291 175 75 319 323 208 289
split_gain=8.52151 7.89046 7.56875 13.8584 13.559 7.87126 11.2169 8.43606 10.5021 8.89786 9.98871 8.74722 8.16473 10.2093 10.7536 10.1481 9.59758 8.65901 7.72805
threshold=2084.5000000000005 2908.5000000000005 22.261871688292647 -0.069833951898066696 0.10050000000000002 -0.18444944692297002 -1.2464999999999999 3.5953276047261014 5.4500000000000011 0.85559281272071552 73.65000000000002 107.7 1.4299719887955185 0.66552511415525129 4.5000000000000009 0.95850000000000002 0.57250000000000012 0.75147058823529422 0.54201977401129953
decision_type=2 2 2 2 2 2 2 2 2 2 2 2 2 2 2 2 2 2 2
left_child=1 2 5 -4 -5 6 -1 12 -9 -10 11 -11 15 14 -14 17 -15 18 -7
right_child=-2 -3 3 4 -6 7 -8 8 9 10 -12 -13 13 16 -16 -17 -18 -19 -20
leaf_value=-0.23085232773805101 0.17198066402572421 0.1195413076730665 0.1015677541002791 0.18940525386466653 -0.06801577793638619 0.0027796010175586902 0.0037117340568212781 -0.23486898937060521 0.07219756918253234 0.085025097624704629 -0.26070727341527478 -0.16000143317697352 -0.092909039616245276 0.0058472759396303222 0.097573383827804241 -0.16886066492070442 0.24958422285894835 0.12423134682511257 -0.034022731261397508
leaf_weight=132 117 101 108 114 186 4146 138 138 143 150 116 104 171 127 138 113 126 105 206
leaf_count=132 117 101 108 114 186 4146 138 138 143 150 116 104 171 127 138 113 126 105 206
internal_value=0.000813271 0.00054615 0.000303334 0.00768587 0.00149279 -0.000194257 -0.00954013 0.000242061 -0.00576319 -0.00207376 -0.00665902 -0.000440311 0.00100387 0.00737337 0.000543168 0.000220534 0.0157147 0.000640754 0.000257316
internal_weight=6679 6562 6461 408 300 6053 270 5783 651 513 370 254 5132 562 309 4570 253 4457 4352
internal_count=6679 6562 6461 408 300 6053 270 5783 651 513 370 254 5132 562 309 4570 253 4457 4352
is_linear=0
shrinkage=0.056


Tree=123
num_leaves=21
num_cat=0
split_feature=237 300 40 190 309 215 302 86 152 152 231 0 313 171 315 243 143 93 279 324
split_gain=9.23017 12.1256 11.3981 10.1477 11.9559 14.5097 10.822 9.40756 12.1982 13.3045 11.9405 10.9579 18.3384 10.6131 10.0288 9.35219 11.8183 9.31486 9.11831 9.47866
threshold=1.8346246369508659 -1.8859019293758359 24.500000000000004 2.2981481481481487 0.6070000000000001 0.67974358974358984 7.7500000000000009 54.500000000000007 105.50000000000001 55.500000000000007 2.2101018675721567 1.0000000180025095e-35 213.10000000000005 1.256776556776557 99.800000000000026 3.477272727272728 1.2122045605564862 605.50000000000011 0.58995376208490968 0.88750000000000007
decision_type=2 2 2 2 2 2 2 2 2 2 2 2 2 2 2 2 2 2 2 2
left_child=2 -2 7 4 5 6 -3 11 9 10 17 14 -13 -11 -1 -6 -17 18 19 -9
right_child=1 3 -4 -5 15 -7 -8 8 -10 13 -12 12 -14 -15 -16 16 -18 -19 -20 -21
leaf_value=0.043915693199558868 -0.10556356279863757 0.071499170715646002 0.087489062223754063 0.066695465612151811 -0.028998533904395603 -0.10279382696686 -0.086930380021475948 -0.040387202983937422 -0.20402064578524157 -0.0020459801004910185 0.069215458585612052 -0.22822217411270046 0.071560718765283166 0.25633791463913885 0.0032418817415959824 0.13522926060234952 -0.013436156833892781 0.066423899475664641 0.032769037973076912 -0.32930519448660439
leaf_weight=1612 271 118 184 156 148 186 157 685 132 185 177 216 213 178 1356 173 131 143 145 113
leaf_count=1612 271 118 184 156 148 186 157 685 132 185 177 216 213 178 1356 173 131 143 145 113
internal_value=0.000477892 -0.00367749 0.00152085 -0.000995172 -0.00325064 -0.00959617 -0.00142487 0.00103198 -0.00229342 -0.00096423 -0.00368 0.00275297 -0.00561267 0.00848439 0.00396221 0.00322088 0.00884156 -0.0058783 -0.00789802 -0.0102454
internal_weight=6679 1340 5339 1069 913 461 275 5155 1758 1626 1263 3397 429 363 2968 452 304 1086 943 798
internal_count=6679 1340 5339 1069 913 461 275 5155 1758 1626 1263 3397 429 363 2968 452 304 1086 943 798
is_linear=0
shrinkage=0.056


Tree=124
num_leaves=21
num_cat=1
split_feature=132 86 324 64 106 309 323 278 217 262 211 190 176 2 285 268 291 309 231 201
split_gain=9.67662 18.7111 16.3477 11.5925 12.2364 10.6256 10.1093 9.47716 9.29452 10.7852 8.92771 10.5129 12.2921 8.7082 13.1724 13.3352 14.5123 12.7666 11.8165 10.597
threshold=25.500000000000004 178.50000000000003 0.55500000000000016 3538.5000000000005 75.500000000000014 0.58350000000000002 0.86250000000000016 0.5562067078698002 0.072077922077922088 1.394682967541685 0.80707196029776684 1.9420168067226893 0.47247474747474755 0 0.39811922729780108 2.8521538461538465 1.107625482625483 0.82850000000000013 0.52223320158102771 9.740382692407513
decision_type=2 2 2 2 2 2 2 2 2 2 2 2 2 1 2 2 2 2 2 2
left_child=3 2 -2 6 7 -4 13 8 -5 10 -10 12 -12 14 15 16 17 18 -1 -17
right_child=1 -3 5 4 -6 -7 -8 -9 9 -11 11 -13 -14 -15 -16 19 -18 -19 -20 -21
leaf_value=0.00012508129093584587 -0.13797985701249921 0.047080076642540845 -0.030724005997367628 -0.005853506719184793 -0.034744584744186881 0.11687262572420877 -0.062378536341184891 -0.039378693026125122 0.30108603535144279 -0.01164715416586292 -0.05964760143524258 0.12140890282754087 0.1050543005240103 -0.010598330479123745 -0.14397926780452308 0.013980340128704411 -0.11023658618430235 -0.10273950399928765 0.0674249790391519 0.15086591355284429
leaf_weight=864 174 106 121 135 116 128 424 101 115 116 102 108 128 2125 175 539 158 180 526 303
leaf_count=864 174 106 121 135 116 128 424 101 115 116 102 108 128 2125 175 539 158 180 526 303
internal_value=-3.31909e-05 -0.00730404 -0.0125764 0.000585654 0.00638419 -0.00337284 -0.00042309 0.00883458 0.0111361 0.0142704 0.0181718 0.0135853 0.00681668 0.00029894 0.00237816 0.00339916 0.00058324 0.00221136 0.00402866 0.00917795
internal_weight=6744 529 423 6215 921 249 5294 805 704 569 453 338 230 4870 2745 2570 1728 1570 1390 842
internal_count=6744 529 423 6215 921 249 5294 805 704 569 453 338 230 4870 2745 2570 1728 1570 1390 842
cat_boundaries=0 1
cat_threshold=686
is_linear=0
shrinkage=0.056


Tree=125
num_leaves=21
num_cat=0
split_feature=164 4 324 213 199 159 33 302 0 267 145 166 253 204 139 164 190 169 187 302
split_gain=9.64718 11.8769 12.5941 11.8191 11.9398 11.7074 11.94 11.9395 11.6429 11.632 13.1624 11.0657 11.0999 15.5686 10.1304 9.72709 9.60894 8.95733 13.8 13.0765
threshold=0.86607142857142871 1848.5000000000002 0.94450000000000001 1.120769903795708 0.46697819314641748 0.45910003345600542 459.50000000000006 74.700000000000003 1.0000000180025095e-35 0.19650000000000004 70.450000000000017 1.5052086647269534 1.4051706990251425 0.60769230769230786 -30.229999999999986 0.73863636363636376 3.3535539215686279 0.41341829085457277 0.16600000000000004 90.600000000000009
decision_type=2 2 2 2 2 2 2 2 2 2 2 2 2 2 2 2 2 2 2 2
left_child=1 2 8 4 -3 17 -7 9 11 10 -8 12 16 -14 -10 -4 -1 18 -2 -19
right_child=5 3 15 -5 -6 6 7 -9 14 -11 -12 -13 13 -15 -16 -17 -18 19 -20 -21
leaf_value=0.0053842144391189261 -0.45001236181636861 0.03220749406625275 -0.031026821256836364 -0.013242570229564252 0.23867264189657914 0.057930735127554263 0.11621076182404248 -0.089038151811664842 0.046723765667546921 0.10322778650594945 -0.1366076258459816 0.15248429124629284 0.14324118590158524 0.0089328444887456313 -0.10230968723086804 -0.180970365871606 -0.16264283471909213 -0.0001647982538852375 -0.012012378273696925 -0.16438719587780334
leaf_weight=3378 107 285 319 99 157 203 114 231 154 105 178 166 102 122 198 107 120 383 99 117
leaf_count=3378 107 285 319 99 157 203 114 231 154 105 178 166 102 122 198 107 120 383 99 117
internal_value=0 0.00115073 0.00024 0.00900524 0.0129227 -0.0038984 0.000606304 -0.00320993 0.00116223 0.00267969 -0.00306794 0.00204523 0.00141425 0.0134992 -0.00859044 -0.00893858 0.00064032 -0.0092009 -0.0190283 -0.00515167
internal_weight=6744 5207 4666 541 442 1537 831 628 4240 397 292 3888 3722 224 352 426 3498 706 206 500
internal_count=6744 5207 4666 541 442 1537 831 628 4240 397 292 3888 3722 224 352 426 3498 706 206 500
is_linear=0
shrinkage=0.056


Tree=126
num_leaves=16
num_cat=2
split_feature=206 244 122 319 294 110 64 125 263 10 68 129 3 292 2
split_gain=12.8705 9.27506 8.68996 8.21978 8.64213 9.49519 13.3627 13.4922 12.8477 11.653 11.5491 10.6054 10.0354 8.51573 8.67436
threshold=1.50869187100595 0.75961538461538469 2539.5000000000005 0.98750000000000016 0.46979865968634388 20052.000000000004 3523.5000000000005 45.500000000000007 -1.1974999999999998 196.50000000000003 20.500000000000004 3292.5000000000005 0 73.500000000000014 1
decision_type=2 2 2 2 2 2 2 2 2 2 2 2 1 2 1
left_child=2 -2 3 4 5 6 9 10 -7 13 -8 -9 -13 14 -1
right_child=1 -3 -4 -5 -6 8 7 11 -10 -11 -12 12 -14 -15 -16
leaf_value=0.011690876110461729 -0.14402688942540059 0.021614688000374728 0.12446967362980974 -0.10341295999639412 -0.1290263514159066 -0.17867907206741243 0.039616974003793937 -0.13213733831845118 0.0021492395392554613 -0.12080596114444082 0.24100004276705594 0.00052795915528076876 0.16446108048614727 0.10647153953985525 -0.0066438333947492229
leaf_weight=1503 151 105 105 116 159 99 138 115 105 130 121 335 191 128 3243
leaf_count=1503 151 105 105 116 159 99 138 115 105 130 121 335 191 128 3243
internal_value=6.64056e-05 -0.0122493 0.00055238 0.000289494 0.000562923 0.000898467 0.00130892 0.00759093 -0.0109796 0.000179025 0.0183777 0.0032322 0.00660045 0.000620402 0.000235954
internal_weight=6744 256 6488 6383 6267 6108 5904 900 204 5004 259 641 526 4874 4746
internal_count=6744 256 6488 6383 6267 6108 5904 900 204 5004 259 641 526 4874 4746
cat_boundaries=0 1 2
cat_threshold=1415 14
is_linear=0
shrinkage=0.056


Tree=127
num_leaves=21
num_cat=2
split_feature=9 47 308 4 72 265 204 178 199 115 315 277 293 180 297 312 232 238 2 250
split_gain=9.02564 17.3381 8.21118 7.85754 10.3814 14.1306 12.8724 14.6514 12.2743 12.247 11.0084 10.1174 13.0146 11.4719 10.1325 12.1794 11.2236 10.5788 9.92103 9.85447
threshold=271.50000000000006 20828.500000000004 -0.33549999999999996 1598.5000000000002 0 0.048500000000000008 0.51470588235294124 0.49305421570519009 0.56736587333602262 33.500000000000007 98.850000000000009 1.5782434910116685 1.2584674236512077 19.685450140125045 0.20638945233265724 0.17050000000000001 23.500000000000004 0.34108642719809007 1 4.7504023204916228
decision_type=2 2 2 2 9 2 2 2 2 2 2 2 2 2 2 2 2 2 1 2
left_child=1 2 -1 11 5 8 -7 -8 9 -5 -11 12 14 -13 15 -4 -17 -16 -15 -6
right_child=-2 -3 3 4 19 6 7 -9 -10 10 -12 13 -14 18 17 16 -18 -19 -20 -21
leaf_value=0.065902348813981534 0.0098173883405653622 -0.056709403051711446 0.20368647302048351 -0.17772868235011635 0.013854748923943377 0.12534764904669726 -0.064125844567106377 0.18753566839535546 0.041649867361511793 0.11953434702378844 -0.054984978969305723 0.017370004273036123 -0.25936509640954031 0.022127350915954108 -0.014616728114174067 -0.035955602216062969 0.020532773353771804 -0.2534718793234344 -0.16416036075275772 0.076182610188017988
leaf_weight=165 100 112 107 164 1029 198 212 123 146 116 99 1215 111 113 303 1079 550 197 177 428
leaf_count=165 100 112 107 164 1029 198 212 123 146 116 99 1215 111 113 303 1079 550 197 177 428
internal_value=9.96203e-05 -0.000151692 0.000222878 -9.67236e-05 0.00233791 -0.00188749 0.00451752 -0.00217265 -0.00842635 -0.013741 -0.00494808 -0.00168635 -0.00398459 0.00189757 -0.00305538 -0.00103217 -0.0022344 -0.0100797 -0.00810978 0.0053823
internal_weight=6744 6644 6532 6367 2515 1058 533 335 525 379 215 3852 2347 1505 2236 1736 1629 500 290 1457
internal_count=6744 6644 6532 6367 2515 1058 533 335 525 379 215 3852 2347 1505 2236 1736 1629 500 290 1457
cat_boundaries=0 1 2
cat_threshold=934 1300
is_linear=0
shrinkage=0.056


Tree=128
num_leaves=21
num_cat=1
split_feature=5 137 110 95 3 193 92 207 115 138 279 137 296 203 24 315 139 307 298 198
split_gain=9.39836 9.10737 9.99221 12.0197 9.73211 10.1502 13.2558 8.93827 9.56416 8.77938 14.7195 12.1831 13.0326 12.6443 12.4406 9.83937 9.46689 9.02572 10.8874 9.20853
threshold=1957.5000000000002 945.15000000000009 21172.000000000004 25.500000000000004 0 0.41475304303753874 529.50000000000011 0.45087096251071607 27.500000000000004 503.51000000000005 0.65893862235325662 537.86500000000012 0.47413024085637828 2.6125000000000003 5.5000000000000009 110.55000000000001 170.405 0.71450000000000002 0.46186166774402077 -0.1750722152680266
decision_type=2 2 2 2 1 2 2 2 2 2 2 2 2 2 2 2 2 2 2 2
left_child=1 2 3 7 -5 6 -6 9 -9 10 17 14 16 -14 15 -11 -13 19 -19 -1
right_child=-2 -3 -4 4 5 -7 -8 8 -10 11 -12 12 13 -15 -16 -17 -18 18 -20 -21
leaf_value=-0.062412442168657808 -0.10793322994991948 0.1043986238137463 0.0036132682051926396 -0.16057952184027047 0.11416021606796954 -0.073591726718842884 -0.029144987783159864 0.0077580581675316118 -0.24314730266346296 -0.22812716638012434 -0.091526056606090062 0.019231571382426819 -0.10391908883597539 0.001531919698015429 0.16594850715910889 -0.036703357189790183 -0.06992412475025736 0.16573609582244864 -0.016071263752991272 0.013035144972525023
leaf_weight=99 305 163 118 184 192 165 170 104 102 237 112 1496 300 551 122 192 233 508 137 1299
leaf_count=99 305 163 118 184 192 165 170 104 102 237 112 1496 300 551 122 192 233 508 137 1299
internal_value=-0.000123706 0.000328168 -8.83393e-06 -0.00031595 -0.00716714 -0.00302391 0.0021653 0.000570983 -0.010873 0.001017 0.00376791 -0.000876346 0.000737922 -0.00493518 -0.00843527 -0.0129227 0.00353027 0.00485161 0.0103315 0.0023232
internal_weight=6789 6484 6321 6203 711 527 362 5492 206 5286 2155 3131 2580 851 551 429 1729 2043 645 1398
internal_count=6789 6484 6321 6203 711 527 362 5492 206 5286 2155 3131 2580 851 551 429 1729 2043 645 1398
cat_boundaries=0 1
cat_threshold=1540
is_linear=0
shrinkage=0.056


Tree=129
num_leaves=21
num_cat=0
split_feature=36 125 126 171 47 269 5 193 219 187 168 185 263 46 118 117 307 173 165 277
split_gain=9.64713 10.0678 12.4525 12.3679 13.8334 11.7462 10.2012 15.568 10.7788 8.67802 8.69876 12.7324 17.5873 11.7759 13.1092 11.5302 11.4659 11.1993 10.3832 8.67943
threshold=254.50000000000003 47.500000000000007 133.50000000000003 1.2314560439560442 19088.000000000004 138.50000000000003 1319.5000000000002 0.39505150426668173 6.5000000000000009 0.26350000000000007 0.56804152637485983 0.066500000000000017 -0.86649999999999994 15620.500000000002 327.50000000000006 9.5000000000000018 0.70450000000000002 1.0210707446730578 0.28563584676779669 1.5745017498371678
decision_type=2 2 2 2 2 2 2 2 2 2 2 2 2 2 2 2 2 2 2 2
left_child=1 6 5 4 -4 -3 7 -1 -9 10 13 12 18 14 15 16 -8 -13 -12 -11
right_child=-2 2 3 -5 -6 -7 9 8 -10 19 11 17 -14 -15 -16 -17 -18 -19 -20 -21
leaf_value=0.10913972288558028 0.056841499161168062 -0.11663967178537901 0.010974490762215594 0.027648138493186453 -0.11676544856055857 0.017995055044277633 -0.021784877187277212 -0.068984737943737634 0.026512776858824316 0.00028729457832812953 -0.1434373320700113 -0.046119721537295648 0.22601495473016969 0.045896487563210728 -0.31403962616857461 0.083410718667787778 0.033789336614650049 -0.2031442496498192 0.024784442258519064 0.1261062602280871
leaf_weight=833 157 420 237 205 189 110 1837 146 190 169 252 160 121 191 132 257 740 166 162 115
leaf_count=833 157 420 237 205 189 110 1837 146 190 169 252 160 121 191 132 257 740 166 162 115
internal_value=0.000189695 -0.000135078 -0.00487152 0.000443485 -0.00499492 -0.0111997 0.000870013 0.00550884 -0.00466618 -0.000390479 -0.00105919 -0.00604859 -0.000732409 0.000301501 -0.000566365 0.000237064 -0.000890896 -0.0147725 -0.00622183 0.00906984
internal_weight=6789 6632 1161 631 426 530 5471 1169 336 4302 4018 861 535 3157 2966 2834 2577 326 414 284
internal_count=6789 6632 1161 631 426 530 5471 1169 336 4302 4018 861 535 3157 2966 2834 2577 326 414 284
is_linear=0
shrinkage=0.056


Tree=130
num_leaves=21
num_cat=1
split_feature=57 5 229 13 278 194 105 106 187 229 311 318 262 226 4 170 260 144 146 3
split_gain=11.1169 8.52886 9.47412 11.9742 11.2636 11.6782 11.0409 13.5571 12.2834 10.1662 12.1244 10.2325 12.3368 13.267 10.3441 12.6517 11.7576 10.2003 15.4737 9.66657
threshold=25.500000000000004 2093.5000000000005 3.8275431034482765 17.500000000000004 0.4060342230822076 0.27071078431372553 14.500000000000002 52.500000000000007 0.10050000000000002 3.2440972222222224 0.31000000000000005 0.048500000000000008 1.1694211739004488 0.05050000000000001 1977.5000000000002 9.7568450364692527 13.278388255972741 1.5825000000000002 0.031500000000000007 0
decision_type=2 2 2 2 2 2 2 2 2 2 2 2 2 2 2 2 2 2 2 1
left_child=1 2 3 9 5 -4 7 -5 -8 11 -11 12 13 -1 15 -13 -17 -12 -19 -10
right_child=-2 -3 4 6 -6 -7 8 -9 19 10 17 14 -14 -15 -16 16 -18 18 -20 -21
leaf_value=0.061136170010981178 -0.056600017788229651 -0.30229528889146162 -0.0067584916659773385 -0.019390359001732492 -0.061945691951487761 0.12144516891811558 -0.055832823677177804 -0.1129837610581307 -0.080008131254680939 -0.21016426927090123 -0.023726604253171819 0.0067726584762248269 0.20191229349223772 -0.16303627415378136 0.10973405107805613 -0.0098107421252790483 -0.17886205499956037 -0.042241210235247031 0.12512026402048168 0.093443323380186155
leaf_weight=355 113 105 113 195 119 272 105 181 114 135 759 2759 296 100 165 346 168 101 164 124
leaf_count=355 113 105 113 195 119 272 105 181 114 135 759 2759 296 100 165 346 168 101 164 124
internal_value=7.42141e-05 0.000369059 0.000622103 9.20377e-06 0.00799967 0.0126541 -0.00677585 -0.0134038 0.000489327 0.000921436 -0.00372031 0.00220574 0.00812761 0.00233811 0.000912111 0.000222377 -0.00784404 -0.00164047 0.00781825 0.00752872
internal_weight=6789 6676 6571 6067 504 385 719 376 343 5348 1159 4189 751 455 3438 3273 514 1024 265 238
internal_count=6789 6676 6571 6067 504 385 719 376 343 5348 1159 4189 751 455 3438 3273 514 1024 265 238
cat_boundaries=0 1
cat_threshold=589
is_linear=0
shrinkage=0.056


Tree=131
num_leaves=21
num_cat=1
split_feature=36 55 289 124 320 234 101 29 72 307 196 291 11 30 108 264 293 323 128 298
split_gain=8.91239 9.44333 15.0634 12.1712 11.111 10.9532 10.6982 9.59795 8.15538 12.3007 9.82748 10.2403 11.436 11.601 10.9937 9.68943 10.2309 9.29061 9.75826 10.4381
threshold=264.50000000000006 362.50000000000006 0.3551971326164875 67.500000000000014 0.50450000000000006 0.21451046654576855 210.50000000000003 494.50000000000006 0 0.91850000000000021 10.194169794303409 1.474342105263158 3.5000000000000004 9.5000000000000018 425.50000000000006 76.250000000000014 1.0445574537485489 0.90900000000000014 3804.0000000000005 0.46282476506357112
decision_type=2 2 2 2 2 2 2 2 9 2 2 2 2 2 2 2 2 2 2 2
left_child=1 6 5 4 -4 -3 8 -6 9 10 11 12 13 -1 -14 16 -12 18 19 -10
right_child=-2 2 3 -5 7 -7 -8 -9 17 -11 15 -13 14 -15 -16 -17 -18 -19 -20 -21
leaf_value=-0.074850855708685229 0.048220839329929273 -0.052833943438236483 -0.063403608959210531 0.11648668957939901 -0.055843054860391657 -0.36018152279553883 0.086530952828205346 0.052467159549527402 0.021598770436960592 0.18877078138297554 -0.00034209454982530473 -0.18185455539467865 0.023087309935130088 -0.22877715867666973 -0.021836937588363376 -0.094133769854852362 0.11318869308999471 -0.074420890490506195 -0.055596313431764528 -0.01050408966302389
leaf_weight=423 116 149 163 98 120 98 116 120 2772 104 317 129 477 106 225 109 185 191 105 666
leaf_count=423 116 149 163 98 120 98 116 120 2772 104 317 129 477 106 225 109 185 191 105 666
internal_value=5.77168e-05 -0.000209777 -0.00613882 -0.000558561 -0.00486312 -0.0174568 0.000538707 0.00279932 0.000202417 -0.0026052 -0.00360824 -0.0062587 -0.00468549 -0.0109033 0 0.00229106 0.00557736 0.00176491 0.00241824 0.00293189
internal_weight=6789 6673 748 501 403 247 5925 240 5809 2075 1971 1360 1231 529 702 611 502 3734 3543 3438
internal_count=6789 6673 748 501 403 247 5925 240 5809 2075 1971 1360 1231 529 702 611 502 3734 3543 3438
cat_boundaries=0 1
cat_threshold=807
is_linear=0
shrinkage=0.056


Tree=132
num_leaves=21
num_cat=1
split_feature=182 312 86 187 4 213 324 324 72 57 239 234 322 114 286 157 226 305 151 285
split_gain=10.6739 11.5841 10.6098 9.82071 10.5528 10.9961 12.2176 14.1648 12.6991 11.1987 11.1869 11.0095 10.9815 14.9344 11.3412 16.0584 13.6776 11.9293 13.6292 11.4002
threshold=1.6213447273588211 0.71150000000000013 41.500000000000007 0.11550000000000002 1158.5000000000002 0.99103708148907199 0.95350000000000013 0.29250000000000004 0 10.500000000000002 0.5325381140598533 0.092003173065017721 0.99450000000000005 47.500000000000007 0.9058727627961628 1.9538532289690098 0.078500000000000014 0.77750000000000019 0.65821566110397967 0.19710220924035152
decision_type=2 2 2 2 2 2 2 2 9 2 2 2 2 2 2 2 2 2 2 2
left_child=3 2 -2 -1 -5 12 7 -7 9 11 -10 -9 14 -14 15 16 19 18 -16 -6
right_child=1 -3 -4 4 5 6 -8 8 10 -11 -12 -13 13 -15 17 -17 -18 -19 -20 -21
leaf_value=-0.0055540496812569009 0.095909945265102423 -0.12880558295989653 -0.039205741563671723 -0.10255988141391785 0.033021804158989018 -0.07369753874884355 -0.32279014705992187 0.067427342527346001 0.017694502950381698 -0.11410563397234821 0.18798059656119523 -0.020079204011436085 0.0093106178602291329 0.25029363496716833 0.02639561520302491 -0.17770568461556069 -0.050753495177754168 -0.021325216103419579 0.14538308495885738 0.19939194513330852
leaf_weight=3026 120 143 109 190 431 198 102 99 514 180 173 217 138 117 182 111 115 149 364 99
leaf_count=3026 120 143 109 190 431 198 102 99 514 180 173 217 138 117 182 111 115 149 364 99
internal_value=0.000190031 -0.00903181 -0.001222 0.000725658 0.00280078 0.0035647 3.76529e-05 0.00141914 0.00373951 -0.00309849 0.00859661 0.00318936 0.00663062 0.0173484 0.00474696 0 0.00338579 0.00991055 0.0137433 0.0071846
internal_weight=6777 372 229 6405 3379 3189 1483 1381 1183 496 687 316 1706 255 1451 756 645 695 546 530
internal_count=6777 372 229 6405 3379 3189 1483 1381 1183 496 687 316 1706 255 1451 756 645 695 546 530
cat_boundaries=0 1
cat_threshold=103
is_linear=0
shrinkage=0.056


Tree=133
num_leaves=17
num_cat=0
split_feature=115 229 140 241 301 252 170 139 225 199 225 312 44 187 319 132
split_gain=7.7273 7.79849 13.5932 9.62154 10.6746 8.68199 8.92163 7.28524 7.57986 10.4268 9.39239 8.01856 12.3226 11.2917 13.7953 10.6378
threshold=233.50000000000003 3.8146428571428577 2017.5000000000002 5.5836770929812003 217.95000000000002 68.500000000000014 4.9385412826733228 427.17000000000007 77.750000000000014 0.41565737633153371 76.850000000000009 0.67650000000000021 678.50000000000011 0.25750000000000006 0.73850000000000005 23.500000000000004
decision_type=2 2 2 2 2 2 2 2 2 2 2 2 2 2 2 2
left_child=1 5 -3 -4 -5 7 -7 8 10 -10 11 12 15 14 -13 -1
right_child=-2 2 3 4 -6 6 -8 -9 9 -11 -12 13 -14 -15 -16 -17
leaf_value=-0.0096937116044219455 0.24054463015486391 -0.0094626984397384387 -0.021390551228463714 0.21882192477180371 0.025990414497661211 -0.12455527131039336 0.00069869071250514025 0.15227464136484875 0.21846728875720961 -0.00024371864015371614 -0.10653369203001754 0.016226228028365031 0.098674057009269331 0.097825019715507347 -0.068920295018367689 -0.052339511405908895
leaf_weight=2679 111 152 109 171 116 151 105 165 118 191 155 1488 102 160 521 283
leaf_count=2679 111 152 109 171 116 151 105 165 118 191 155 1488 102 160 521 283
internal_value=-2.4766e-05 -0.000268803 0.00613109 0.0115955 0.016975 -0.000842079 -0.0109368 -0.000401201 -0.000737202 0.00779235 -0.0012264 -0.000823971 -0.00266835 0.00178139 0.000641035 -0.00332743
internal_weight=6777 6666 548 396 287 6118 256 5862 5697 309 5388 5233 3064 2169 2009 2962
internal_count=6777 6666 548 396 287 6118 256 5862 5697 309 5388 5233 3064 2169 2009 2962
is_linear=0
shrinkage=0.056


Tree=134
num_leaves=21
num_cat=0
split_feature=96 180 149 314 267 5 181 262 178 213 22 187 308 266 183 146 145 146 229 310
split_gain=13.7684 9.6442 7.89967 8.17552 14.6502 12.0687 11.8433 10.3392 9.9518 9.40278 15.4188 11.6627 12.291 12.2748 11.0213 10.5662 10.0869 11.0404 9.19985 9.12777
threshold=3316.5000000000005 35.745742102770222 4.1269164513350569 137.05000000000004 0.12850000000000003 1957.5000000000002 10.500000000000002 1.108593855149959 0.37847490347490353 1.1428803532069738 159.50000000000003 0.11550000000000002 0.65750000000000008 0.10550000000000001 -0.84049999999999991 0.016500000000000004 67.950000000000017 0.051500000000000004 3.2802439024390249 0.59550000000000003
decision_type=2 2 2 2 2 2 2 2 2 2 2 2 2 2 2 2 2 2 2 2
left_child=1 2 3 5 19 9 -6 -7 -8 11 16 12 18 -14 15 -13 17 -11 -1 -5
right_child=-2 -3 -4 4 6 7 8 -9 -10 10 -12 14 13 -15 -16 -17 -18 -19 -20 -21
leaf_value=-0.013414422757613245 -0.08072597298588674 0.067144706595392137 -0.11987893527848655 0.085311508530550514 0.31354281460535727 -0.27695644268718123 0.17086552691310478 -0.0034018311230077031 -0.0086489624434418887 -0.034795272499321579 0.015215755651425638 0.14239321670424915 0.061164350013794874 -0.076138128089050766 0.1472344389399613 0.0024321595984993396 -0.070192320379653214 0.10912572865039194 -0.20737086721266706 -0.069995361084331992
leaf_weight=1012 101 234 107 150 100 105 102 102 147 154 99 216 846 188 192 1712 724 114 201 171
leaf_count=1012 101 234 107 150 100 105 102 102 147 154 99 216 846 188 192 1712 724 114 201 171
internal_value=8.23953e-06 0.00031873 -8.69046e-05 0.00016793 0.00601767 -0.00052389 0.0139594 -0.0137963 0.00742103 -2.04909e-05 -0.00467079 0.00114125 -0.00166971 0.00281609 0.00412068 0.00284639 -0.00677403 0.00250686 -0.00549368 -0.00261632
internal_weight=6777 6676 6442 6335 670 5665 349 207 249 5458 1091 4367 2247 1034 2120 1928 992 268 1213 321
internal_count=6777 6676 6442 6335 670 5665 349 207 249 5458 1091 4367 2247 1034 2120 1928 992 268 1213 321
is_linear=0
shrinkage=0.056


Tree=135
num_leaves=19
num_cat=0
split_feature=44 60 178 217 60 304 134 132 117 15 225 137 298 193 267 295 165 308
split_gain=9.13109 10.7692 12.3053 10.1847 6.78362 7.80469 8.57658 7.79689 12.0207 10.7479 13.1732 14.3108 10.8686 16.204 9.97098 8.81978 8.75485 6.87213
threshold=698.50000000000011 65.500000000000014 0.42514367816091958 0.39009661835748799 60.500000000000007 113.35000000000001 25.500000000000004 24.500000000000004 8.5000000000000018 6.5000000000000009 69.950000000000017 530.5100000000001 0.46894290123456794 0.10789667493184729 0.17650000000000002 0.72994422994423003 0.10330407890666608 0.89950000000000008
decision_type=2 2 2 2 2 2 2 2 2 2 2 2 2 2 2 2 2 2
left_child=1 3 -3 4 5 7 17 9 -9 12 11 -11 15 -14 -10 -1 -12 -7
right_child=-2 2 -4 -5 -6 6 -8 8 14 10 16 -13 13 -15 -16 -17 -18 -19
leaf_value=0.00093571469298164443 0.026404443492820579 -0.26331117667257886 0.00026448056576587928 -0.064056507558539852 0.05453970147018089 0.30897930970608983 -0.0090383609429861445 -0.1582685782865843 0.11570947326254447 -0.14628317215818359 0.074014891081092993 0.11619680114627752 -0.13667101625189948 -0.00030063347753835144 -0.090565104384035922 0.069690309568097492 0.28902956831415461 0.033624995960194998
leaf_weight=3761 183 118 127 106 167 98 98 123 131 118 104 100 352 610 130 225 119 107
leaf_count=3761 183 118 127 106 167 98 98 123 131 118 104 100 352 610 130 225 119 107
internal_value=0.000206557 -0.000135857 -0.0116565 0.000308685 0.000600967 0.000294904 0.00905556 -0.000164878 -0.00787457 0.000384457 0.00876153 -0.00102678 -0.000362134 -0.00570461 -0.00107218 0.000927205 0.0183311 0.0155699
internal_weight=6777 6594 245 6349 6243 6076 303 5773 384 5389 441 218 4948 962 261 3986 223 205
internal_count=6777 6594 245 6349 6243 6076 303 5773 384 5389 441 218 4948 962 261 3986 223 205
is_linear=0
shrinkage=0.056


Tree=136
num_leaves=21
num_cat=0
split_feature=229 308 162 22 264 138 241 317 247 94 233 228 134 320 115 324 324 62 317 263
split_gain=14.0233 13.5976 11.1351 10.5354 9.38139 7.72602 7.74646 12.4267 12.7165 8.27456 11.1363 12.1715 10.4406 13.7247 11.7234 9.48519 11.9081 12.8698 11.2991 8.858
threshold=3.7783101045296168 0.81650000000000011 59.500000000000007 252.50000000000003 75.250000000000014 939.04000000000008 -4.3785750886414165 0.51550000000000018 0.062393616860256185 9.5000000000000018 2.6405316508146321 0.25150000000000006 24.500000000000004 1.0390000000000004 54.500000000000007 0.36750000000000005 0.48950000000000005 153.50000000000003 0.36650000000000005 -1.3764999999999998
decision_type=2 2 2 2 2 2 2 2 2 2 2 2 2 2 2 2 2 2 2 2
left_child=3 2 -2 5 -4 6 7 -1 -9 10 11 12 13 -8 -14 19 -17 18 -18 -11
right_child=1 -3 4 -5 -6 -7 9 8 -10 15 -12 -13 14 -15 -16 16 17 -19 -20 -21
leaf_value=0.008254022979556663 -0.023383104579515823 -0.029755016729899789 0.20733849744763203 0.096190315468361959 0.021909006429489886 -0.14636537916213607 0.004092465534831515 -0.28630718076141026 -0.038587198641035429 0.019567681749480589 -0.070443384542568127 0.22290731118297077 -0.24154101793584698 -0.16795626994063567 0.0022998147093056501 0.10422367693647394 0.20267652696910757 -0.15113611153803458 0.0088827376838837464 -0.060864167786733793
leaf_weight=173 107 186 207 99 102 127 2023 110 104 171 208 105 277 201 181 348 139 159 1327 364
leaf_count=173 107 186 207 99 102 127 2023 110 104 171 208 105 277 201 181 348 139 159 1327 364
internal_value=0.000216707 0.00837182 0.0139996 -0.000585978 0.019391 -0.000884135 -0.000589446 -0.00824764 -0.0172702 -5.08521e-05 -0.00203801 -0.00110507 -0.00183737 -0.000251726 -0.00953676 0.0023221 0.00411548 0.00210205 0.00374341 -0.00429128
internal_weight=6718 602 416 6116 309 6017 5890 387 214 5503 2995 2787 2682 2224 458 2508 1973 1625 1466 535
internal_count=6718 602 416 6116 309 6017 5890 387 214 5503 2995 2787 2682 2224 458 2508 1973 1625 1466 535
is_linear=0
shrinkage=0.056


Tree=137
num_leaves=21
num_cat=3
split_feature=54 137 193 195 201 2 5 164 313 268 4 212 319 3 145 263 168 3 117 53
split_gain=9.89804 9.44605 8.2732 14.0068 9.66616 10.9194 10.726 11.3847 12.8369 10.1361 13.2787 16.5875 11.6864 9.63125 9.30314 10.4122 9.26234 13.5392 8.86274 11.6
threshold=471.50000000000006 968.7700000000001 0.12420184671406309 0.17752100840336138 -4.8491079856236361 0 1402.5000000000002 0.80909090909090919 193.15000000000001 3.2581020255063771 1246.5000000000002 50.500000000000007 0.40850000000000003 1 76.65000000000002 -0.88049999999999995 0.43670066375263078 2 9.5000000000000018 8.5000000000000018
decision_type=2 2 2 2 2 1 2 2 2 2 2 2 2 1 2 2 2 1 2 2
left_child=1 2 3 18 -4 14 7 8 13 10 -8 -12 -11 -7 15 -6 17 -5 -1 -20
right_child=-2 -3 4 16 5 6 9 -9 -10 12 11 -13 -14 -15 -16 -17 -18 -19 19 -21
leaf_value=-0.008842894981890094 0.010520286291223264 0.070251457066844755 0.11179081599862831 0.14852419098112427 -0.088519708106898326 0.28541148925622295 -0.34950198259846726 -0.0023363045616317706 0.21902283586251281 0.17217158633366628 -0.017871090617237132 0.05453232715593357 0.010821337934625216 0.0033772312194140356 0.078231459919203272 0.14436381651310248 -0.084733801787764601 -0.17247381134089862 0.20159205675014691 -0.00061253669203215825
leaf_weight=1707 156 163 102 103 473 104 144 266 138 103 888 334 342 198 99 115 800 111 150 222
leaf_count=1707 156 163 102 103 473 104 144 266 138 103 888 334 342 198 99 115 800 111 150 222
internal_value=0.000416767 8.53153e-05 -0.000253765 -0.00233554 0.00169384 0.00115351 0.00285866 0.00872498 0.0142542 0.000587432 -0.00180369 9.15215e-05 0.00792772 0.00778753 -0.00506146 -0.00780924 -0.00773159 0.00261606 0.000296219 0.00812859
internal_weight=6718 6562 6399 3093 3306 3204 2517 706 440 1811 1366 1222 445 302 687 588 1014 214 2079 372
internal_count=6718 6562 6399 3093 3306 3204 2517 706 440 1811 1366 1222 445 302 687 588 1014 214 2079 372
cat_boundaries=0 1 2 3
cat_threshold=112 298 466
is_linear=0
shrinkage=0.056


Tree=138
num_leaves=21
num_cat=1
split_feature=61 53 135 29 63 211 122 164 233 137 207 36 229 72 322 158 5 232 135 304
split_gain=9.67087 15.7936 18.4679 14.7075 14.94 12.1635 12.119 10.7814 12.5937 9.95988 9.92298 8.89543 8.78992 11.8152 9.1627 8.78416 15.4498 8.63003 8.3172 10.0226
threshold=44.500000000000007 13.500000000000002 53.500000000000007 582.50000000000011 155.50000000000003 0.94201680672268917 1648.5000000000002 0.67948717948717963 1.9933490152573932 968.7700000000001 0.15342644550827308 191.50000000000003 3.7783101045296168 0 0.17550000000000002 -0.16988412624157026 1365.5000000000002 25.500000000000004 63.500000000000007 98.300000000000026
decision_type=2 2 2 2 2 2 2 2 2 2 2 2 2 9 2 2 2 2 2 2
left_child=9 3 10 4 7 -4 -5 11 -9 12 -3 17 15 -14 -15 16 -1 -2 19 -17
right_child=1 2 5 6 -6 -7 -8 8 -10 -11 -12 -13 13 14 -16 18 -18 -19 -20 -21
leaf_value=0.062816603883842512 0.039507119232281757 0.05058018458275286 -0.19079799164952638 0.041893456627463167 0.1339243167328158 -0.017158620071691673 -0.09314779352470004 0.031325560972792585 -0.12413703723179724 0.084523043179030685 -0.022992306501804848 0.0097399387002868702 -0.049543713167466703 -0.0064108429873276128 0.19018295131580049 -0.006960683494507256 -0.20782801608898827 0.31323291824007615 -0.15362403149825099 0.082435030517080093
leaf_weight=100 110 219 117 110 98 153 124 167 122 150 121 104 109 111 197 3883 166 105 101 351
leaf_count=100 110 219 117 110 98 153 124 167 122 150 121 104 109 111 197 3883 166 105 101 351
internal_value=0.000383423 0.00426312 -0.00275383 0.00881685 0.0128496 -0.0136883 -0.00334973 0.00957867 0.00174339 -0.000780155 0.00592893 0.0166766 -0.00120523 0.00657994 0.0119743 -0.00191085 -0.0117888 0.0231806 -0.00130469 -0.0009258
internal_weight=6718 1550 610 940 706 270 234 608 289 5168 340 319 5018 417 308 4601 266 215 4335 4234
internal_count=6718 1550 610 940 706 270 234 608 289 5168 340 319 5018 417 308 4601 266 215 4335 4234
cat_boundaries=0 1
cat_threshold=772
is_linear=0
shrinkage=0.056


Tree=139
num_leaves=21
num_cat=1
split_feature=265 124 170 5 174 220 288 3 266 272 211 187 284 42 110 51 134 316 98 278
split_gain=10.6652 13.1352 15.3017 10.7751 11.1377 10.8483 10.4205 11.4804 10.0254 11.866 11.2721 13.0169 11.335 8.93754 11.1152 13.525 10.287 10.2471 9.58876 8.91324
threshold=0.063500000000000015 65.500000000000014 16.021877410814724 1913.5000000000002 -0.017581158384512623 7.4677435439323832 0.44294755877034359 0 0.067500000000000018 1.6677463300518658 1.2928931875525655 0.13250000000000003 0.67948717948717963 63.500000000000007 10468.500000000002 104.50000000000001 24.500000000000004 39.350000000000001 82.500000000000014 0.23629845197766999
decision_type=2 2 2 2 2 2 2 1 2 2 2 2 2 2 2 2 2 2 2 2
left_child=3 2 8 4 5 -1 -7 -8 19 10 11 -10 -13 14 16 17 18 -16 -11 -2
right_child=1 -3 -4 -5 -6 6 7 -9 9 13 -12 12 -14 -15 15 -17 -18 -19 -20 -21
leaf_value=-0.064464102055696637 0.18785222887698044 0.084304677139661291 -0.12388400335949791 -0.093519078959621929 0.0017831485410498883 -0.1338122190192314 0.084206906475074381 -0.033725216857217799 -0.11038637483102194 0.0036927519716425401 -0.17656137847892386 0.22423614735292921 -0.030845222082318935 -0.08215887612281067 0.069884104638981884 -0.014840041165967172 -0.088243434154437236 0.28591686164901203 0.16713534712394604 0.025800194081654695
leaf_weight=348 199 117 159 233 3438 180 143 213 137 330 108 98 103 104 129 108 186 116 104 165
leaf_count=348 199 117 159 233 3438 180 143 213 137 330 108 98 103 104 129 108 186 116 104 165
internal_value=4.9991e-05 0.00328795 0.0022443 -0.00148756 -0.000855122 -0.00646135 -0.00146239 0.00408943 0.00365015 0.00165452 -0.00602654 -0.000993606 0.00807878 0.0048355 0.00650343 0.0144358 0.00198684 0.0217136 0.0067093 0.0119995
internal_weight=6718 2163 2046 4555 4322 884 536 356 1887 1523 446 338 201 1077 973 353 620 245 434 364
internal_count=6718 2163 2046 4555 4322 884 536 356 1887 1523 446 338 201 1077 973 353 620 245 434 364
cat_boundaries=0 1
cat_threshold=1409
is_linear=0
shrinkage=0.056


Tree=140
num_leaves=21
num_cat=2
split_feature=40 12 293 301 35 135 56 150 50 239 151 96 2 151 3 202 306 170 301 173
split_gain=10.8744 13.1985 12.9965 21.0574 12.4723 11.0836 10.2136 12.6755 9.97964 11.4113 11.3975 11.1102 10.2243 9.90767 9.82886 13.9585 10.5721 11.5613 11.3775 10.7532
threshold=15.500000000000002 12.500000000000002 1.2185505727687034 228.35000000000005 380.50000000000006 64.500000000000014 15.500000000000002 139.50000000000003 199.50000000000003 0.41083659491193741 1.4142136248948698 2351.5000000000005 0 3.7847490347490349 1 84.500000000000014 0.98550000000000015 14.990324001872839 299.05000000000007 0.85321580978341449
decision_type=2 2 2 2 2 2 2 2 2 2 2 2 1 2 1 2 2 2 2 2
left_child=1 5 4 -4 8 6 13 -8 9 12 11 -11 -2 14 16 -16 17 18 -1 -18
right_child=2 -3 3 -5 -6 -7 7 -9 -10 10 -12 -13 -14 -15 15 -17 19 -19 -20 -21
leaf_value=0.0094926376521757561 0.17845044167375379 -0.196744987665294 0.14159828264363475 -0.089603347277010928 0.070217521091968133 -0.14122736935056288 0.10274765665862878 -0.014205972597049523 -0.078756134717101217 0.00023143662064643421 -0.10278675037913142 0.070525228501359977 0.011762963882298139 0.058027659817574899 -0.013941773796266602 -0.31274286906913262 0.026140689652026476 -0.14438624714305884 0.20778506569330749 -0.080175045945284781
leaf_weight=1568 132 104 109 103 105 197 345 163 140 183 133 100 194 100 2149 117 188 110 218 270
leaf_count=1568 132 104 109 103 105 197 345 163 140 183 133 100 194 100 2149 117 188 110 218 270
internal_value=0.00034956 -0.000698831 0.00518418 -0.00739545 0.00788636 -0.00031997 0.000171354 0.00771621 0.0057141 0.00830166 0.00215346 0.00850825 0.0161467 -0.000640644 -0.00101815 -0.0036414 0.00151601 0.003367 0.00445232 -0.00611318
internal_weight=6728 5529 1199 212 987 5425 5228 508 882 742 416 283 326 4720 4620 2266 2354 1896 1786 458
internal_count=6728 5529 1199 212 987 5425 5228 508 882 742 416 283 326 4720 4620 2266 2354 1896 1786 458
cat_boundaries=0 1 2
cat_threshold=1161 1234
is_linear=0
shrinkage=0.056


Tree=141
num_leaves=21
num_cat=1
split_feature=269 308 308 68 278 300 213 110 72 257 4 296 253 245 171 208 242 202 238 260
split_gain=11.6602 8.17244 14.5203 15.3217 13.988 13.1553 14.0061 16.1378 12.4251 13.2742 13.4039 11.9255 10.8886 10.6008 10.0993 10.067 10.4403 12.37 10.9889 10.7212
threshold=210.50000000000003 0.86950000000000005 0.65750000000000008 18.500000000000004 0.52813807055125495 6.8858505301268655 1.0749056965787678 17437.500000000004 0 0.21244358478401035 1725.5000000000002 0.46306042884990256 0.99226182487496684 -0.042748709227790518 1.0620192307692309 0.51775210084033629 64.500000000000014 63.500000000000007 0.20314867533483733 20.703603975211102
decision_type=2 2 2 2 2 2 2 2 9 2 2 2 2 2 2 2 2 2 2 2
left_child=1 2 3 13 5 6 7 -5 11 10 -10 -3 -11 -1 -13 16 -15 19 -19 -18
right_child=-2 8 -4 4 -6 -7 -8 -9 9 12 -12 14 -14 15 -16 -17 17 18 -20 -21
leaf_value=-0.13339475093723274 0.18301363884876173 -0.017869077696840024 0.026874204153306352 0.047932050870262866 -0.075424633238166575 0.15366607183845987 0.028653242311814424 -0.12698330425993395 -0.029154215929665789 0.27355134371788992 0.077224134182253448 -0.072701984527227856 -0.0058207187989413713 -0.00072204555276013773 -0.23524913749123227 0.021527896771121817 0.028626987519674657 -0.14293351483080466 -0.031370790704126524 -0.13140182051568686
leaf_weight=260 105 254 1239 144 105 240 109 114 788 162 198 98 195 976 99 907 207 123 282 123
leaf_count=260 105 254 1239 144 105 240 109 114 788 162 198 98 195 976 99 907 207 123 282 123
internal_value=0.000149798 -0.000143717 0.00105526 -0.000748702 0.00660651 0.00987123 0.00320392 -0.00390635 -0.00337115 -0.000620724 -0.00397549 -0.0112968 0.00862699 -0.00256839 -0.0218874 -0.00149726 -0.00402562 -0.00906644 -0.0156243 -0.00101769
internal_weight=6728 6623 4829 3590 712 607 367 258 1794 1343 986 451 357 2878 197 2618 1711 735 405 330
internal_count=6728 6623 4829 3590 712 607 367 258 1794 1343 986 451 357 2878 197 2618 1711 735 405 330
cat_boundaries=0 1
cat_threshold=226
is_linear=0
shrinkage=0.056


Tree=142
num_leaves=18
num_cat=1
split_feature=109 2 139 251 268 23 36 321 137 308 209 164 168 315 209 209 151
split_gain=9.66534 11.8813 12.4518 9.76763 17.217 16.0058 12.0347 9.3153 9.44612 9.29475 9.10235 7.9048 12.6843 10.7276 9.61556 9.23785 8.98788
threshold=617.50000000000011 0 4.1950000000000225 1.7193750000000001 2.5954451345755696 23.500000000000004 246.50000000000003 0.92200000000000015 956.5350000000002 -0.5159999999999999 0.33615819209039549 0.83974358974358987 0.57517123287671235 205.70000000000002 0.45534290271132377 0.32305502846299816 2.6854497354497355
decision_type=2 1 2 2 2 2 2 2 2 2 2 2 2 2 2 2 2
left_child=3 -2 -3 6 -5 -6 7 8 9 -1 -9 13 14 16 -13 -14 -11
right_child=1 2 -4 4 5 -7 -8 10 -10 11 -12 12 15 -15 -16 -17 -18
leaf_value=0.093665080603516318 -0.0048802912709346065 0.17845248272130002 0.004753581006692759 0.080671852879777309 -0.036196583598902411 -0.21758376390234402 0.15108326578044295 -0.25930081592180348 0.12715946611115692 -0.0015459077212626228 -0.0083599946171839436 0.014755590670648444 0.0051693410730376038 0.20925483803425507 -0.099934992981310741 -0.14414976422359321 0.039800941843952914
leaf_weight=130 145 119 116 98 100 105 127 101 152 3718 136 548 129 121 314 305 264
leaf_count=130 145 119 116 98 100 105 127 101 152 3718 136 548 129 121 314 305 264
internal_value=0.000166445 0.00884167 0.0162279 -0.000352842 -0.0101645 -0.0193943 0.000138931 -0.000227077 0.000226692 -0.000151897 -0.0111048 -0.000508212 -0.00432086 0.000696037 -0.000389604 -0.0121286 0.000196846
internal_weight=6728 380 235 6348 303 205 6045 5918 5681 5529 237 5399 1296 4103 862 434 3982
internal_count=6728 380 235 6348 303 205 6045 5918 5681 5529 237 5399 1296 4103 862 434 3982
cat_boundaries=0 1
cat_threshold=1035
is_linear=0
shrinkage=0.056


end of trees

feature_importances:
awayPregameElo=178
homePregameElo=158
talent_differential=68
awayConference=59
homeConference=42
home_talent=38
away_talent=38
away_percentReceivingPPA=30
away_conference=29
away_rushingUsage=29
away_totalPPA=26
home_percentRushingPPA=25
home_totalPPA=23
home_conference=21
home_totalReceivingPPA=21
away_percentPPA=21
home_rushingTDs=20
home_defense_rushingPlays_explosiveness=20
home_rushingUsage=19
away_totalReceivingPPA=19
away_percentRushingPPA=19
away_defense_secondLevelYards=18
home_totalPassingPPA=18
away_usage=18
away_receivingUsage=18
home_defense_passingDowns_ppa=17
home_totalRushingPPA=17
away_totalPassingPPA=17
away_rushingYardsOpponent=16
home_interceptionYardsOpponent=15
home_rushingAttemptsOpponent=15
away_offense_passingDowns_explosiveness=15
away_offense_standardDowns_ppa=15
away_defense_rushingPlays_successRate=15
home_offense_fieldPosition_averageStart=14
home_offense_havoc_frontSeven=14
home_offense_passingPlays_rate=14
home_defense_havoc_total=14
home_defense_passingPlays_explosiveness=14
home_receivingUsage=14
home_puntReturnYards=13
away_puntReturnYards=13
home_offense_powerSuccess=13
away_offense_passingDowns_rate=13
away_defense_havoc_db=13
away_defense_havoc_total=13
away_defense_successRate=13
home_usage=13
home_rushingTDsOpponent=12
home_rushingYardsOpponent=12
home_offense_standardDowns_explosiveness=12
home_offense_stuffRate=12
home_defense_fieldPosition_averagePredictedPoints=12
away_offense_lineYards=12
away_offense_pointsPerOpportunity=12
away_percentPassingPPA=12
home_rushingYards=11
home_tacklesForLossOpponent=11
away_possessionTime=11
home_offense_passingDowns_rate=11
home_offense_rushingPlays_rate=11
home_offense_standardDowns_rate=11
home_offense_standardDowns_successRate=11
away_offense_fieldPosition_averageStart=11
away_offense_passingPlays_successRate=11
away_defense_fieldPosition_averageStart=11
home_percentPassingPPA=11
home_passingUsage=11
home_possessionTimeOpponent=10
home_puntReturnsOpponent=10
away_interceptionYards=10
home_offense_havoc_total=10
home_offense_lineYardsTotal=10
home_offense_openFieldYards=10
home_offense_plays=10
home_offense_rushingPlays_totalPPA=10
home_offense_successRate=10
home_defense_havoc_frontSeven=10
home_defense_openFieldYards=10
home_defense_rushingPlays_successRate=10
home_defense_successRate=10
away_offense_havoc_total=10
away_offense_openFieldYards=10
away_offense_ppa=10
away_offense_rushingPlays_rate=10
away_offense_stuffRate=10
away_defense_explosiveness=10
away_defense_fieldPosition_averagePredictedPoints=10
away_defense_havoc_frontSeven=10
away_defense_lineYardsTotal=10
away_defense_passingPlays_explosiveness=10
away_defense_rushingPlays_totalPPA=10
away_defense_standardDowns_explosiveness=10
away_defense_stuffRate=10
away_passingUsage=10
home_interceptionYards=9
home_kickReturnYardsOpponent=9
home_passingTDs=9
away_puntReturnYardsOpponent=9
home_offense_fieldPosition_averagePredictedPoints=9
home_offense_passingDowns_ppa=9
home_offense_rushingPlays_explosiveness=9
home_offense_rushingPlays_successRate=9
home_offense_secondLevelYards=9
home_defense_plays=9
home_defense_ppa=9
home_defense_rushingPlays_ppa=9
home_defense_standardDowns_explosiveness=9
away_offense_havoc_db=9
away_offense_plays=9
away_defense_lineYards=9
away_defense_passingDowns_rate=9
away_defense_passingPlays_ppa=9
away_defense_secondLevelYardsTotal=9
away_defense_totalOpportunies=9
away_totalRushingPPA=9
neutralSite=8
home_kickReturns=8
home_passCompletions=8
home_penaltyYards=8
home_totalYards=8
home_sacks=8
away_puntReturnsOpponent=8
away_rushingTDs=8
away_rushingYards=8
away_sacksOpponent=8
home_offense_passingPlays_totalPPA=8
home_offense_ppa=8
home_defense_lineYards=8
home_defense_passingDowns_rate=8
home_defense_passingDowns_successRate=8
home_defense_powerSuccess=8
home_defense_stuffRate=8
away_offense_passingDowns_successRate=8
away_offense_passingPlays_totalPPA=8
away_offense_secondLevelYards=8
away_offense_standardDowns_explosiveness=8
away_offense_totalPPA=8
away_defense_passingDowns_successRate=8
away_defense_rushingPlays_ppa=8
away_defense_standardDowns_ppa=8
home_kickReturnYards=7
away_firstDowns=7
away_passingTDsOpponent=7
away_penalties=7
away_penaltyYardsOpponent=7
away_sacks=7
home_offense_passingDowns_explosiveness=7
home_offense_passingPlays_explosiveness=7
home_offense_passingPlays_ppa=7
home_offense_standardDowns_ppa=7
home_offense_totalPPA=7
home_defense_havoc_db=7
home_defense_passingPlays_rate=7
home_defense_passingPlays_successRate=7
away_offense_passingPlays_ppa=7
away_offense_passingPlays_rate=7
away_defense_passingPlays_rate=7
away_defense_passingPlays_successRate=7
away_defense_ppa=7
home_percentReceivingPPA=7
home_firstDowns=6
home_firstDownsOpponent=6
away_fourthDownsOpponent=6
away_kickReturnTDsOpponent=6
away_kickReturnYardsOpponent=6
away_kickReturnsOpponent=6
away_tacklesForLossOpponent=6
home_offense_havoc_db=6
home_defense_pointsPerOpportunity=6
home_defense_secondLevelYards=6
home_defense_secondLevelYardsTotal=6
home_defense_standardDowns_ppa=6
home_defense_totalPPA=6
away_offense_explosiveness=6
away_offense_standardDowns_successRate=6
away_defense_passingDowns_totalPPA=6
home_passAttemptsOpponent=5
away_passAttempts=5
away_rushingAttempts=5
away_thirdDowns=5
away_totalYards=5
away_tacklesForLoss=5
home_offense_lineYards=5
home_offense_openFieldYardsTotal=5
home_offense_passingDowns_successRate=5
home_offense_passingPlays_successRate=5
home_defense_lineYardsTotal=5
home_defense_passingDowns_totalPPA=5
home_defense_passingPlays_ppa=5
away_offense_passingDowns_ppa=5
away_offense_passingPlays_explosiveness=5
away_offense_rushingPlays_totalPPA=5
away_defense_passingDowns_explosiveness=5
away_defense_pointsPerOpportunity=5
away_defense_powerSuccess=5
away_defense_rushingPlays_rate=5
away_defense_standardDowns_rate=5
away_defense_standardDowns_successRate=5
away_defense_totalPPA=5
home_percentPPA=5
home_fumblesLost=4
home_netPassingYardsOpponent=4
home_passesIntercepted=4
home_penalties=4
home_possessionTime=4
home_puntReturnYardsOpponent=4
home_puntReturns=4
home_rushingAttempts=4
home_thirdDownConversions=4
home_thirdDowns=4
home_totalYardsOpponent=4
away_interceptionYardsOpponent=4
away_interceptionsOpponent=4
away_netPassingYards=4
away_passAttemptsOpponent=4
away_penaltiesOpponent=4
away_thirdDownConversions=4
away_thirdDownConversionsOpponent=4
home_offense_explosiveness=4
home_offense_rushingPlays_ppa=4
home_defense_drives=4
home_defense_fieldPosition_averageStart=4
home_defense_passingDowns_explosiveness=4
home_defense_rushingPlays_rate=4
home_defense_standardDowns_successRate=4
away_offense_fieldPosition_averagePredictedPoints=4
away_offense_openFieldYardsTotal=4
away_offense_rushingPlays_explosiveness=4
away_offense_standardDowns_rate=4
away_defense_plays=4
conferenceGame=3
home_fourthDowns=3
home_netPassingYards=3
home_passesInterceptedOpponent=3
home_thirdDownConversionsOpponent=3
home_turnovers=3
away_fumblesRecovered=3
away_kickReturnYards=3
away_penaltyYards=3
away_rushingAttemptsOpponent=3
year_y=3
home_season=3
home_offense_pointsPerOpportunity=3
home_offense_totalOpportunies=3
home_defense_explosiveness=3
home_defense_passingPlays_totalPPA=3
home_defense_standardDowns_rate=3
away_offense_lineYardsTotal=3
away_offense_rushingPlays_ppa=3
away_offense_rushingPlays_successRate=3
away_offense_secondLevelYardsTotal=3
away_defense_openFieldYards=3
away_defense_passingDowns_ppa=3
away_defense_rushingPlays_explosiveness=3
stats_through_week=2
home_fourthDownConversionsOpponent=2
home_fumblesRecoveredOpponent=2
home_interceptions=2
home_interceptionsOpponent=2
home_kickReturnsOpponent=2
home_penaltyYardsOpponent=2
home_thirdDownsOpponent=2
home_sacksOpponent=2
away_fourthDownConversions=2
away_fourthDownConversionsOpponent=2
away_interceptionTDsOpponent=2
away_kickReturns=2
away_passCompletions=2
away_passCompletionsOpponent=2
away_passesIntercepted=2
away_passingTDs=2
away_rushingTDsOpponent=2
away_totalYardsOpponent=2
home_offense_drives=2
away_offense_havoc_frontSeven=2
away_offense_powerSuccess=2
away_offense_totalOpportunies=2
away_defense_drives=2
home_fourthDownConversions=1
home_fumblesLostOpponent=1
home_fumblesRecovered=1
home_interceptionTDs=1
home_interceptionTDsOpponent=1
home_passAttempts=1
home_passingTDsOpponent=1
home_penaltiesOpponent=1
home_turnoversOpponent=1
away_firstDownsOpponent=1
away_fourthDowns=1
away_fumblesLost=1
away_fumblesLostOpponent=1
away_fumblesRecoveredOpponent=1
away_interceptionTDs=1
away_kickReturnTDs=1
away_puntReturnTDs=1
away_thirdDownsOpponent=1
away_turnovers=1
away_turnoversOpponent=1
home_offense_secondLevelYardsTotal=1
home_defense_rushingPlays_totalPPA=1
home_defense_totalOpportunies=1
away_season=1

parameters:
[boosting: gbdt]
[objective: regression_l1]
[metric: l1]
[tree_learner: serial]
[device_type: cpu]
[data_sample_strategy: bagging]
[data: ]
[valid: ]
[num_iterations: 143]
[learning_rate: 0.056]
[num_leaves: 21]
[num_threads: 10]
[seed: 42]
[deterministic: 0]
[force_col_wise: 0]
[force_row_wise: 1]
[histogram_pool_size: -1]
[max_depth: 9]
[min_data_in_leaf: 98]
[min_sum_hessian_in_leaf: 0.001]
[bagging_fraction: 0.791]
[pos_bagging_fraction: 1]
[neg_bagging_fraction: 1]
[bagging_freq: 4]
[bagging_seed: 400]
[bagging_by_query: 0]
[feature_fraction: 0.74]
[feature_fraction_bynode: 1]
[feature_fraction_seed: 30056]
[extra_trees: 0]
[extra_seed: 12879]
[early_stopping_round: 0]
[early_stopping_min_delta: 0]
[first_metric_only: 0]
[max_delta_step: 0]
[lambda_l1: 0.00287]
[lambda_l2: 0.00054]
[linear_lambda: 0]
[min_gain_to_split: 0.142]
[drop_rate: 0.1]
[max_drop: 50]
[skip_drop: 0.5]
[xgboost_dart_mode: 0]
[uniform_drop: 0]
[drop_seed: 17869]
[top_rate: 0.2]
[other_rate: 0.1]
[min_data_per_group: 100]
[max_cat_threshold: 32]
[cat_l2: 10]
[cat_smooth: 10]
[max_cat_to_onehot: 4]
[top_k: 20]
[monotone_constraints: ]
[monotone_constraints_method: basic]
[monotone_penalty: 0]
[feature_contri: ]
[forcedsplits_filename: ]
[refit_decay_rate: 0.9]
[cegb_tradeoff: 1]
[cegb_penalty_split: 0]
[cegb_penalty_feature_lazy: ]
[cegb_penalty_feature_coupled: ]
[path_smooth: 0]
[interaction_constraints: ]
[verbosity: -1]
[saved_feature_importance_type: 0]
[use_quantized_grad: 0]
[num_grad_quant_bins: 4]
[quant_train_renew_leaf: 0]
[stochastic_rounding: 1]
[linear_tree: 0]
[max_bin: 255]
[max_bin_by_feature: ]
[min_data_in_bin: 3]
[bin_construct_sample_cnt: 200000]
[data_random_seed: 175]
[is_enable_sparse: 1]
[enable_bundle: 1]
[use_missing: 1]
[zero_as_missing: 0]
[feature_pre_filter: 1]
[pre_partition: 0]
[two_round: 0]
[header: 0]
[label_column: ]
[weight_column: ]
[group_column: ]
[ignore_column: ]
[categorical_feature: 2,3,6,72]
[forcedbins_filename: ]
[precise_float_parser: 0]
[parser_config_file: ]
[objective_seed: 16083]
[num_class: 1]
[is_unbalance: 0]
[scale_pos_weight: 1]
[sigmoid: 1]
[boost_from_average: 1]
[reg_sqrt: 0]
[alpha: 0.9]
[fair_c: 1]
[poisson_max_delta_step: 0.7]
[tweedie_variance_power: 1.5]
[lambdarank_truncation_level: 30]
[lambdarank_norm: 1]
[label_gain: ]
[lambdarank_position_bias_regularization: 0]
[eval_at: ]
[multi_error_top_k: 1]
[auc_mu_weights: ]
[num_machines: 1]
[local_listen_port: 12400]
[time_out: 120]
[machine_list_filename: ]
[machines: ]
[gpu_platform_id: -1]
[gpu_device_id: -1]
[gpu_use_dp: 0]
[num_gpu: 1]

end of parameters

pandas_categorical:[["ACC", "American Athletic", "Big 12", "Big Ten", "Conference USA", "FBS Independents", "Mid-American", "Mountain West", "Pac-12", "SEC", "Sun Belt"], ["ACC", "American Athletic", "Big 12", "Big Ten", "Conference USA", "FBS Independents", "Mid-American", "Mountain West", "Pac-12", "SEC", "Sun Belt"], ["ACC", "American Athletic", "Big 12", "Big Ten", "Conference USA", "FBS Independents", "Mid-American", "Mountain West", "Pac-12", "SEC", "Sun Belt"], ["ACC", "American Athletic", "Big 12", "Big Ten", "Conference USA", "FBS Independents", "Mid-American", "Mountain West", "Pac-12", "SEC", "Sun Belt"]]
