tree
version=v4
num_class=1
num_tree_per_iteration=1
label_index=0
max_feature_idx=324
objective=binary sigmoid:1
feature_names=neutralSite conferenceGame homeConference awayConference homePregameElo awayPregameElo home_conference stats_through_week year_x home_firstDowns home_firstDownsOpponent home_fourthDownConversions home_fourthDownConversionsOpponent home_fourthDowns home_fourthDownsOpponent home_fumblesLost home_fumblesLostOpponent home_fumblesRecovered home_fumblesRecoveredOpponent home_games home_interceptionTDs home_interceptionTDsOpponent home_interceptionYards home_interceptionYardsOpponent home_interceptions home_interceptionsOpponent home_kickReturnTDs home_kickReturnTDsOpponent home_kickReturnYards home_kickReturnYardsOpponent home_kickReturns home_kickReturnsOpponent home_netPassingYards home_netPassingYardsOpponent home_passAttempts home_passAttemptsOpponent home_passCompletions home_passCompletionsOpponent home_passesIntercepted home_passesInterceptedOpponent home_passingTDs home_passingTDsOpponent home_penalties home_penaltiesOpponent home_penaltyYards home_penaltyYardsOpponent home_possessionTime home_possessionTimeOpponent home_puntReturnTDs home_puntReturnTDsOpponent home_puntReturnYards home_puntReturnYardsOpponent home_puntReturns home_puntReturnsOpponent home_rushingAttempts home_rushingAttemptsOpponent home_rushingTDs home_rushingTDsOpponent home_rushingYards home_rushingYardsOpponent home_thirdDownConversions home_thirdDownConversionsOpponent home_thirdDowns home_thirdDownsOpponent home_totalYards home_totalYardsOpponent home_turnovers home_turnoversOpponent home_sacks home_sacksOpponent home_tacklesForLoss home_tacklesForLossOpponent away_conference away_firstDowns away_firstDownsOpponent away_fourthDownConversions away_fourthDownConversionsOpponent away_fourthDowns away_fourthDownsOpponent away_fumblesLost away_fumblesLostOpponent away_fumblesRecovered away_fumblesRecoveredOpponent away_games away_interceptionTDs away_interceptionTDsOpponent away_interceptionYards away_interceptionYardsOpponent away_interceptions away_interceptionsOpponent away_kickReturnTDs away_kickReturnTDsOpponent away_kickReturnYards away_kickReturnYardsOpponent away_kickReturns away_kickReturnsOpponent away_netPassingYards away_netPassingYardsOpponent away_passAttempts away_passAttemptsOpponent away_passCompletions away_passCompletionsOpponent away_passesIntercepted away_passesInterceptedOpponent away_passingTDs away_passingTDsOpponent away_penalties away_penaltiesOpponent away_penaltyYards away_penaltyYardsOpponent away_possessionTime away_possessionTimeOpponent away_puntReturnTDs away_puntReturnTDsOpponent away_puntReturnYards away_puntReturnYardsOpponent away_puntReturns away_puntReturnsOpponent away_rushingAttempts away_rushingAttemptsOpponent away_rushingTDs away_rushingTDsOpponent away_rushingYards away_rushingYardsOpponent away_thirdDownConversions away_thirdDownConversionsOpponent away_thirdDowns away_thirdDownsOpponent away_totalYards away_totalYardsOpponent away_turnovers away_turnoversOpponent away_sacks away_sacksOpponent away_tacklesForLoss away_tacklesForLossOpponent year_y home_talent away_talent talent_differential home_season year home_offense_drives home_offense_explosiveness home_offense_fieldPosition_averagePredictedPoints home_offense_fieldPosition_averageStart home_offense_havoc_db home_offense_havoc_frontSeven home_offense_havoc_total home_offense_lineYards home_offense_lineYardsTotal home_offense_openFieldYards home_offense_openFieldYardsTotal home_offense_passingDowns_explosiveness home_offense_passingDowns_ppa home_offense_passingDowns_rate home_offense_passingDowns_successRate home_offense_passingPlays_explosiveness home_offense_passingPlays_ppa home_offense_passingPlays_rate home_offense_passingPlays_successRate home_offense_passingPlays_totalPPA home_offense_plays home_offense_pointsPerOpportunity home_offense_powerSuccess home_offense_ppa home_offense_rushingPlays_explosiveness home_offense_rushingPlays_ppa home_offense_rushingPlays_rate home_offense_rushingPlays_successRate home_offense_rushingPlays_totalPPA home_offense_secondLevelYards home_offense_secondLevelYardsTotal home_offense_standardDowns_explosiveness home_offense_standardDowns_ppa home_offense_standardDowns_rate home_offense_standardDowns_successRate home_offense_stuffRate home_offense_successRate home_offense_totalOpportunies home_offense_totalPPA home_defense_drives home_defense_explosiveness home_defense_fieldPosition_averagePredictedPoints home_defense_fieldPosition_averageStart home_defense_havoc_db home_defense_havoc_frontSeven home_defense_havoc_total home_defense_lineYards home_defense_lineYardsTotal home_defense_openFieldYards home_defense_openFieldYardsTotal home_defense_passingDowns_explosiveness home_defense_passingDowns_ppa home_defense_passingDowns_rate home_defense_passingDowns_successRate home_defense_passingDowns_totalPPA home_defense_passingPlays_explosiveness home_defense_passingPlays_ppa home_defense_passingPlays_rate home_defense_passingPlays_successRate home_defense_passingPlays_totalPPA home_defense_plays home_defense_pointsPerOpportunity home_defense_powerSuccess home_defense_ppa home_defense_rushingPlays_explosiveness home_defense_rushingPlays_ppa home_defense_rushingPlays_rate home_defense_rushingPlays_successRate home_defense_rushingPlays_totalPPA home_defense_secondLevelYards home_defense_secondLevelYardsTotal home_defense_standardDowns_explosiveness home_defense_standardDowns_ppa home_defense_standardDowns_rate home_defense_standardDowns_successRate home_defense_stuffRate home_defense_successRate home_defense_totalOpportunies home_defense_totalPPA away_season away_offense_drives away_offense_explosiveness away_offense_fieldPosition_averagePredictedPoints away_offense_fieldPosition_averageStart away_offense_havoc_db away_offense_havoc_frontSeven away_offense_havoc_total away_offense_lineYards away_offense_lineYardsTotal away_offense_openFieldYards away_offense_openFieldYardsTotal away_offense_passingDowns_explosiveness away_offense_passingDowns_ppa away_offense_passingDowns_rate away_offense_passingDowns_successRate away_offense_passingPlays_explosiveness away_offense_passingPlays_ppa away_offense_passingPlays_rate away_offense_passingPlays_successRate away_offense_passingPlays_totalPPA away_offense_plays away_offense_pointsPerOpportunity away_offense_powerSuccess away_offense_ppa away_offense_rushingPlays_explosiveness away_offense_rushingPlays_ppa away_offense_rushingPlays_rate away_offense_rushingPlays_successRate away_offense_rushingPlays_totalPPA away_offense_secondLevelYards away_offense_secondLevelYardsTotal away_offense_standardDowns_explosiveness away_offense_standardDowns_ppa away_offense_standardDowns_rate away_offense_standardDowns_successRate away_offense_stuffRate away_offense_successRate away_offense_totalOpportunies away_offense_totalPPA away_defense_drives away_defense_explosiveness away_defense_fieldPosition_averagePredictedPoints away_defense_fieldPosition_averageStart away_defense_havoc_db away_defense_havoc_frontSeven away_defense_havoc_total away_defense_lineYards away_defense_lineYardsTotal away_defense_openFieldYards away_defense_openFieldYardsTotal away_defense_passingDowns_explosiveness away_defense_passingDowns_ppa away_defense_passingDowns_rate away_defense_passingDowns_successRate away_defense_passingDowns_totalPPA away_defense_passingPlays_explosiveness away_defense_passingPlays_ppa away_defense_passingPlays_rate away_defense_passingPlays_successRate away_defense_passingPlays_totalPPA away_defense_plays away_defense_pointsPerOpportunity away_defense_powerSuccess away_defense_ppa away_defense_rushingPlays_explosiveness away_defense_rushingPlays_ppa away_defense_rushingPlays_rate away_defense_rushingPlays_successRate away_defense_rushingPlays_totalPPA away_defense_secondLevelYards away_defense_secondLevelYardsTotal away_defense_standardDowns_explosiveness away_defense_standardDowns_ppa away_defense_standardDowns_rate away_defense_standardDowns_successRate away_defense_stuffRate away_defense_successRate away_defense_totalOpportunies away_defense_totalPPA home_totalPPA home_totalPassingPPA home_totalReceivingPPA home_totalRushingPPA home_percentPPA home_percentPassingPPA home_percentReceivingPPA home_percentRushingPPA home_usage home_passingUsage home_receivingUsage home_rushingUsage away_totalPPA away_totalPassingPPA away_totalReceivingPPA away_totalRushingPPA away_percentPPA away_percentPassingPPA away_percentReceivingPPA away_percentRushingPPA away_usage away_passingUsage away_receivingUsage away_rushingUsage
feature_infos=[0:1] [0:1] -1:9:3:0:2:1:7:4:10:6:8:5 -1:0:4:3:6:10:9:1:7:2:8:5 [675:2373] [701:2400] -1:3:9:0:2:1:4:7:6:10:8:5 [0:15] [0:2025] [0:337] [0:319] [0:39] [0:22] [0:58] [0:39] [0:21] [0:15] [0:26] [0:24] [0:12] [0:6] [0:6] [-8:442] [-97:410] [0:28] [0:24] [0:3] [0:4] [0:1403] [-2:1658] [0:67] [0:82] [0:4970] [0:3753] [0:606] [0:522] [0:448] [0:341] [0:25] [0:28] [0:44] [0:35] [0:108] [0:100] [0:1059] [0:919] [0:25461] [0:25566] [0:4] [0:4] [-19:460] [-22:669] [0:41] [0:39] [0:712] [0:653] [0:53] [0:46] [-12:4132] [-73:3523] [0:100] [0:89] [0:214] [0:212] [0:7122] [0:6367] [0:40] [0:32] [0:64] [0:66] [0:144] [0:119] -1:0:3:6:4:10:9:7:1:2:8:5 [0:349] [0:312] [0:35] [0:25] [0:51] [0:37] [0:21] [0:16] [0:29] [0:25] [0:13] [0:6] [0:6] [-8:442] [-38:430] [0:28] [0:21] [0:4] [0:4] [-4:1351] [-2:1652] [0:62] [0:80] [0:5073] [0:4212] [0:627] [0:479] [0:435] [0:307] [0:22] [0:28] [0:53] [0:33] [0:106] [0:103] [0:954] [0:930] [0:25353] [0:24609] [0:4] [0:4] [-22:584] [-19:677] [0:37] [0:41] [0:717] [0:598] [0:54] [0:41] [-73:4049] [-30:3623] [0:96] [0:92] [0:205] [0:199] [0:6792] [0:6015] [0:39] [0:30] [0:62] [0:70] [0:132] [0:131] [0:2025] [0:1018.28] [0:1018.28] [-906.61000000000001:905.51999999999998] [0:2025] [0:2025] [0:28] [0:3.69425431370935] [0:4.2599999999999998] [0:86.5] [0:0.5] [0:0.54200000000000004] [0:1] [-1.2914285714285714:5] [-45:464] [0:10.941176470588236] [0:308] [-0.56710410046555693:5.6683221324138806] [-0.97814486766368969:4.8584140853827744] [0:0.61111111111111116] [0:1] [0:7.1277063673303509] [-1.2373997564805903:4.1362526192694471] [0:1] [0:1] [-25.138157521467161:67.340208535606791] [0:170] [-4.666666666666667:7] [0:1] [-0.54846121356178756:1.3692531658029696] [-0.83890841922631676:2.8159486344697742] [-0.87308341799248002:1.2117923668043189] [0:1] [0:1] [-22.090901276182628:42.002987518098969] [0:2.7692307692307692] [0:185] [0:2.5300945420359255] [-0.74917105235384307:1.0839501284973998] [0:0.95454545454545459] [0:1] [0:0.59999999999999998] [0:1] [0:17] [-34.22481634218024:79.051955166246941] [0:31] [0:2.7037530546206523] [-4.359:0] [0:86] [0:0.27800000000000002] [0:0.65400000000000003] [0:0.75] [-0.91600000000000004:5.0357142857142856] [-26:331] [0:10.941176470588236] none [-0.43227325795367832:5.697490240513849] [-0.95026643663553434:2.6649961468572898] [0:0.5757575757575758] [0:1] [-27.510453954444131:54.590256812520089] [-0.045976998959583536:6.8876104150472734] [-1.8758977641747032:4.0836707513662658] [0:0.9375] [0:1] [-27.510453954444131:54.590256812520089] [0:171] [-2.3333333333333335:7] [0:1] [-0.51010150420113753:0.88746104267633019] [-4.1284805744110376:3.194501848084645] [-1.1716284409967348:1.1298585801935905] [0:1] [0:0.79166666666666663] [-27.61443303387901:38.889546929000964] [0:2.5416666666666665] [0:138] [-0.75059196830051222:2.7356682610540153] [-0.90033687479377866:0.87683306846444498] [0:0.92647058823529416] [0:0.78947368421052633] [0:1] [0:0.734375] [0:18] [-34.935305718913675:68.435080165723363] [0:2025] [0:33] [0:2.9614449205026263] [0:4.359] [0:86.400000000000006] [0:0.40000000000000002] [0:0.65400000000000003] [0:1] [-1.3923076923076922:5.0357142857142856] [-26:336] [0:9.4782608695652169] [0:329] [-0.08819586254549884:7.190287189910447] [-1.2377637877686463:2.3084350226526347] [0:0.55769230769230771] [0:1] [0:6.8876104150472734] [-1.1034287176972781:6.5793693272036746] [0:0.84337349397590367] [0:1] [-25.369008805444924:54.187710929734422] [0:166] [-2.625:7] [0:1] [-0.46040079645649062:1.1345181875091717] [-4.1284805744110376:3.5669726220433873] [-1.1716284409967348:1.1298585801935905] [0:0.98275862068965514] [0:0.81818181818181823] [-23.508030210616639:41.226173313179864] [0:2.6666666666666665] [0:144] [0:2.9614449205026263] [-0.73909170108002542:2.0241239282383536] [0:0.92647058823529416] [0:0.80000000000000004] [0:0.54545454545454541] [0:0.74285714285714288] [0:20] [-27.880345311633977:79.145062456365494] [0:35] [0:2.8300881360378471] [-4.2830000000000004:0] [0:86.5] [0:0.5] [0:0.59999999999999998] [0:1] [-1.3947368421052633:4.8026315789473681] [-45:464] [0:8.5862068965517242] none [-0.56710410046555693:5.6683221324138806] [-1.3464816623361784:2.2411902991204573] [0:0.61111111111111116] [0:1] [-32.923944947113554:44.66069281985709] [0:7.1277063673303509] [-1.2035422068487223:4.1362526192694471] [0:0.86746987951807231] [0:1] [-32.923944947113554:44.66069281985709] [0:173] [-4.666666666666667:7] [0:1] [-0.75887756750186219:1.0351322436238442] [-0.58965581357500896:4.2437252561718193] [-0.88255221612837653:1.2117923668043189] [0:0.97297297297297303] [0:1] [-23.508030210616639:41.881363787235422] [0:2.6190476190476191] [0:185] [0:2.8869022353240066] [-1.1503833318135943:1.0839501284973998] [0:0.95454545454545459] [0:1] [0:0.625] [0:1] [0:19] [-43.510822585130867:62.070844849892687] [-9.3000000000000007:610.89999999999998] [-58:261.10000000000002] [-4.2999999999999998:292.10000000000002] [-48.600000000000001:214.69999999999999] [-3.1000000000000001:1.7] [-129.5:9.5] [-0.42599999999999999:1.2] [-45.5:14.692] [0:1] [0:1] [0:1] [0:1] [-9.3000000000000007:610.89999999999998] [-58:261.10000000000002] [-4.2999999999999998:292.10000000000002] [-48.600000000000001:214.69999999999999] [-3.1000000000000001:1.7] [-129.5:9.5] [-0.42599999999999999:1.2] [-45.5:14.692] [0:1] [0:1] [0:1] [0:1]
tree_sizes=2273 2387 2368 2364 2383 2402 2375 2416 2411 2401 2393 2383 2392 2396 2417 2382 2396 2374 2398 2403 2376 2408 2390 2385 2412 2390 2391 2388 2418 2389 2407 2395 2428 2417 2418 2413 2421 2414 2407 2446 2406 2404 2406 2423 2406 2415 2411 2427 2404 2423 2424 2427 2406 2431 2402 2403 2425 2404 2429 2423 2391 2422 2430 2417 2410 2429 2430 2410 2388 1870 2405 2415 2412 2419 2304 2410 2430 2427 2424 2418 2420 2411 2414 2308 1759 2418 1870 2407 2428 2409 2431 2076 2405 2417 2409 2432 2413 2424 2435 2405 2410 2408 2405 1875 2446 2420 2425 2433 2427

Tree=0
num_leaves=21
num_cat=0
split_feature=139 4 5 4 5 5 5 5 4 4 4 4 5 319 5 4 4 5 4 5
split_gain=439.241 161.425 160.793 155.244 108.174 85.4535 60.5585 51.9526 44.1916 44 35.6111 35.0075 31.0538 26.1334 23.9839 26.7591 18.9054 18.7457 18.6235 16.8604
threshold=15.144999999999984 1396.5000000000002 1553.5000000000002 1531.5000000000002 1427.5000000000002 1315.5000000000002 1850.5000000000002 1464.5000000000002 1592.5000000000002 1315.5000000000002 1817.5000000000002 1285.5000000000002 1588.5000000000002 0.72150000000000014 1290.5000000000002 1598.5000000000002 1676.5000000000002 1741.5000000000002 1207.5000000000002 1610.5000000000002
decision_type=2 2 2 2 2 2 2 2 2 2 2 2 2 2 2 2 2 2 2 2
left_child=1 4 14 5 13 11 8 -5 -4 -7 17 -2 -11 18 -3 -16 -8 -9 -1 -6
right_child=3 2 6 7 19 9 16 10 -10 12 -12 -13 -14 -15 15 -17 -18 -19 -20 -21
leaf_value=0.30109545645526581 0.33230946616262458 0.39907341579355915 0.29179038410296698 0.40809126655560407 0.26453692639754223 0.2703502593681909 0.23673174393914362 0.36263075812242146 0.34115660827363276 0.34581503128295576 0.39696390007296306 0.39441250315121429 0.28772238834064195 0.27148190379083253 0.33607922296996356 0.38338391614402872 0.28784419152873009 0.31109207615190954 0.35112355394092604 0.23052026658344738
leaf_weight=40.353442758321762 43.999838188290596 49.83407087624073 110.60732804238796 204.1981440782547 96.264839351177216 54.209745392203331 43.999838188290596 136.37518908083439 117.65702587366104 103.80072323977947 98.452676609158516 81.193071573972702 40.110349729657173 31.84518675506115 96.751025408506393 61.502536252140999 47.160047560930252 26.497140124440193 55.668303564190865 87.513490319252014
leaf_count=166 181 205 455 840 396 223 181 561 484 427 405 334 165 131 398 253 194 109 229 360
internal_value=0.336129 0.30789 0.326793 0.366169 0.275893 0.33632 0.301806 0.3869 0.317236 0.313405 0.37034 0.372585 0.329625 0.3155 0.365149 0.354465 0.263172 0.354245 0.330101 0.248337
internal_weight=1627.99 839.157 527.512 788.837 311.645 323.314 319.424 465.523 228.264 198.121 261.325 125.193 143.911 127.867 208.088 158.254 91.1599 162.872 96.0217 183.778
internal_count=6697 3452 2170 3245 1282 1330 1314 1915 939 815 1075 515 592 526 856 651 375 670 395 756
is_linear=0
shrinkage=1


Tree=1
num_leaves=21
num_cat=0
split_feature=4 138 4 315 138 4 121 4 138 212 235 315 230 228 319 137 269 4 315 122
split_gain=378.582 170.643 89.6132 67.1677 67.1278 57.9868 40.1666 33.9968 42.9169 33.8971 23.9756 23.8578 24.4306 22.9255 20.7297 19.658 16.3451 16.1824 15.4011 14.4035
threshold=1399.5000000000002 747.61000000000013 1592.5000000000002 127.75000000000001 563.21500000000015 1733.5000000000002 15.500000000000002 1813.5000000000002 582.9100000000002 34.500000000000007 0.2312382739212008 131.70000000000002 74.500000000000014 0.17450000000000002 0.76350000000000018 567.86500000000012 109.50000000000001 1319.5000000000002 91.350000000000009 1147.5000000000002
decision_type=2 2 2 2 2 2 2 2 2 2 2 2 2 2 2 2 2 2 2 2
left_child=3 2 4 6 14 11 9 8 -4 16 -7 12 -3 -11 -2 -6 18 -5 -1 -8
right_child=1 5 7 17 15 10 19 -9 -10 13 -12 -13 -14 -15 -16 -17 -18 -19 -20 -21
leaf_value=-0.013088660242783769 0.03836281703474282 0.011804238240468532 0.054581657772703518 -0.089617880309700013 -0.050366518710811846 -0.018483105614641487 0.043723647200986336 0.070766049072604961 0.015073194795490161 -0.071857027369600257 0.036100117944660899 -0.07506088022557994 -0.050574120127761725 -0.024837328560774509 -0.0015852675148107502 -0.0056238153171688432 0.014133718824040065 -0.047986651330821882 -0.059255239799306129 -0.0088520760815985807
leaf_weight=63.944137707352638 189.4398230612278 30.952528819441795 194.93306943774223 85.240403965115547 39.969902455806732 50.311074897646904 24.548728629946709 128.65951690077782 155.35882285237312 99.180021435022354 50.895433157682419 56.029437094926834 54.48203432559967 48.588962197303772 52.057089492678642 135.72074536979198 37.085059806704521 44.814415395259857 35.251320466399193 49.243619680404663
leaf_count=262 783 127 809 347 164 207 101 535 642 405 210 229 223 199 215 558 152 183 144 202
internal_value=0.000564413 0.0182703 0.0295655 -0.0407629 0.010566 -0.0234402 -0.0282196 0.0461145 0.0370597 -0.0377948 0.00896454 -0.0466243 -0.0279729 -0.0563974 0.029751 -0.0158039 -0.0176228 -0.0752741 -0.0294968 0.00863646
internal_weight=1626.71 1138.81 896.139 487.897 417.188 242.671 357.842 478.951 350.292 284.05 101.207 141.464 85.4346 147.769 241.497 175.691 136.281 130.055 99.1955 73.7923
internal_count=6697 4702 3706 1995 1720 996 1465 1986 1451 1162 417 579 350 604 998 722 558 530 406 303
is_linear=0
shrinkage=0.0560727


Tree=2
num_leaves=21
num_cat=0
split_feature=4 5 5 4 5 5 5 4 5 4 4 4 317 307 4 294 318 5 138 316
split_gain=336.646 259.824 171.576 96.2787 68.4556 65.6596 46.8249 46.9299 38.4497 35.4079 33.021 31.9218 21.6753 16.0766 15.5828 15.1178 14.9955 13.1264 12.1954 11.672
threshold=1399.5000000000002 1553.5000000000002 1295.5000000000002 1782.5000000000002 1858.5000000000002 1957.5000000000002 1319.5000000000002 1592.5000000000002 1613.5000000000002 1233.5000000000002 1592.5000000000002 1285.5000000000002 0.68350000000000011 0.36450000000000005 1782.5000000000002 -0.036727597027458807 0.045500000000000006 1427.5000000000002 625.6350000000001 8.1500000000000004
decision_type=2 2 2 2 2 2 2 2 2 2 2 2 2 2 2 2 2 2 2 2
left_child=2 6 11 4 10 -5 -2 17 9 -4 12 19 15 -12 -9 -3 -11 -8 -15 -1
right_child=1 3 8 5 -6 -7 7 14 -10 16 13 -13 -14 18 -16 -17 -18 -19 -20 -21
leaf_value=0.020273133433265034 0.065386126756174459 -0.048307343143658345 -0.074019504904761932 0.047704098151450436 -0.080457537795461123 -0.041795290796008203 0.0301313392721013 0.04015480905983098 -0.087748522014901617 0.0087901683411474307 -0.035636175668723805 0.044147655500332533 -0.060348013742178394 0.032309175488710123 0.073716790744366933 -0.0036851105498605938 -0.038273138166076921 -0.00023746432637990116 -0.0022186139979007307 -0.022887360305809578
leaf_weight=29.055195078253746 197.84499306976795 35.233563810586929 93.542609006166458 116.06374615430832 59.513952851295471 33.127086699008942 73.66649417579174 140.18767480552197 108.55689746141434 26.216918483376503 29.069733202457428 58.660505756735802 58.579254060983658 50.22150531411171 63.095591098070145 74.056843727827072 113.05584283173084 113.97620989382267 89.427041828632355 61.170369312167168
leaf_count=119 830 144 379 485 241 136 305 586 438 107 120 242 239 209 266 303 460 470 368 250
internal_value=0.000543686 0.0173278 -0.038281 -0.0105608 -0.0250211 0.02783 0.0431573 0.0319069 -0.0601879 -0.047336 -0.0152185 0.0119471 -0.0328258 0.0022994 0.0505728 -0.0180723 -0.0294127 0.0116842 0.0101975 -0.00898663
internal_weight=1624.32 1134.06 490.258 545.293 396.102 149.191 588.771 390.926 341.372 232.815 336.588 148.886 167.87 168.718 203.283 109.29 139.273 187.643 139.649 90.2256
internal_count=6697 4702 1995 2245 1624 621 2457 1627 1384 946 1383 611 686 697 852 447 567 775 577 369
is_linear=0
shrinkage=0.0560727


Tree=3
num_leaves=21
num_cat=0
split_feature=139 4 5 4 5 5 4 5 4 4 4 5 4 4 5 310 319 5 319 199
split_gain=335.199 115.706 112.195 119.392 75.2401 68.3725 53.5678 43.8099 34.5931 28.4602 28.4279 26.5841 26.0183 20.4033 19.8729 17.8885 17.5955 16.9009 16.0602 15.154
threshold=15.144999999999984 1531.5000000000002 1408.5000000000002 1405.5000000000002 1756.5000000000002 1286.5000000000002 1334.5000000000002 1464.5000000000002 1315.5000000000002 1574.5000000000002 1817.5000000000002 1588.5000000000002 1285.5000000000002 1676.5000000000002 1913.5000000000002 0.13150000000000003 0.40950000000000003 1209.5000000000002 0.71450000000000002 0.44136745607333844
decision_type=2 2 2 2 2 2 2 2 2 2 2 2 2 2 2 2 2 2 2 2
left_child=2 5 6 16 9 12 17 -3 -7 -5 -9 15 -2 -6 -15 -10 -4 -1 -11 -8
right_child=1 7 3 4 13 8 19 10 11 18 -12 -13 -14 14 -16 -17 -18 -19 -20 -21
leaf_value=0.0077178828070075031 0.0023315626687599347 0.065288992180544222 -0.040075646971026731 -0.020653775826725451 -0.071435470839738224 -0.052869853039660894 0.013993947281712842 0.015756355305419197 -0.025063746189901502 0.027450177087605498 0.054401979380094057 -0.041715514896736958 0.059143756754311876 0.0066646113327218735 -0.055860413589019407 0.024755783923719313 -0.079625438024531148 -0.041606827794585327 -0.013419864413692525 0.052770743654902308
leaf_weight=36.14244432747364 40.564100384712219 196.88259239494801 45.353592813014984 131.750293597579 77.274242773652077 60.254775449633598 60.767120346426964 161.09140016138554 31.208139687776566 102.09254245460033 95.24206331372261 40.641744449734688 67.582266941666603 28.154727458953857 36.956697449088097 82.717869564890862 160.98094864189625 55.180551141500473 42.941137343645096 66.248982220888138
leaf_count=148 166 840 183 538 312 243 254 670 129 424 405 165 285 116 150 342 647 224 178 278
internal_value=0.000525768 0.0271203 -0.0239362 -0.0360161 -0.0188279 0.00147372 0.0106697 0.045396 -0.0168311 -0.00178822 0.0301161 -0.00278104 0.037836 -0.05195 -0.0288218 0.0111071 -0.0709331 -0.0220841 0.0153484 0.0342205
internal_weight=1620.03 776.185 843.843 625.504 419.17 322.969 218.339 453.216 214.823 276.784 256.333 154.568 108.146 142.386 65.1114 113.926 206.335 91.323 145.034 127.016
internal_count=6697 3245 3452 2548 1718 1330 904 1915 879 1140 1075 636 451 578 266 471 830 372 602 532
is_linear=0
shrinkage=0.0560727


Tree=4
num_leaves=21
num_cat=0
split_feature=5 137 137 5 5 137 304 5 302 216 318 303 214 138 304 251 225 5 155 314
split_gain=237.587 114.946 85.6179 63.722 63.074 67.4894 44.3426 33.024 27.977 30.5453 29.164 24.2273 21.2799 20.9159 20.6341 18.099 15.7741 15.0151 17.1457 13.5731
threshold=1429.5000000000002 799.8850000000001 611.56500000000017 1756.5000000000002 1858.5000000000002 567.86500000000012 59.750000000000007 1295.5000000000002 110.55000000000003 0.41742424242424248 0.063500000000000015 65.40000000000002 -0.039878156895024698 874.3900000000001 38.250000000000007 1.1624764299182908 71.65000000000002 1642.5000000000002 0.32120811287477963 87.950000000000017
decision_type=2 2 2 2 2 2 2 2 2 2 2 2 2 2 2 2 2 2 2 2
left_child=2 4 6 -3 5 14 7 11 9 12 -11 -1 -7 -5 17 -14 -12 18 -2 -16
right_child=1 3 -4 13 -6 8 -8 -9 -10 10 16 -13 15 -15 19 -17 -18 -19 -20 -21
leaf_value=-0.0095093508438586997 -0.02408648780040111 0.046691686291404008 0.059722030589695087 0.0083486923575203133 -0.074716645056682296 0.031590475316854383 0.044988475103281633 -0.017750881372017434 0.021377989992020445 0.015347949594133476 -0.058433362082967094 0.033191481117646623 0.0012918071829814302 -0.050544126879412149 -0.012131131705106558 -0.053617133833246296 -0.018955824966271625 -0.077657262189829379 -0.064155161989245812 -0.050566210719490953
leaf_weight=63.77554278075695 71.621701702475548 118.53585350513458 175.40961667895317 40.782796606421471 78.612728506326675 54.481862530112267 104.33079040050507 138.53616988658905 87.008742362260818 33.842742010951042 81.041836425662041 121.08437022566795 80.42481529712677 35.4285529255867 91.947746619582176 24.659421220421791 52.424871519207954 54.952504172921181 63.244435891509056 42.134040638804436
leaf_count=265 292 503 753 171 316 226 442 571 362 139 331 508 331 144 377 101 215 222 256 172
internal_value=-0.00112115 -0.0177353 0.0267318 0.0209729 -0.0269691 -0.0218812 0.0132021 0.00294699 -0.00687798 -0.0143998 -0.0311393 0.0184591 0.00315118 -0.019027 -0.041052 -0.011592 -0.0429282 -0.0529475 -0.0428778 -0.0242104
internal_weight=1614.28 1011.14 603.136 194.747 816.397 737.785 427.727 323.396 413.884 326.876 167.309 184.86 159.566 76.2113 323.9 105.084 133.467 189.819 134.866 134.082
internal_count=6697 4158 2539 818 3340 3024 1786 1344 1705 1343 685 773 658 315 1319 432 546 770 548 549
is_linear=0
shrinkage=0.0560727


Tree=5
num_leaves=21
num_cat=1
split_feature=5 5 6 303 57 5 303 175 238 165 304 121 210 233 313 14 303 30 40 57
split_gain=214.357 58.989 58.6257 57.2338 38.5394 31.8861 28.9528 27.8789 25.9493 24.1931 19.9169 17.6672 18.6583 17.0115 17.0039 28.4128 16.9522 14.6476 19.6131 13.5214
threshold=1550.5000000000002 1290.5000000000002 0 133.90000000000003 12.500000000000002 1892.5000000000002 65.40000000000002 0.65030120481927722 0.61507289679065213 0.28563584676779669 6.1500000000000012 11.500000000000002 7.7902792425300413 1.9122119346070432 181.55000000000004 3.5000000000000004 122.35000000000001 20.500000000000004 8.5000000000000018 8.5000000000000018
decision_type=2 2 9 2 2 2 2 2 2 2 2 2 2 2 2 2 2 2 2 2
left_child=1 6 7 4 5 8 19 16 9 11 -4 12 -2 -9 15 -5 -3 18 -12 -1
right_child=3 2 10 14 -6 -7 -8 13 -10 -11 17 -13 -14 -15 -16 -17 -18 -19 -20 -21
leaf_value=0.032761267302561049 -0.020927873397328867 -0.048134707363379332 -0.0088387448270305004 -0.023572637742564809 -0.066137847132255664 -0.067052040464028614 0.048054779983683717 0.020623012141724607 -0.059023617619291702 0.018030440398304294 0.022083740584247297 0.021418401281099508 -0.068828396589939778 -0.021388096721079303 -0.010955099599921067 0.051423180187294464 0.0045026650540758266 -0.01153872054463804 0.05679525302436552 -0.010165170610057292
leaf_weight=44.559318646788597 176.18300893902779 85.251629889011383 59.982560858130455 25.404518634080887 99.09183543920517 53.866176202893257 215.5896008759737 70.407542645931244 47.472446233034134 58.167651519179344 215.23036190867424 25.701695874333382 29.913246989250183 53.204837009310722 138.78755350410938 42.3694669008255 24.835782617330551 28.945547267794609 67.161488905549049 47.834595903754234
leaf_count=189 722 347 249 105 401 217 925 291 194 240 908 106 121 220 573 177 103 121 288 200
internal_value=-0.00105332 0.016823 0.00665359 -0.0244712 -0.0348998 -0.0269888 0.0367997 -0.0150904 -0.0205928 -0.0143003 0.0202015 -0.0224141 -0.0278812 0.00253941 0.000286484 0.0233093 -0.0362583 0.0264458 0.0303399 0.0105355
internal_weight=1609.96 913.003 605.02 696.958 490.396 391.304 307.984 233.7 337.438 289.966 371.32 231.798 206.096 123.612 206.562 67.774 110.087 311.337 282.392 92.3939
internal_count=6697 3841 2527 2856 2001 1600 1314 961 1383 1189 1566 949 843 511 855 282 450 1317 1196 389
cat_boundaries=0 1
cat_threshold=1234
is_linear=0
shrinkage=0.0560727


Tree=6
num_leaves=21
num_cat=0
split_feature=4 5 5 4 5 5 4 4 5 4 5 4 4 5 311 315 305 238 323 305
split_gain=277.721 228.427 110.573 77.8163 62.4254 58.5168 30.6296 25.9421 24.6128 25.8291 24.1479 24.1203 18.3745 18.2447 13.6209 12.4287 12.4899 12.1524 11.5407 12.3949
threshold=1399.5000000000002 1470.5000000000002 1295.5000000000002 1696.5000000000002 1663.5000000000002 1957.5000000000002 1592.5000000000002 1844.5000000000002 1642.5000000000002 1233.5000000000002 1286.5000000000002 1207.5000000000002 1534.5000000000002 1858.5000000000002 0.44550000000000006 91.350000000000009 0.64450000000000018 0.46315810754484987 0.5545000000000001 0.70750000000000013
decision_type=2 2 2 2 2 2 2 2 2 2 2 2 2 2 2 2 2 2 2 2
left_child=2 6 11 4 12 7 10 -5 9 -4 -2 -1 -3 14 -6 16 -11 -14 -16 -20
right_child=1 3 8 5 13 -7 -8 -9 -10 15 -12 -13 17 -15 18 -17 -18 -19 19 -21
leaf_value=-0.024142917539339271 0.055835225982600836 -0.017638731693802385 -0.066480491348575727 0.013582521024779054 -0.061772483903722628 -0.044196463985196215 0.06296971063316259 0.052354359859237774 -0.079789980230441482 -0.032122309540384399 0.017194835453818686 0.022244499525019279 0.022339175470231943 -0.073220158863578952 -0.00075450650531702992 -0.045821097690735689 0.01554206139263339 -0.016483079321428593 -0.018073946833586114 -0.06960490970824533
leaf_weight=57.738309904932976 84.240565657615662 113.49239784479141 104.53622989356518 124.60235318541527 38.811346620321274 38.801884263753891 202.85337898135185 96.133476823568344 86.010233506560326 44.24721896648407 128.34133759140968 90.458169221878052 103.76038901507854 48.369812175631523 43.416298523545265 77.224123641848564 28.360745593905449 33.542877838015556 36.968609318137169 24.350802794098854
leaf_count=237 370 463 419 520 157 157 897 416 345 179 540 381 431 194 177 311 115 139 150 99
internal_value=-0.000990662 0.0144246 -0.0362556 -0.00507234 -0.0193641 0.0193055 0.0473826 0.030469 -0.0538571 -0.0450876 0.0325079 0.00417055 -0.000944339 -0.043434 -0.0333959 -0.0301608 -0.0135024 0.0128538 -0.0228787 -0.0385407
internal_weight=1606.26 1117.69 488.575 702.25 442.713 259.538 415.435 220.736 340.379 254.368 212.582 148.196 250.796 191.917 143.547 149.832 72.608 137.303 104.736 61.3194
internal_count=6697 4710 1987 2903 1810 1093 1807 936 1369 1024 910 618 1033 777 583 605 294 570 426 249
is_linear=0
shrinkage=0.0560727


Tree=7
num_leaves=21
num_cat=1
split_feature=139 5 301 5 301 5 5 137 178 137 2 56 167 132 137 242 301 209 270 214
split_gain=237.345 90.754 52.4945 48.9187 39.1459 31.7808 29.91 31.2473 24.2404 21.4599 21.4331 20.8069 20.497 20.1623 19.5302 19.2369 15.7214 13.8561 14.5399 13.6003
threshold=61.575000000000053 1550.5000000000002 236.75000000000003 1470.5000000000002 289.60000000000008 1154.5000000000002 1913.5000000000002 567.86500000000012 0.40288142620232176 609.79000000000008 0 19.500000000000004 -1.0000000180025095e-35 19.500000000000004 803.22000000000014 74.500000000000014 228.35000000000005 0.47014260249554374 1.5058139534883723 0.13442964281490347
decision_type=2 2 2 2 2 2 2 2 2 2 1 2 2 2 2 2 2 2 2 2
left_child=1 2 5 9 14 -1 7 -3 10 16 -7 12 -9 -14 -5 -10 19 18 -12 -2
right_child=3 6 -4 4 -6 8 -8 11 15 -11 17 -13 13 -15 -16 -17 -18 -19 -20 -21
leaf_value=0.031184387951858839 0.02895089666448878 -0.046910010465301188 0.030235246806473257 -0.017712996899060099 0.044601736655271257 0.00042730562942350009 -0.064885883988510876 -0.054703337371078659 0.013841311124981475 0.058115337161094641 -0.044012430879911427 0.027311054898579188 -0.005061522573937341 -0.056304096216641827 0.019296486222818696 -0.032153213585792983 0.052440301679257124 -0.074837095733698997 0.0051935442013913233 -0.018639917801253295
leaf_weight=49.958449482917786 56.262664869427681 164.81119258701801 130.84310311079025 111.99792975187302 77.058628886938095 66.747184723615646 81.468303576111794 46.70405176281929 103.66001456975937 159.87124538421631 84.928019449114799 31.114958077669144 154.28598038852215 28.622797876596451 74.752592355012894 39.478997811675072 50.80164860188961 32.399993970990181 24.27135069668293 28.41099901497364
leaf_count=212 240 667 559 461 332 277 328 189 433 717 349 129 630 116 320 164 223 132 100 119
internal_value=-0.000931663 -0.0167803 -0.000608515 0.0285257 0.0109762 -0.0106619 -0.0337581 -0.0277983 -0.0166102 0.0442006 -0.0288157 -0.0157167 -0.0215482 -0.0130813 -0.00289795 0.00115442 0.0277789 -0.0398194 -0.0330741 0.0129806
internal_weight=1598.45 1039.29 532.287 559.156 263.809 401.444 507.007 425.539 351.486 295.347 208.347 260.728 229.613 182.909 186.751 143.139 135.475 141.599 109.199 84.6737
internal_count=6697 4285 2226 2412 1113 1667 2059 1731 1455 1299 858 1064 935 746 781 597 582 581 449 359
cat_boundaries=0 1
cat_threshold=393
is_linear=0
shrinkage=0.0560727


Tree=8
num_leaves=21
num_cat=2
split_feature=139 5 174 5 301 139 301 276 139 324 302 31 186 2 53 245 56 320 5 2
split_gain=241.645 88.5593 42.3216 37.314 35.6173 31.9156 30.5164 24.5263 24.242 21.1473 20.9796 19.2447 18.7371 18.3007 18.2637 18.0314 17.5255 14.8423 14.236 15.804
threshold=61.575000000000053 1429.5000000000002 -0.0016928126844405406 1315.5000000000002 219.50000000000003 -28.714999999999971 263.25000000000006 -1.0812733283678639 144.47500000000002 0.29350000000000004 5.8500000000000005 25.500000000000004 0.14650000000000002 0 7.5000000000000009 0.32370074317785058 20.500000000000004 0.62000000000000011 1665.5000000000002 1
decision_type=2 2 2 2 2 2 2 2 2 2 2 2 2 1 2 2 2 2 2 1
left_child=1 4 12 -2 9 7 8 -4 -5 -1 -7 14 -3 -10 17 -12 18 -11 19 -9
right_child=3 2 5 6 -6 10 -8 16 13 11 15 -13 -14 -15 -16 -17 -18 -19 -20 -21
leaf_value=0.033988465259976626 0.054791140303950714 -0.058408054469156485 -0.059266564213112417 -0.0073324238168571525 0.038990569281032603 -0.03619426051506977 0.044237523189844773 -0.033680275415707644 0.039824095614157097 0.022194835511441489 0.018765249280864885 0.032977981580641934 -0.0095742390238419441 -0.0023078795067365287 -0.038226462098077972 -0.027776960974386328 0.017422884157734127 -0.020105899539767443 -0.040921330068788439 0.0042504917426119245
leaf_weight=42.236196294426918 150.80457252264023 144.53101336956024 66.30623023211956 121.42184339463711 90.001366332173347 40.784648686647415 130.68619754910469 54.307277157902718 91.014520689845085 46.303526327013969 123.97834278643131 28.792390197515488 29.806985944509506 54.640048861503601 71.994756162166595 33.172944590449333 32.442407533526421 59.709966212511063 113.91675627231598 76.177897810935974
leaf_count=178 681 586 269 507 392 166 575 220 398 196 513 121 121 229 298 136 133 250 461 312
internal_value=0.000856067 -0.0148463 -0.0260329 0.0310397 0.00875869 -0.0182911 0.0220343 -0.028634 0.0111691 -0.00216647 -0.000359478 -0.00955146 -0.0500598 0.0265936 -0.0164315 0.0089396 -0.0212966 -0.00162866 -0.0264369 -0.0137903
internal_weight=1603.03 1054.46 715.425 548.567 339.038 541.087 397.763 343.151 267.076 249.037 197.936 206.801 174.338 145.655 178.008 157.151 276.844 106.013 244.402 130.485
internal_count=6742 4352 2917 2390 1435 2210 1709 1395 1134 1043 815 865 707 627 744 649 1126 446 993 532
cat_boundaries=0 1 2
cat_threshold=553 1138
is_linear=0
shrinkage=0.0560727


Tree=9
num_leaves=21
num_cat=0
split_feature=139 139 301 139 315 138 121 301 10 123 139 66 287 175 41 320 240 322 302 314
split_gain=217.497 55.4828 44.8215 30.5376 29.7509 26.6621 22.1266 20.5917 19.0582 19.2921 18.372 18.2511 17.6311 17.1279 22.8691 18.4672 17.1085 15.9382 15.5959 15.5824
threshold=61.575000000000053 -59.224999999999987 219.50000000000003 147.84500000000003 131.70000000000002 229.01000000000002 16.500000000000004 235.30000000000004 170.50000000000003 678.50000000000011 273.19500000000011 2.5000000000000004 0.27109150341112725 0.64188317670904749 12.500000000000002 0.97150000000000014 0.44365079365079368 0.93600000000000017 0.45000000000000007 103.80000000000003
decision_type=2 2 2 2 2 2 2 2 2 2 2 2 2 2 2 2 2 2 2 2
left_child=1 4 13 7 6 -5 8 -2 9 11 19 -1 17 14 15 -3 18 -4 -15 -7
right_child=3 2 12 5 -6 10 -8 -9 -10 -11 -12 -13 -14 16 -16 -17 -18 -19 -20 -21
leaf_value=-0.012568517483616308 0.0017740264515627921 -0.0025648810121763057 0.024663349508122823 -0.0046189098972978333 -0.04794124718313255 0.043474672919473614 0.024892213662465201 0.035438999276439356 -0.0547953855519712 0.0078223517484575789 0.066022446243648211 -0.050691040173647013 0.059017147009503314 -0.02981455926742126 -0.057876848922721658 -0.055667061235210417 -0.023978939002438606 -0.011158208261011262 0.020488832527301548 -0.0033382221378960319
leaf_weight=103.82367742061615 148.15338575839996 99.859772264957428 111.86133494973183 34.837962910532951 158.89390560984612 137.05441725254059 33.435115858912468 92.989242449402809 49.928496122360229 70.896511018276215 103.51422543823719 63.731988236308098 29.59606172144413 24.170488521456718 51.506083831191063 25.941957265138626 71.896124377846718 59.992681890726089 97.700879618525505 26.706848785281181
leaf_count=426 629 412 474 147 646 613 140 410 203 292 476 259 128 100 210 106 296 252 408 115
internal_value=0.000820612 -0.0140432 -0.00225024 0.0296381 -0.0280883 0.0415157 -0.0182856 0.0147566 -0.0232922 -0.0166951 0.0475297 -0.02707 0.0190428 -0.0138103 -0.0264039 -0.0135167 -0.00228555 0.0121574 0.0105109 0.0358393
internal_weight=1596.49 1053.24 572.525 543.256 480.71 302.113 321.816 241.143 288.381 238.452 267.275 167.556 201.45 371.075 177.308 125.802 193.767 171.854 121.871 163.761
internal_count=6742 4352 2386 2390 1966 1351 1320 1039 1180 977 1204 685 854 1532 728 518 804 726 508 728
is_linear=0
shrinkage=0.0560727


Tree=10
num_leaves=21
num_cat=0
split_feature=139 5 301 5 137 301 57 115 155 137 68 5 5 213 155 301 5 214 304 141
split_gain=195.284 76.941 43.5134 35.1347 30.0235 26.313 27.4867 24.1739 24.024 21.4203 21.1996 20.899 18.9588 18.2549 16.4243 16.1344 14.5211 14.3523 14.2293 13.872
threshold=61.575000000000053 1550.5000000000002 219.50000000000003 1470.5000000000002 755.30000000000007 329.45000000000005 12.500000000000002 93.500000000000014 0.35751879699248129 609.79000000000008 16.500000000000004 1344.5000000000002 1845.5000000000002 1.0230768114051696 0.34573670243452176 263.25000000000006 1668.5000000000002 1.0000000180025095e-35 62.000000000000007 2023.5000000000002
decision_type=2 2 2 2 2 2 2 2 2 2 2 2 2 2 2 2 2 2 2 2
left_child=1 2 8 9 -5 6 7 12 10 -2 18 -10 17 -7 -4 16 -6 -3 19 -1
right_child=3 5 14 4 15 13 -8 -9 11 -11 -12 -13 -14 -15 -16 -17 -18 -19 -20 -21
leaf_value=-0.020069361427054434 0.025244419373874234 -0.011351002032770669 0.037254602163993095 -0.0069612360700139165 0.036098229291913995 -0.019097164637239462 -0.060079868529199408 0.021643079818806355 -0.0027773269122558716 0.056385913155305396 0.028106378803840315 -0.05380619376447527 -0.055934793451613785 0.039494308721491317 -0.0055652313223954952 0.054163683786859124 -0.012025427739580669 -0.039458693954960419 0.028500952531487309 0.02173531044275067
leaf_weight=166.02720266580582 128.78276747465134 133.90624363720417 115.28778296709061 121.29231311380863 45.23189315199852 45.366834938526154 99.162938505411148 29.888065740466118 44.416226983070374 150.79543943703175 64.51947557926178 58.453501984477043 73.884626775979996 26.475405752658844 37.260616272687912 56.932480379939079 34.938558980822563 99.634373798966408 28.691901326179504 29.368177503347397
leaf_count=685 568 544 501 504 198 186 403 122 185 713 271 237 300 109 160 257 150 404 122 123
internal_value=0.000783676 -0.0132652 0.00139037 0.0282653 0.0133588 -0.0289505 -0.0341264 -0.026496 -0.00850863 0.0420418 -0.000215044 -0.0317751 -0.0311767 0.00249294 0.0267946 0.0313366 0.0151238 -0.0233432 -0.00837015 -0.0137852
internal_weight=1590.32 1052.34 544.025 537.973 258.395 508.318 436.476 337.313 391.476 279.578 288.607 102.87 307.425 71.8422 152.548 137.103 80.1705 233.541 224.087 195.395
internal_count=6742 4352 2284 2390 1109 2068 1773 1370 1623 1281 1201 422 1248 295 661 605 348 948 930 808
is_linear=0
shrinkage=0.0560727


Tree=11
num_leaves=21
num_cat=0
split_feature=4 5 5 4 5 4 5 5 4 4 5 85 4 311 137 321 138 5 272 199
split_gain=218.436 162.898 65.3704 55.9035 34.9794 34.552 31.6636 29.6052 28.3688 24.6775 19.2168 16.0151 15.899 17.5724 13.6642 13.6003 13.9415 12.9994 12.7605 12.5286
threshold=1399.5000000000002 1550.5000000000002 1295.5000000000002 1703.5000000000002 1845.5000000000002 1562.5000000000002 1972.5000000000002 1340.5000000000002 1233.5000000000002 1207.5000000000002 1525.5000000000002 1.0000000180025095e-35 1592.5000000000002 0.46750000000000008 670.21500000000003 0.55650000000000011 647.32500000000016 1319.5000000000002 1.8209213377914921 0.45633104500381388
decision_type=2 2 2 2 2 2 2 2 2 2 2 2 2 2 2 2 2 2 2 2
left_child=2 5 9 4 12 7 14 -2 -4 11 -10 -1 15 -14 -5 16 -3 -7 19 -9
right_child=1 3 8 6 -6 17 -8 18 10 -11 -12 -13 13 -15 -16 -17 -18 -19 -20 -21
leaf_value=-0.058227648741871814 0.044367614540477739 0.020523700871235808 -0.065371596730390627 0.0010897518640332806 -0.061459532032003598 0.064860425316763864 -0.032238276893341418 0.0055127840816897502 -0.014380500775993057 0.018883237665628657 -0.04861959878749051 0.00049103577915522929 -0.028748613303492446 0.019565799193596061 0.035392742179884265 -0.037072244402825714 -0.028443712077811781 0.040397183476954306 0.023543146158430232 -0.040261818041721964
leaf_weight=28.37420167028904 96.303585171699524 34.663815185427666 127.13226839900017 51.729457899928093 56.629959911108017 102.01895053684711 36.259009703993797 55.818784758448601 101.95906895399094 89.029368415474892 104.26007053256035 30.081696823239326 35.152880549430847 72.444954097270966 124.18418855965137 100.28204709291458 38.675712004303932 206.87314727902412 62.508182302117348 28.343392878770828
leaf_count=116 439 141 515 215 232 493 147 233 414 383 424 124 144 300 544 404 156 937 262 119
internal_value=0.000748912 0.0145097 -0.0307851 -0.00708577 -0.0212525 0.0360334 0.0154716 0.0202126 -0.0445371 0.000296637 -0.0316919 -0.0280082 -0.0131552 0.00377962 0.0253065 -0.0236511 -0.00529716 0.0484774 0.00435119 -0.00990103
internal_weight=1582.72 1101.89 480.837 550.022 337.849 551.866 212.173 242.974 333.351 147.485 206.219 58.4559 281.219 107.598 175.914 173.622 73.3395 308.892 146.67 84.1622
internal_count=6742 4766 1976 2283 1377 2483 906 1053 1353 623 838 240 1145 444 759 701 297 1430 614 352
is_linear=0
shrinkage=0.0560727


Tree=12
num_leaves=21
num_cat=0
split_feature=4 139 138 314 138 317 4 310 139 245 126 235 155 227 4 137 121 107 62 291
split_gain=166.331 81.3887 40.5974 30.2106 28.4198 25.1985 23.5458 19.6156 18.7913 19.0075 20.4893 17.3967 16.8947 16.0301 15.1176 14.8317 13.5456 13.0216 12.6892 14.1699
threshold=1399.5000000000002 111.92000000000006 843.86000000000001 40.550000000000004 382.59000000000009 0.50650000000000006 1709.5000000000002 0.21050000000000002 260.43000000000001 0.27832177575592382 13.500000000000002 0.23896820246593123 0.32571204598902542 0.062500000000000014 1319.5000000000002 706.18500000000006 16.500000000000004 17.500000000000004 98.500000000000014 1.242833742833743
decision_type=2 2 2 2 2 2 2 2 2 2 2 2 2 2 2 2 2 2 2 2
left_child=3 2 5 4 -1 7 -4 -2 9 10 -3 -8 16 -14 -6 -10 18 -9 19 -7
right_child=1 8 6 -5 14 12 11 17 15 -11 -12 -13 13 -15 -16 -17 -18 -19 -20 -21
leaf_value=0.014469143960792664 0.002576903462398669 0.006569704816712576 -0.04752618436351852 -0.041638591578747546 -0.038548044657655454 0.0041162820300907751 -0.026679178281268357 0.012450121922926157 0.01876744354981787 -0.0061629574446038261 0.049376736577481192 0.031920162688430447 -0.042813788563671774 -0.0014356522528064628 -0.0041199014939498632 0.065149779038496267 0.046253948067429614 0.048269810988207297 -0.019649282925767449 0.044089297083673533
leaf_weight=79.252037823200226 85.478346854448318 52.38989944756031 69.602465108036995 223.82493716478348 110.54791468381882 161.38082338869572 35.639719650149345 47.607224941253662 28.381788656115532 44.451691225171089 106.93057204782963 28.800342366099358 45.747770056128502 82.587843030691147 62.946249544620514 91.903060883283615 26.879619017243385 96.863187089562416 54.178667560219765 33.709326803684235
leaf_count=331 363 237 285 919 452 680 146 204 130 199 497 120 192 348 261 448 119 424 228 146
internal_value=0.00100563 0.0130633 0.00312476 -0.026636 -0.0133495 0.00904894 -0.0249136 0.0238701 0.0366312 0.0262554 0.0353014 -0.000486694 0.000622715 -0.0161871 -0.026058 0.0542071 0.0084354 0.0364674 0.00435654 0.0110241
internal_weight=1569.1 1092.53 768.475 476.571 252.746 634.433 134.043 229.949 324.057 203.772 159.32 64.4401 404.484 128.336 173.494 120.285 276.148 144.47 249.269 195.09
internal_count=6729 4766 3255 1963 1044 2704 551 991 1511 933 734 266 1713 540 713 578 1173 628 1054 826
is_linear=0
shrinkage=0.0560727


Tree=13
num_leaves=21
num_cat=1
split_feature=4 5 5 4 4 5 5 4 5 317 313 5 321 166 4 289 148 204 309 2
split_gain=151.96 122.912 91.3991 46.1345 42.4994 44.0176 27.2088 22.9996 23.6868 22.0026 21.6887 13.7625 13.5998 13.5433 13.5075 13.5587 11.839 11.7625 11.9838 11.5698
threshold=1495.5000000000002 1593.5000000000002 1274.5000000000002 1782.5000000000002 1315.5000000000002 1588.5000000000002 1957.5000000000002 1817.5000000000002 1312.5000000000002 0.30900000000000005 160.10000000000002 1892.5000000000002 0.5485000000000001 0.66099476463834284 1207.5000000000002 0.36140661938534285 0.21550000000000002 0.55050505050505061 0.73550000000000015 0
decision_type=2 2 2 2 2 2 2 2 2 2 2 2 2 2 2 2 2 2 2 1
left_child=2 7 10 9 17 13 -5 8 -2 -3 14 -11 -7 -6 -1 -16 -15 18 -4 -10
right_child=1 3 4 6 5 12 -8 -9 19 11 -12 -13 -14 16 15 -17 -18 -19 -20 -21
leaf_value=0.0018801535552164298 0.053723315240691932 0.019418343754285718 -0.045796185180538379 0.036332733458473342 -0.020581587326102727 -0.020534709547009051 -0.022367833655250802 0.06674558945258606 0.0042825209324057261 -0.020044899451599939 -0.011835725516762801 -0.057931301540499136 -0.059295341266149618 0.01924640429746307 0.015469394436909738 0.063362798121570474 -0.022765664803154048 -0.058979837038127501 0.00064408293309137362 0.030060363935778819
leaf_weight=32.610246941447258 106.94127643108368 39.465333297848701 60.220027774572372 97.013402476906776 67.114137247204781 47.944841891527176 33.362039670348167 66.635163933038712 94.647967770695686 196.01876181364059 51.433004185557365 35.63324861228466 70.095977485179901 101.46557167172432 30.329400703310966 48.040182843804359 26.61989238858223 134.91046626865864 24.600683599710464 196.7685157507658
leaf_count=134 526 163 246 435 278 195 136 336 414 804 219 148 286 421 137 216 110 552 100 873
internal_value=0.000959912 0.0166285 -0.0185637 -0.00609874 -0.0297858 -0.0165233 0.0213105 0.0362523 0.0311511 -0.0192799 0.0182614 -0.0258735 -0.0435534 -0.000176745 0.0322112 0.0448301 0.0105138 -0.0486915 -0.0323252 0.0228671
internal_weight=1561.87 866.486 695.384 401.493 532.972 313.24 130.375 464.993 398.358 271.117 162.413 231.652 118.041 195.2 110.98 78.3696 128.085 219.731 84.8207 291.416
internal_count=6729 3835 2894 1686 2188 1290 571 2149 1813 1115 706 952 481 809 487 353 531 898 346 1287
cat_boundaries=0 1
cat_threshold=1105
is_linear=0
shrinkage=0.0560727


Tree=14
num_leaves=21
num_cat=1
split_feature=139 5 304 254 218 5 160 137 195 5 303 5 157 208 319 2 187 227 302 268
split_gain=121.176 68.506 34.2364 26.3679 25.829 25.131 24.0621 23.6987 19.0318 18.6845 14.7994 24.1275 14.4356 13.3207 12.9438 12.633 14.9161 14.5121 13.4136 12.0622
threshold=103.59000000000005 1623.5000000000002 59.750000000000007 -0.036535095539978878 0.35873246250604746 1303.5000000000002 0.36451048951048953 501.46500000000003 0.31643132220795894 1858.5000000000002 120.65000000000002 1588.5000000000002 1.3762277994571313 0.49193338537600834 0.46450000000000008 0 0.14350000000000002 0.091500000000000012 9.6500000000000004 3.271611721611722
decision_type=2 2 2 2 2 2 2 2 2 2 2 2 2 2 2 1 2 2 2 2
left_child=1 2 6 -4 9 -2 8 -7 -1 -3 11 -9 -13 14 -6 18 -17 -18 -8 -10
right_child=5 4 3 -5 13 7 15 10 19 -11 -12 12 -14 -15 -16 16 17 -19 -20 -21
leaf_value=-0.0058532648018077655 0.053824278848512604 -0.00075995900822643575 0.068019589274133721 0.01296462137401835 0.0095320397026180358 -0.027371759585069433 -0.0051389637675608455 0.030311769145853911 -0.048429495407888962 -0.039847088019309584 0.039457803062981071 -0.046219842768684655 0.012559723029417186 -0.051657678805152957 -0.036758175485980232 -0.024538762410662045 -0.012531550393962622 0.031705185574518603 0.035769620783354071 -0.0046528416966591787
leaf_weight=208.97477757930756 90.475894778966904 139.32612162828445 34.167803198099136 137.16980245709419 26.431823343038559 29.766093283891678 37.302523791790009 93.201080396771431 69.229759678244591 53.113269984722137 125.3852563649416 26.608006283640862 25.939805969595909 125.40422032773495 67.436116725206375 62.877602383494377 44.244115963578224 49.286907002329826 77.640581652522087 27.72362431883812
leaf_count=875 460 574 154 601 109 124 157 433 287 219 593 115 114 521 278 262 187 212 338 116
internal_value=0.000930505 -0.00816984 0.00193394 0.0239447 -0.026542 0.0279111 -0.00459863 0.0201188 -0.0153804 -0.0115489 0.0253331 0.0131806 -0.0172009 -0.0396995 -0.0237218 0.00755635 -0.00321339 0.0107777 0.020692 -0.0359134
internal_weight=1551.71 1160.33 748.617 171.338 411.712 391.376 577.28 300.9 305.928 192.439 271.134 145.749 52.5478 219.272 93.8679 271.352 156.409 93.531 114.943 96.9534
internal_count=6729 4890 3189 755 1701 1839 2434 1379 1278 793 1255 662 229 908 387 1156 661 399 495 403
cat_boundaries=0 1
cat_threshold=398
is_linear=0
shrinkage=0.0560727


Tree=15
num_leaves=21
num_cat=0
split_feature=313 137 302 138 138 56 301 301 323 228 137 270 304 86 189 10 101 138 276 66
split_gain=58.0257 48.381 29.4899 27.9491 26.2523 22.6259 22.5761 21.3224 19.4202 18.9052 15.0443 16.191 15.3708 13.8665 13.7096 13.5463 16.4662 13.5398 13.689 12.9591
threshold=163.45000000000002 746.29500000000007 5.5500000000000007 821.90000000000009 558.90500000000009 12.500000000000002 163.45000000000002 291.65000000000003 0.82650000000000012 0.19250000000000003 501.46500000000003 1.0298573975044565 55.750000000000007 55.500000000000007 116.50000000000001 201.50000000000003 166.50000000000003 631.745 6.6823201404813171 8.5000000000000018
decision_type=2 2 2 2 2 2 2 2 2 2 2 2 2 2 2 2 2 2 2 2
left_child=2 3 -1 6 10 13 15 17 9 14 11 12 -4 -6 -8 16 19 -3 -19 -2
right_child=1 7 4 -5 5 -7 8 -9 -10 -11 -12 -13 -14 -15 -16 -17 -18 18 -20 -21
leaf_value=-0.007620229381593833 -0.015869662921618004 0.034130001283074064 -0.0099534157236103264 -0.050007344581345689 0.00595928805318239 0.03313018479423202 0.0047489077069345969 0.04324964871498041 -0.032733849860934916 0.033582996699028041 0.048349249120668715 0.042762276139724234 0.041692969870890904 -0.029581526023399911 -0.025269926945897053 -0.056813777779284008 0.025481700249796249 -0.019988292904859008 0.025221503828323888 -0.047267518093873563
leaf_weight=156.51051265001297 161.29941117763519 34.149841442704201 61.114264875650406 66.276453673839569 115.61685943603516 71.44397047162056 179.17790655791759 62.179512187838554 55.716313228011131 53.330660194158554 110.0123665034771 62.613635435700417 25.751608729362488 49.201999068260193 65.252747654914856 34.18159706890583 23.512644380331039 71.593473091721535 29.82950496673584 55.584938019514084
leaf_count=672 672 165 261 277 505 324 766 294 234 232 537 279 117 210 276 143 98 305 132 230
internal_value=0.00088756 -0.00840623 0.0135987 -0.0153752 0.0202978 0.00677414 -0.0117203 0.0160619 -0.00235004 0.0033348 0.0326102 0.0210256 0.0053556 -0.0046495 -0.00326424 -0.0237825 -0.0190851 0.00359119 -0.00668999 -0.0239174
internal_weight=1544.35 892.085 652.265 694.333 495.755 236.263 628.056 197.752 353.478 297.761 259.492 149.48 86.8659 164.819 244.431 274.579 240.397 135.573 101.423 216.884
internal_count=6729 3824 2905 2928 2233 1039 2651 896 1508 1274 1194 657 378 715 1042 1143 1000 602 437 902
is_linear=0
shrinkage=0.0560727


Tree=16
num_leaves=21
num_cat=1
split_feature=4 5 5 4 4 5 5 4 4 138 5 3 308 161 318 148 315 313 249 57
split_gain=129.782 83.916 76.3955 37.2338 36.1449 35.7864 25.6494 23.6753 18.4433 18.7027 16.5504 16.2605 12.7543 11.9702 14.9911 11.7963 13.3902 11.6676 11.2835 10.739
threshold=1536.5000000000002 1699.5000000000002 1340.5000000000002 1246.5000000000002 1800.5000000000002 1319.5000000000002 1660.5000000000002 1186.5000000000002 1694.5000000000002 931.99500000000012 1146.5000000000002 0 0.56850000000000012 10.509186198529301 0.85650000000000015 0.21450000000000002 99.800000000000026 158.95000000000002 0.43364779874213844 6.5000000000000009
decision_type=2 2 2 2 2 2 2 2 2 2 2 1 2 2 2 2 2 2 2 2
left_child=2 4 7 -4 5 -2 11 -1 -3 19 -9 12 -5 14 -7 16 -13 -12 -16 -10
right_child=1 8 3 6 -6 13 -8 10 9 -11 17 15 -14 -15 18 -17 -18 -19 -20 -21
leaf_value=-0.021343356965930812 0.053759521570198754 -0.03183235345114821 -0.054267324518776257 -0.047105569633913096 0.058133202946328767 0.017595190706271368 -0.041445348445183161 0.046174139189915232 0.023897411287074621 -0.043268891641236429 0.023884834668128737 0.022737723798355251 -0.012371048105197549 0.027825217039831679 0.00098177749978867928 -0.033376325308781471 -0.010971747049344931 -0.0090571779102361985 -0.041999647887519524 -0.014062730705347562
leaf_weight=58.539709374308586 84.676160871982574 91.351198747754097 126.87937292456627 56.24268713593483 104.85075235366821 126.91775567829609 123.07642345130444 52.63659755885601 70.42830690741539 24.328087493777275 75.683061808347702 79.136625230312347 81.306169643998146 111.18383787572384 61.910558477044106 26.926234319806099 69.657613053917885 61.084286481142044 27.834015995264053 35.10912324488163
leaf_count=239 442 377 528 230 536 559 511 242 305 99 343 329 334 493 272 111 288 262 119 151
internal_value=-0.000629265 0.0163758 -0.016113 -0.0275304 0.0287348 0.0212622 -0.0197555 0.00982198 -0.0125282 0.00104981 0.0194552 -0.0112335 -0.0247739 0.0128682 0.0051919 0.000732757 0.00695566 0.00917082 -0.0123472 0.0112677
internal_weight=1549.76 738.59 811.169 563.225 517.373 412.522 436.346 247.944 221.217 129.866 189.404 313.269 137.549 327.846 216.662 175.72 148.794 136.767 89.7446 105.537
internal_count=6770 3353 3417 2331 2421 1885 1803 1086 932 555 847 1292 564 1443 950 728 617 605 391 456
cat_boundaries=0 1
cat_threshold=527
is_linear=0
shrinkage=0.0560727


Tree=17
num_leaves=21
num_cat=0
split_feature=4 5 5 4 4 5 5 4 4 5 323 4 5 87 5 299 137 145 321 311
split_gain=116.482 75.8081 69.2859 39.0014 33.9546 33.3981 24.0186 19.634 16.4535 17.2277 15.8923 15.0542 14.5186 14.1161 12.0562 12.0595 10.4375 9.90132 9.85506 10.9702
threshold=1536.5000000000002 1699.5000000000002 1473.5000000000002 1334.5000000000002 1800.5000000000002 1312.5000000000002 1146.5000000000002 1251.5000000000002 1694.5000000000002 1972.5000000000002 0.31400000000000006 1072.5000000000002 1197.5000000000002 87.500000000000014 1869.5000000000002 6.5000000000000009 470.94500000000005 74.850000000000009 0.57350000000000001 0.47150000000000003
decision_type=2 2 2 2 2 2 2 2 2 2 2 2 2 2 2 2 2 2 2 2
left_child=2 4 3 6 5 -2 -1 -4 -3 -10 -7 -8 -5 -13 15 18 -12 -18 19 -9
right_child=1 8 7 12 -6 10 11 14 9 -11 16 13 -14 -15 -16 -17 17 -19 -20 -21
leaf_value=0.020173515149075415 0.053375862440678871 -0.030096672560892608 -0.057902534504377677 0.046030537693597211 0.056397304341349964 0.043962497131850665 -0.063896330858037212 -0.041057267417722823 0.0142398248855831 -0.03059253815153961 -0.017117028500891526 -0.030038084136829603 0.0098806381552615421 0.0092570495650697339 -0.06294305029006729 -0.0046256604383497005 0.016853262163717651 -0.015872078256722735 -0.041707581387500553 -0.0014142641084604998
leaf_weight=44.27631026506424 77.551297351717949 91.205855458974838 76.639402866363525 44.194310307502747 102.09711365401745 43.808696493506432 27.85614575445652 35.832341641187668 91.227047249674797 38.247102931141853 44.927133485674858 100.23750469088554 166.75156271457672 40.29161074757576 25.710776835680008 81.414847567677498 209.05693952739239 33.758193880319595 108.1614295989275 56.661301448941231
leaf_count=189 417 377 327 214 536 196 114 146 398 157 194 411 728 166 113 334 928 150 443 232
internal_value=-0.000592493 0.0156116 -0.0152697 0.000371566 0.0274687 0.0202487 -0.0165734 -0.0325058 -0.0118544 0.000994876 0.0124996 -0.0262368 0.0174551 -0.0187705 -0.0261813 -0.0228297 0.00770872 0.0123028 -0.0302151 -0.016774
internal_weight=1539.91 731.879 808.028 423.607 511.199 409.102 212.662 384.42 220.68 129.474 331.551 168.385 210.946 140.529 307.781 282.07 287.742 242.815 200.655 92.4936
internal_count=6770 3353 3417 1822 2421 1885 880 1595 932 555 1468 691 942 577 1268 1155 1272 1078 821 378
is_linear=0
shrinkage=0.0560727


Tree=18
num_leaves=21
num_cat=0
split_feature=139 315 139 138 306 139 175 137 254 123 246 269 313 306 272 185 161 69 321 135
split_gain=103.26 26.8391 25.2539 30.5015 21.1831 17.5888 18.7646 18.3292 17.3973 14.978 14.9674 14.642 14.0325 13.5583 13.2028 12.2391 11.7603 11.1379 12.5086 11.8372
threshold=25.494999999999951 54.500000000000007 195.81499999999997 229.01000000000002 0.036500000000000005 -61.019999999999946 0.66141439205955344 258.54000000000002 0.24517463141430637 1629.5000000000002 0.80662693745623393 86.500000000000014 179.35000000000005 0.84900000000000009 2.2071650690614004 0.018500000000000003 9.3876538890604326 15.500000000000002 0.85150000000000003 14.500000000000002
decision_type=2 2 2 2 2 2 2 2 2 2 2 2 2 2 2 2 2 2 2 2
left_child=1 13 4 -4 -2 7 -7 -3 16 10 14 17 -13 15 -9 -1 -8 18 19 -6
right_child=2 5 3 -5 11 6 8 9 -10 -11 -12 12 -14 -15 -16 -17 -18 -19 -20 -21
leaf_value=-0.030954592950393309 -0.019633764793331628 0.016723264481839546 -0.018071275882828034 0.043123504634561459 0.0041716705151993395 -0.020743510389610354 -0.0016181039467577454 -0.026426045650718887 -0.0255923658375957 0.0098172691277276583 -0.043417093553897987 0.03864834005603239 0.0080629167259485806 0.033119931365125845 0.01901579687944022 0.012971558433872458 0.033921858243345759 -0.021316871015125811 -0.028269026545205838 0.03706789578748855
leaf_weight=32.36105565726757 68.778039634227753 29.972919389605522 30.490997776389122 159.83212041854858 92.574194684624672 172.95279143750668 56.029659137129784 140.44962304830551 40.717903882265091 29.009221524000168 177.7297797948122 107.85764388740063 83.841550797224045 49.350379556417465 23.456319242715836 51.969880491495132 61.285260811448097 43.707000121474266 22.757467433810234 54.734123319387436
leaf_count=136 298 128 133 835 414 727 240 587 170 123 750 514 371 215 98 222 267 191 100 251
internal_value=-0.00055855 -0.0133255 0.016064 0.0333188 0.00913906 -0.017547 -0.00798111 -0.0254498 0.0059852 -0.0288606 -0.0321454 0.0140201 0.0252724 0.00977617 -0.0199219 -0.00388279 0.0169467 0.00392881 0.010418 0.0163958
internal_weight=1529.86 865.285 664.573 190.323 474.25 731.603 330.986 400.618 158.033 370.645 341.636 405.472 191.699 133.681 163.906 84.3309 117.315 213.773 170.066 147.308
internal_count=6770 3663 3107 968 2139 3090 1404 1686 677 1558 1435 1841 885 573 685 358 507 956 765 665
is_linear=0
shrinkage=0.0560727


Tree=19
num_leaves=21
num_cat=2
split_feature=4 5 5 4 4 5 5 4 5 226 324 139 273 245 323 163 3 302 320 2
split_gain=101.662 72.0086 57.9199 34.1428 30.0283 23.1957 22.2833 21.3275 16.6758 15.0923 13.7619 12.7502 11.2564 12.2067 12.9655 12.5249 11.4176 10.3279 11.3967 10.2552
threshold=1592.5000000000002 1394.5000000000002 1517.5000000000002 1334.5000000000002 1240.5000000000002 1886.5000000000002 1660.5000000000002 1768.5000000000002 1146.5000000000002 0.065500000000000017 0.83050000000000013 -7.5799999999999832 0.70760385774590329 0.25379549915318228 0.83050000000000013 3.3875000000000006 0 63.850000000000001 0.58150000000000002 1
decision_type=2 2 2 2 2 2 2 2 2 2 2 2 2 2 2 2 1 2 2 1
left_child=1 3 -2 8 -3 7 12 9 -1 19 -5 -7 13 14 16 -15 -6 18 -10 -4
right_child=2 4 5 10 6 11 -8 -9 17 -11 -12 -13 -14 15 -16 -17 -18 -19 -20 -21
leaf_value=0.018765975512398312 0.041851176520930893 -0.051894472561053263 0.0077670903259415766 0.032984621459503718 0.01513772160269504 -0.039388532792275083 -0.035018849474207588 0.031349035589056176 -0.007761309650516926 0.033092941991051533 -0.0021075798575642905 0.010368889470138679 0.027019826169497128 -0.051349942822717223 -0.044059708081181669 -0.0095428224140777854 -0.011207847137997792 0.0093029026880451539 -0.047882569084299484 -0.020242760961296548
leaf_weight=43.971754103899002 206.39997474849224 98.891495689749718 72.036412283778191 143.77723509073257 76.432508453726768 50.091729715466499 163.61428788304329 110.05774685740471 39.00103422999382 35.42958427965641 46.489402651786804 23.919230490922928 24.258562117815018 44.149297788739204 24.385156080126762 46.035837933421135 118.85889348387718 26.168378666043282 51.894640624523163 77.73743212223053
leaf_count=189 1086 425 304 684 321 210 688 526 160 150 213 103 101 183 100 190 491 109 212 325
internal_value=-0.000525282 -0.0118128 0.018061 0.00832719 -0.0236718 0.00476331 -0.0180641 0.0117997 -0.0106733 0.000181512 0.0244094 -0.0233055 -0.00976101 -0.0126411 -0.00550929 -0.0300111 -0.000694736 -0.0217327 -0.0306695 -0.00760283
internal_weight=1523.6 947.928 575.672 351.302 596.626 369.272 497.735 295.261 161.036 185.203 190.267 74.011 334.12 309.862 219.677 90.1851 195.291 117.064 90.8957 149.774
internal_count=6770 4066 2704 1567 2499 1618 2074 1305 670 779 897 313 1386 1285 912 373 812 481 372 629
cat_boundaries=0 1 2
cat_threshold=464 898
is_linear=0
shrinkage=0.0560727


Tree=20
num_leaves=21
num_cat=0
split_feature=4 5 5 4 5 4 5 5 4 292 321 4 254 4 229 317 309 138 252 229
split_gain=117.034 84.0899 44.3809 34.2241 35.7259 22.2825 19.586 18.7584 18.3614 16.4786 16.5816 15.7326 12.8622 11.3653 11.3371 14.2818 19.6476 10.8015 10.4605 10.1423
threshold=1399.5000000000002 1470.5000000000002 1456.5000000000002 1782.5000000000002 1845.5000000000002 1233.5000000000002 1286.5000000000002 1972.5000000000002 1713.5000000000002 44.500000000000007 0.44150000000000006 1577.5000000000002 0.34843691640433144 1251.5000000000002 3.6941426146010188 0.49650000000000005 0.58000000000000007 585.69500000000016 30.500000000000004 2.480208333333334
decision_type=2 2 2 2 2 2 2 2 2 2 2 2 2 2 2 2 2 2 2 2
left_child=2 6 5 4 11 18 -2 -5 -8 10 -7 14 17 -4 15 16 -3 -13 -1 -12
right_child=1 3 13 7 -6 9 8 -9 -10 -11 19 12 -14 -15 -16 -17 -18 -19 -20 -21
leaf_value=-0.0076973325471560144 0.050684792791380565 -0.027305271771696438 -0.058577381040592034 0.0330922922511106 -0.046309399066264613 0.028278669578973362 0.015152912965037194 -0.016576260389242429 0.053971809030838085 0.037066263028467855 0.0004793879323837484 0.033685797436339607 -0.024855146775522533 -0.031693948326765135 0.017465500724898397 -0.028585081922437489 0.035750855965131043 0.005102011684319039 -0.040812786344814472 -0.042575344151990484
leaf_weight=56.659269466996193 126.04022534191608 31.117582947015762 80.479800686240196 117.94906234741211 65.345577746629715 32.496646612882614 184.09854006767273 29.980481073260307 48.386092498898506 41.90754970908165 35.610345602035522 59.0075453966856 31.781216710805893 128.35034507513046 33.566026851534843 128.02686800062656 31.026953905820847 140.69418439269066 63.753061607480049 33.26608707010746
leaf_count=234 696 127 354 575 284 140 853 124 274 182 152 258 134 539 137 522 129 593 263 139
internal_value=0.000349511 0.0109751 -0.0227448 -0.000774806 -0.00753833 -0.00745124 0.0328842 0.023025 0.0232329 0.0074905 -0.00473464 -0.00197246 0.00827541 -0.0420553 -0.0125758 -0.0178791 0.00417426 0.0135488 -0.025232 -0.0203131
internal_weight=1499.54 1027.02 472.523 668.495 520.566 263.693 358.525 147.93 232.485 143.281 101.373 455.22 231.483 208.83 223.737 190.171 62.1445 199.702 120.412 68.8764
internal_count=6709 4706 2003 2883 2184 1110 1823 699 1127 613 431 1900 985 893 915 778 256 851 497 291
is_linear=0
shrinkage=0.0560727


Tree=21
num_leaves=21
num_cat=2
split_feature=5 301 57 56 56 2 238 301 5 28 5 219 2 183 165 236 309 192 289 185
split_gain=66.5666 35.7802 30.0444 34.1986 26.2405 20.6811 19.7696 15.7418 14.9465 14.4021 13.3576 14.347 13.6151 13.1715 13.1172 14.814 12.5453 11.9246 11.7147 17.4586
threshold=1456.5000000000002 84.700000000000017 10.500000000000002 19.500000000000004 8.5000000000000018 0 0.60752961335609779 400.7000000000001 1214.5000000000002 203.50000000000003 1878.5000000000002 8.5000000000000018 1 -1.2474999999999998 0.27636580741332367 0.45993589743589752 0.84050000000000014 1.7986512583997085 0.48912529550827427 0.060500000000000005
decision_type=2 2 2 2 2 1 2 2 2 2 2 2 1 2 2 2 2 2 2 2
left_child=1 13 4 9 6 -3 7 10 -7 -4 11 12 -2 -1 15 -6 18 -8 19 -10
right_child=2 5 3 -5 14 8 17 -9 16 -11 -12 -13 -14 -15 -16 -17 -18 -19 -20 -21
leaf_value=-0.036307958515264638 -0.022192138294112367 0.038805203693637332 -0.0008673461580453927 0.0090145484721133179 0.012492393313455469 0.031338661253031537 -0.01210451035895691 0.039533670123855877 -0.018773563292284832 -0.046127968029269634 -0.043150474617399889 -0.043190699119699416 0.0045515383358819793 0.0035891470167318008 0.03569575560226828 -0.03609393648771362 0.034293945105131188 -0.061833097200633298 0.02642956897924964 0.020361298929242128
leaf_weight=48.525828272104263 68.754780948162079 142.203041061759 26.014948710799217 62.593320593237877 118.09027674794197 99.061008542776108 26.889327079057693 22.493150025606155 115.07783246040344 147.34828653931618 32.434701934456825 29.008410647511482 241.09463442862034 56.073599010705948 59.764338150620461 23.687610641121864 40.185472309589386 34.788503289222717 42.358288034796715 52.05011922121048
leaf_count=207 291 759 111 274 517 484 116 102 514 634 142 124 1038 245 272 102 187 149 197 244
internal_value=0.00033645 0.0148566 -0.00934718 -0.02651 -0.00318309 0.0212009 -0.0106376 -0.00601376 0.0125492 -0.0393371 -0.00877354 -0.00548252 -0.00195165 -0.0149185 0.0136626 0.00437356 0.00559618 -0.0401561 9.02853e-05 -0.00658446
internal_weight=1488.5 595.535 892.962 235.957 657.006 490.936 455.464 393.786 348.733 173.363 371.293 338.858 309.849 104.599 201.542 141.778 249.672 61.6778 209.486 167.128
internal_count=6709 2837 3872 1019 2853 2385 1962 1697 1626 745 1595 1453 1329 452 891 619 1142 265 955 758
cat_boundaries=0 1 2
cat_threshold=526 1074
is_linear=0
shrinkage=0.0560727


Tree=22
num_leaves=21
num_cat=0
split_feature=4 5 5 4 5 5 4 185 4 323 305 5 4 238 114 298 311 319 64 311
split_gain=101.932 71.5164 36.7211 28.4641 27.8372 26.5419 24.9619 17.1074 16.9701 16.2717 15.6881 14.9492 14.7165 12.8283 13.0626 14.185 10.7132 10.269 12.0552 10.2287
threshold=1399.5000000000002 1550.5000000000002 1354.5000000000002 1800.5000000000002 1892.5000000000002 1286.5000000000002 1713.5000000000002 0.015500000000000002 1233.5000000000002 0.25350000000000006 0.59650000000000014 1657.5000000000002 1072.5000000000002 0.61507289679065213 68.500000000000014 0.44342189500640211 0.74750000000000016 0.76150000000000018 1617.5000000000002 0.40650000000000003
decision_type=2 2 2 2 2 2 2 2 2 2 2 2 2 2 2 2 2 2 2 2
left_child=2 5 12 4 9 -2 17 10 -4 -3 -5 -10 -1 14 15 -11 -16 -7 -19 -14
right_child=1 3 8 7 -6 6 -8 -9 11 13 -12 -13 19 -15 16 -17 -18 18 -20 -21
leaf_value=-0.0393020437869116 0.048419592689897317 0.038823585721331128 -0.052581569842023355 -0.035088048959320932 -0.052657295965548225 0.016297113284816846 0.046517626971880333 0.039239018283758954 -0.014159141231773866 -0.0023816529520284467 0.026563304268421982 -0.050457919834394627 -0.018164869242025157 -0.038420580593140068 -0.027808823966794134 0.040653978357133677 0.013126481074507356 -0.029032176947627403 0.020281764686586844 0.013678281443401944
leaf_weight=28.100005194544792 121.08553303778172 23.764319360256195 100.2202832698822 25.639459043741226 45.30869922041893 230.26288738846779 77.492594391107559 65.313557609915733 133.60213875770569 143.05067873001099 26.275516912341118 48.678263872861862 44.063972979784012 41.376891329884529 95.454888671636581 28.953708499670029 25.457391813397408 38.366665259003639 26.245779722929001 113.16966089606285
leaf_count=115 696 101 444 118 204 1045 434 313 550 594 122 218 185 171 394 121 106 172 115 491
internal_value=0.000329452 0.0103184 -0.0213217 -0.00417896 -0.0112476 0.0256136 0.0181971 0.0201416 -0.0340459 -0.00600704 -0.00388164 -0.0238538 -0.0019255 -0.0091945 -0.00506547 0.00486176 -0.0191888 0.0107539 -0.0089982 0.00475333
internal_weight=1481.88 1014.05 467.834 520.595 403.367 493.453 372.368 117.229 282.501 358.058 51.915 182.28 185.334 334.294 292.917 172.004 120.912 294.875 64.6124 157.234
internal_count=6709 4706 2003 2244 1691 2462 1766 553 1212 1487 240 768 791 1386 1215 715 500 1332 287 676
is_linear=0
shrinkage=0.0560727


Tree=23
num_leaves=21
num_cat=0
split_feature=4 5 5 4 5 4 5 5 4 227 323 4 252 323 220 132 303 294 254 138
split_gain=91.4936 65.685 33.825 26.8915 25.8502 18.2519 17.9934 17.4319 17.3021 13.6502 13.6784 11.8942 10.9755 12.7717 10.5044 13.0453 10.421 10.3352 10.3235 10.3722
threshold=1399.5000000000002 1470.5000000000002 1456.5000000000002 1772.5000000000002 1845.5000000000002 1126.5000000000002 1972.5000000000002 1214.5000000000002 1713.5000000000002 0.098500000000000018 0.69950000000000012 1577.5000000000002 57.500000000000007 0.63550000000000006 11.551452004203838 3.5000000000000004 125.15000000000002 -0.077066045543012759 0.34843691640433144 585.69500000000016
decision_type=2 2 2 2 2 2 2 2 2 2 2 2 2 2 2 2 2 2 2 2
left_child=2 7 5 4 11 -1 16 -2 9 10 -9 12 13 -3 15 -4 -5 -7 19 -13
right_child=1 3 14 6 -6 17 -8 8 -10 -11 -12 18 -14 -15 -16 -17 -18 -19 -20 -21
leaf_value=-0.034401314164083104 0.054466071212097726 -0.0047953665423661959 -0.051514009147617723 0.010571965409016485 -0.041061443658678497 -0.031881825831011817 -0.018316910680203871 0.017729707096579748 0.051624116988894297 0.035192722377187624 -0.019716362246342718 0.032100844228591989 0.016921296466986955 -0.034747912987845721 -0.049464430115174901 -0.0084191171101812932 0.043391275390952555 0.0059087993062398357 -0.023058711320402006 0.0034853438884071362
leaf_weight=58.925394967198372 70.848536416888237 112.34976559877396 34.500886723399162 53.018045380711555 60.844385877251625 26.112425744533539 31.026359722018242 97.321083217859268 54.21969248354435 77.427609652280807 44.781530395150185 56.505656167864799 36.408446326851845 74.415844693779945 107.34247897565365 61.403566867113113 71.416112914681435 176.87233783304691 30.771036103367805 134.97409059107304
leaf_count=244 425 462 147 254 273 110 129 476 334 380 208 250 149 304 480 266 363 756 129 570
internal_value=0.000316377 0.00982251 -0.020249 -0.00051513 -0.00677918 -0.00692813 0.0198831 0.0296743 0.0232573 0.0162504 0.00592797 -0.00209586 -0.01124 -0.0167307 -0.0374138 -0.0239241 0.0294093 0.00104646 0.00708557 0.0119307
internal_weight=1471.49 1006.33 465.157 661.73 506.269 261.91 155.461 344.598 273.75 219.53 142.103 445.425 223.174 186.766 203.247 95.9045 124.434 202.985 222.251 191.48
internal_count=6709 4706 2003 2883 2137 1110 746 1823 1398 1064 684 1864 915 766 893 413 617 866 949 820
is_linear=0
shrinkage=0.0560727


Tree=24
num_leaves=21
num_cat=1
split_feature=4 138 313 4 138 4 0 72 268 313 64 235 139 256 4 143 289 264 4 148
split_gain=69.5493 34.2858 29.878 25.7766 18.9822 18.8654 20.278 17.7286 14.0846 13.6935 13.365 13.2478 11.9507 11.3542 10.9939 11.6506 11.2285 10.9778 10.6093 10.007
threshold=1592.5000000000002 579.08000000000004 160.10000000000002 1358.5000000000002 850.56500000000017 1775.5000000000002 1.0000000180025095e-35 0 2.395742753623189 63.050000000000004 3556.5000000000005 0.31096096096096099 -101.55500000000002 0.56030303030303041 1168.5000000000002 1.4218321800907054 0.28708791208791212 72.65000000000002 1858.5000000000002 0.087500000000000008
decision_type=2 2 2 2 2 2 2 9 2 2 2 2 2 2 2 2 2 2 2 2
left_child=2 11 7 10 8 12 18 13 19 -9 -4 -2 -3 14 -1 16 -16 -11 -7 -5
right_child=1 5 3 4 -6 6 -8 9 -10 17 -12 -13 -14 -15 15 -17 -18 -19 -20 -21
leaf_value=-0.0095607559235454283 0.023974440638305526 -0.026844578226402217 -0.03869624513745127 -0.0039509141270737524 -0.050525146885592544 0.011235201856007926 -0.013824203542185921 0.019100675874615693 0.0066114965007433796 -0.0076973906503215884 0.0031771406908760822 0.054869686122100629 0.003091255350131614 -0.021242433433619892 0.0071791756051419126 -0.006125955839969506 0.046547562768431229 -0.040373780727605016 0.047368694386103576 -0.036737307234189109
leaf_weight=32.161481842398643 120.27764062583447 57.474534079432487 183.67867678403854 65.985246181488037 29.932153508067131 41.360316798090935 38.478288665413857 40.855590879917145 172.20064502954483 109.01726806163788 27.554195925593376 68.51530747115612 154.98972727358341 24.046839356422424 32.265934154391289 26.998691543936729 77.556338682770729 45.961738720536232 66.889940559864044 52.621953368186951
leaf_count=134 633 248 802 278 134 199 174 185 742 483 121 389 689 106 147 123 368 200 357 224
internal_value=2.44269e-05 0.0158414 -0.009388 -0.0180236 -0.00800622 0.00567241 0.021136 0.00242524 -0.00362921 -0.00930086 -0.0332333 0.0351877 -0.00500609 0.0140752 0.019935 0.0268696 0.0349826 -0.0173893 0.0335644 -0.0184986
internal_weight=1468.82 547.986 920.837 531.973 320.74 359.193 146.729 388.864 290.808 195.835 211.233 188.793 212.464 193.029 168.982 136.821 109.822 154.979 108.25 118.607
internal_count=6736 2689 4047 2301 1378 1667 730 1746 1244 868 923 1022 937 878 772 638 515 683 556 502
cat_boundaries=0 1
cat_threshold=1520
is_linear=0
shrinkage=0.0560727


Tree=25
num_leaves=21
num_cat=0
split_feature=4 5 5 4 5 4 4 138 176 319 248 256 235 324 307 256 208 209 231 310
split_gain=62.4327 46.2317 42.4398 21.9191 20.3093 19.5005 18.1912 17.7149 12.2894 15.5247 13.1889 11.7432 11.5209 10.7774 10.543 15.7503 9.79826 10.5421 9.56858 9.30753
threshold=1592.5000000000002 1703.5000000000002 1295.5000000000002 1233.5000000000002 1725.5000000000002 1772.5000000000002 1072.5000000000002 588.55000000000007 0.41742424242424248 0.57750000000000001 0.54598308668076123 0.52985739750445637 0.32373653686826848 0.78100000000000014 0.39550000000000007 0.5169540229885059 0.58756443298969085 0.32742946708463955 1.0076923076923079 0.11650000000000002
decision_type=2 2 2 2 2 2 2 2 2 2 2 2 2 2 2 2 2 2 2 2
left_child=2 5 6 -4 8 7 -1 11 9 10 -5 -2 -3 19 18 -16 17 -10 -8 -9
right_child=1 12 3 4 -6 -7 14 13 16 -11 -12 -13 -14 -15 15 -17 -18 -19 -20 -21
leaf_value=-0.03704220108613402 0.040944480714987901 -0.015585334409902899 -0.037485765681010919 0.0089503457507855485 -0.034431529066354889 0.046251285749000705 -0.020439848102396886 -0.01708071931978062 0.019456275429432741 -0.029931527016444755 -0.033848586970616407 -0.00041887102267084808 0.021548182772803973 -0.025022369366294726 0.03573021852999924 -0.01664752621961 0.02174412292660393 -0.011459700320857162 0.026901939192440133 0.022797114696054818
leaf_weight=20.401948839426041 104.70651577413082 141.98452086746693 118.25573188066483 92.896769002079964 97.394833341240883 108.91961528360844 33.915282860398293 24.779045909643173 45.655526772141457 118.44175367057323 29.931867629289627 27.173194065690041 32.230151608586311 32.025787100195885 111.72835363447666 21.524275869131088 61.39289727807045 144.21370707452297 22.215024664998055 71.467643737792969
leaf_count=83 563 621 533 394 436 647 156 111 193 495 127 138 142 141 554 102 261 611 102 326
internal_value=2.65936e-05 0.0150926 -0.00888982 -0.015452 -0.0110348 0.0263308 0.0132616 0.0179899 -0.00640792 -0.0154468 -0.00147803 0.0324206 -0.00871457 0.00315201 0.0186817 0.0272684 0.0022709 -0.00402483 -0.00170016 0.0125287
internal_weight=1461.25 543.286 917.968 708.183 589.927 369.072 209.785 260.152 492.533 241.27 122.829 131.88 174.215 128.272 189.383 133.253 251.262 189.869 56.1303 96.2467
internal_count=6736 2689 4047 3050 2517 1926 997 1279 2081 1016 521 701 763 578 914 656 1065 804 258 437
is_linear=0
shrinkage=0.0560727


Tree=26
num_leaves=21
num_cat=0
split_feature=4 5 5 4 5 4 4 302 5 24 313 133 22 217 150 302 323 320 169 294
split_gain=56.0875 42.4849 37.995 19.9635 18.4254 17.2653 16.2781 13.5314 12.7638 12.2102 12.1784 11.5524 12.0726 11.1131 11.3972 10.2976 15.0886 16.2339 12.5027 11.4827
threshold=1592.5000000000002 1645.5000000000002 1295.5000000000002 1233.5000000000002 1738.5000000000002 1782.5000000000002 1072.5000000000002 147.85000000000005 1358.5000000000002 7.5000000000000009 160.10000000000002 7.5000000000000009 82.500000000000014 0.24165739710789771 95.500000000000014 4.2500000000000009 0.72850000000000004 0.88750000000000007 0.34178433889602061 0.099071633429397607
decision_type=2 2 2 2 2 2 2 2 2 2 2 2 2 2 2 2 2 2 2 2
left_child=2 5 6 -4 15 8 -1 9 -2 11 -8 13 -13 14 -3 19 -17 18 -18 -5
right_child=1 7 3 4 -6 -7 10 -9 -10 -11 -12 12 -14 -15 -16 16 17 -19 -20 -21
leaf_value=-0.034946058775468879 0.043329333289846318 -0.019555945495831336 -0.035805334999163066 -0.0083734356844431916 -0.034257916816665727 0.050866069125058151 0.028225466778264034 0.030421879290540958 0.012563293366203706 -0.047816554133105107 -0.0017088781050020518 -0.0077984842871038143 0.042515398192258337 -0.048996537685648017 0.020804322710111647 0.0046831377580420922 -0.031574884995592953 -0.048184321665208793 0.019507993122148789 -0.045849116752806986
leaf_weight=20.412737026810646 56.741617418825626 64.156591102480888 116.90308733284473 76.034152925014496 87.008637979626656 78.66548465937376 122.36225771903992 31.955247044563293 167.82095247507095 22.465352401137352 65.647985309362411 31.563860490918159 28.555290564894676 23.062018603086472 33.47431617975235 285.2232690602541 26.343545943498611 40.195360794663429 35.18205152451992 38.848247960209846
leaf_count=83 357 280 533 319 396 504 615 149 790 97 299 137 128 102 145 1212 109 168 150 163
internal_value=2.9367e-05 0.0143858 -0.0084267 -0.0146391 -0.0104366 0.0282584 0.0126083 -0.00349609 0.0203379 -0.00882886 0.0177724 -0.00398373 0.016097 -0.0139876 -0.00571609 -0.00630607 -0.0019289 -0.0204704 -0.00236174 -0.0210476
internal_weight=1452.62 538.461 914.161 705.738 588.835 303.228 208.423 235.233 224.563 203.277 188.01 180.812 60.1192 120.693 97.6309 501.827 386.944 101.721 61.5256 114.882
internal_count=6736 2689 4047 3050 2517 1651 997 1038 1147 889 914 792 265 527 425 2121 1639 427 259 482
is_linear=0
shrinkage=0.0560727


Tree=27
num_leaves=21
num_cat=0
split_feature=4 5 5 5 4 4 138 4 176 161 199 297 242 319 255 317 235 324 324 22
split_gain=50.3913 38.7744 34.0092 18.2624 17.9288 17.4461 15.7716 15.5684 12.731 12.5998 11.8695 11.8592 11.5773 11.2792 11.1925 10.6878 10.1421 9.50868 9.21054 9.11391
threshold=1592.5000000000002 1703.5000000000002 1295.5000000000002 1642.5000000000002 1126.5000000000002 1772.5000000000002 588.55000000000007 1285.5000000000002 0.42340286831812263 4.7933425183407214 0.33834841628959283 0.10072463768115944 69.500000000000014 0.57750000000000001 0.6894221808014912 0.64750000000000008 0.32373653686826848 0.78100000000000014 0.62850000000000017 6.5000000000000009
decision_type=2 2 2 2 2 2 2 2 2 2 2 2 2 2 2 2 2 2 2 2
left_child=2 5 7 4 -4 6 14 12 9 13 -10 18 -1 -6 -2 -13 -3 -8 -9 -12
right_child=1 16 3 -5 8 -7 17 11 10 -11 19 15 -14 -15 -16 -17 -18 -19 -20 -21
leaf_value=0.0097466708350700745 0.04249792463342443 -0.014446300363417005 -0.044273259456437369 -0.02858638474317721 0.0051747012173378503 0.043624990773202102 0.011274961503339649 0.026017508657849475 0.037868046059657406 -0.041209317192916567 -0.017551980877580999 0.055568978622146957 -0.032647280691015704 -0.021859522304248851 0.0078790990804395358 0.012385906571472193 0.020457255596246525 -0.024006152347530011 -0.024660706459195266 0.0076917526902547809
leaf_weight=53.806613996624947 82.906105756759644 141.98572625219822 40.181980520486832 192.54907697439194 98.343067824840546 103.73606276512146 95.39838944375515 24.077480897307396 28.691705703735352 44.61771497130394 67.200675636529922 45.808599054813385 32.475948587059975 95.771012753248215 45.4865592867136 29.725139707326889 32.087738037109375 32.098100751638412 21.20553258061409 135.91261437535286
leaf_count=227 466 621 184 866 420 647 437 129 122 190 286 249 135 402 235 151 142 141 106 580
internal_value=3.12405e-05 0.0137117 -0.00798867 -0.01387 -0.00832141 0.024227 0.0163624 0.0119825 -0.00525088 -0.0143395 0.00410868 0.0249749 -0.00620825 -0.0081625 0.0302346 0.0385773 -0.0080114 0.00239138 0.00228189 -0.000659448
internal_weight=1444.07 533.699 910.367 703.268 510.719 359.625 255.889 207.099 470.537 238.732 231.805 120.817 86.2826 194.114 128.393 75.5337 174.073 127.496 45.283 203.113
internal_count=6736 2689 4047 3050 2184 1926 1279 997 2000 1012 988 635 362 822 701 400 763 578 235 866
is_linear=0
shrinkage=0.0560727


Tree=28
num_leaves=21
num_cat=0
split_feature=139 5 301 5 291 23 137 301 139 254 303 214 167 288 228 231 175 139 291 65
split_gain=46.9626 25.1749 19.0529 18.0609 16.1044 14.947 14.1229 13.2932 12.5967 12.4498 11.9123 11.899 11.3882 14.6842 13.4651 11.9146 10.2088 9.23423 10.7757 9.11269
threshold=111.92000000000006 1191.5000000000002 299.05000000000007 1657.5000000000002 1.1679487179487182 206.50000000000003 494.71000000000004 269.15000000000003 -31.300000000000008 0.33436834525688114 74.950000000000017 -0.024717079184880381 -0.097437230267470323 0.52819588721645128 0.19050000000000003 0.87609649122807032 0.64188317670904749 -100.05499999999999 1.1504716981132077 3545.5000000000005
decision_type=2 2 2 2 2 2 2 2 2 2 2 2 2 2 2 2 2 2 2 2
left_child=1 10 5 6 8 9 -2 -5 -4 11 -1 16 13 -13 -14 -16 -3 -11 -19 -8
right_child=3 2 4 7 -6 -7 19 -9 -10 17 -12 12 14 -15 15 -17 -18 18 -20 -21
leaf_value=-0.0014943784992985678 -0.0066826615696998623 -0.018031993534259289 -0.020769618787881031 -0.027185353880496081 0.03891026640197412 -0.051523696831262872 0.034723624968613892 0.028835409504586799 0.015488866575134161 -0.048575175882517113 0.038198574499636803 -0.054208348950188744 -0.012308518864940995 -7.9294457455985856e-05 -0.0084618886710935426 0.031164346969650973 0.015430122152132323 0.0015837570161664645 -0.043077695880978657 -0.0073224364146862843
leaf_weight=40.334827423095703 35.881890490651131 38.46002770960331 54.782308414578438 39.69944953918457 43.525559328496456 27.885464131832123 198.79829723387957 20.038339003920555 66.932400524616241 40.464304685592651 57.865835785865784 39.705161571502686 415.53116711974144 26.136072710156441 48.451385527849197 46.989240303635597 112.53827479481697 45.362982332706451 27.145833432674408 17.638471260666847
leaf_count=187 172 170 236 178 212 126 1147 104 317 186 297 178 1816 117 212 207 504 196 117 98
internal_value=7.11308e-05 -0.0052375 -0.00781457 0.0193308 0.0096375 -0.0111345 0.0258948 -0.00839106 -0.000829332 -0.00979476 0.0218936 -0.0071062 -0.0107746 -0.0327241 -0.00794597 0.0110461 0.00690605 -0.0271138 -0.0151346 0.0312963
internal_weight=1444.17 1132.11 1033.91 312.056 165.24 868.67 252.319 59.7378 121.715 840.784 98.2007 727.811 576.813 65.8412 510.972 95.4406 150.998 112.973 72.5088 216.437
internal_count=6777 5078 4594 1699 765 3829 1417 282 553 3703 484 3204 2530 295 2235 419 674 499 313 1245
is_linear=0
shrinkage=0.0560727


Tree=29
num_leaves=21
num_cat=0
split_feature=4 5 5 238 4 5 5 319 175 269 56 313 295 311 66 319 224 5 50 139
split_gain=54.7481 40.9296 29.3445 18.8343 16.7545 17.7686 15.1335 13.9729 12.0537 11.705 11.0918 13.2311 12.6136 10.488 15.7331 11.5458 10.7445 10.3726 11.1297 10.0445
threshold=1399.5000000000002 1438.5000000000002 1270.5000000000002 0.56646069123682752 1725.5000000000002 1957.5000000000002 1660.5000000000002 0.27350000000000008 0.66141439205955344 119.50000000000001 11.500000000000002 158.20000000000002 0.6866570760654559 0.50250000000000006 6.5000000000000009 0.6605000000000002 1.2595000000000003 1648.5000000000002 118.50000000000001 292.90500000000003
decision_type=2 2 2 2 2 2 2 2 2 2 2 2 2 2 2 2 2 2 2 2
left_child=2 8 10 4 6 -6 9 -4 19 -3 11 12 -1 14 -8 16 -15 18 -9 -2
right_child=1 3 7 -5 5 -7 13 17 -10 -11 -12 -13 -14 15 -16 -17 -18 -19 -20 -21
leaf_value=-0.009793752333877628 0.0074386819300338884 0.00073483470316004632 0.0037913646447992251 -0.019730246691140162 0.026945211774110325 -0.02227678268801456 -0.0052311020211654579 -0.028087312957877832 0.036999280803060829 0.030461200685097931 0.040427794907379785 -0.028800642427987612 0.042035877792525607 -0.011770677001313455 -0.063356174430858378 -0.026110372106420591 0.036023627081408924 -0.050066981864902375 0.012092965108618044 0.051855308294462332
leaf_weight=30.963353902101517 115.18454300612211 198.90686829388142 46.771948367357254 121.85395906865597 145.58525669574738 27.394375503063202 29.619043990969658 202.48389457166195 143.8442081362009 52.681072533130646 25.684193223714828 34.441065415740013 28.210280865430832 29.858082130551338 28.967669814825058 43.688763052225113 29.295535460114479 59.661752268671989 24.267188534140587 18.594441264867783
leaf_count=137 609 855 201 541 756 115 125 876 851 228 117 145 127 125 126 187 125 297 105 129
internal_value=7.01513e-05 0.00748409 -0.0160765 0.000327284 0.0044984 0.0191491 -0.00163721 -0.0246211 0.025731 0.00696006 0.0077862 -0.00116783 0.0149128 -0.0150371 -0.0339736 -0.00424773 0.0118966 -0.0292615 -0.0237864 0.0136137
internal_weight=1437.96 985.474 452.484 707.851 585.997 172.98 413.017 333.185 277.623 251.588 119.299 93.6147 59.1736 161.429 58.5867 102.842 59.1536 286.413 226.751 133.779
internal_count=6777 4772 2005 3183 2642 871 1771 1479 1589 1083 526 409 264 688 251 437 250 1278 981 738
is_linear=0
shrinkage=0.0560727


Tree=30
num_leaves=21
num_cat=0
split_feature=139 306 139 235 206 319 5 137 5 216 321 135 156 235 59 268 145 137 45 235
split_gain=40.4602 24.8539 17.8358 14.8771 15.5089 14.8482 15.6908 13.8455 13.7517 12.5202 14.8311 14.4305 11.9444 11.2725 10.7934 14.7446 15.9102 14.0575 10.2066 10.3967
threshold=-59.224999999999987 0.037500000000000006 273.19500000000011 0.35329985652797707 1.053030497971768 0.82500000000000007 1957.5000000000002 680.1400000000001 1204.5000000000002 0.40946348733233989 0.30250000000000005 50.500000000000007 0.22048611111111113 0.37323383084577122 1728.5000000000002 3.3115282392026582 69.950000000000017 484.86500000000007 457.50000000000006 0.35946278089887646
decision_type=2 2 2 2 2 2 2 2 2 2 2 2 2 2 2 2 2 2 2 2
left_child=5 18 3 4 8 6 9 -4 -3 -1 -11 -12 -6 -5 15 17 -17 -10 19 -2
right_child=1 2 7 13 12 -7 -8 -9 14 10 11 -13 -14 -15 -16 16 -18 -19 -20 -21
leaf_value=0.0050140407731570479 -0.01433719957222539 0.032765231416025067 -0.0035974320449797979 0.045029262852416832 -0.019375869705148534 -0.041770388896561657 -0.043686540343845955 0.049600195766875653 -0.029843410785630371 0.018237957937012036 -0.031564405655085656 0.010393000202203908 0.026278978411853539 0.01313089640325737 -0.040530637833757932 0.049405242561543057 -0.0084000276345554577 -0.0010805650458740117 -0.041969042197933432 0.027493919125691289
leaf_weight=163.00169248878956 102.09445797652006 33.033577151596546 20.859894081950188 48.437426805496216 21.196443483233452 52.938362896442413 39.483836621046066 58.522709593176842 68.467866182327271 32.842359453439713 128.05759860575199 32.2605170160532 119.98801080882549 124.1041861101985 25.028743416070938 32.640325896441936 27.646716862916946 243.22989162057638 32.475253656506538 22.86243598908186
leaf_count=710 467 179 103 240 101 239 189 394 304 146 572 145 578 613 113 155 132 1142 146 109
internal_value=6.84952e-05 0.00644981 0.0103539 0.00765715 0.00329837 -0.0138804 -0.0101482 0.0356191 -0.00199515 -0.0064297 -0.0160875 -0.0231204 0.0194235 0.0220867 -0.00488784 -0.00248915 0.0228941 -0.0073992 -0.0139624 -0.00668229
internal_weight=1429.17 980.588 823.156 743.773 571.232 448.584 395.646 79.3826 430.047 356.162 193.16 160.318 141.184 172.542 397.014 371.985 60.287 311.698 157.432 124.957
internal_count=6777 4776 4054 3557 2704 2001 1762 497 2025 1573 863 717 679 853 1846 1733 287 1446 722 576
is_linear=0
shrinkage=0.0560727


Tree=31
num_leaves=21
num_cat=3
split_feature=139 139 302 313 290 3 6 6 303 28 280 52 305 234 182 318 288 323 69 217
split_gain=36.9132 18.444 16.5256 15.623 14.5753 15.5882 14.4092 14.0395 14.246 13.878 13.6058 13.5111 12.1755 11.7835 10.7013 11.4327 10.8549 10.5498 9.62777 9.53845
threshold=111.92000000000006 -94.42499999999994 5.8500000000000005 274.65000000000003 4.1342329869770831 0 1 2 125.15000000000002 70.500000000000014 0.40946348733233989 4.5000000000000009 0.50550000000000017 0.68926328952369487 1.1674505744083394 0.86050000000000015 0.4755097960815674 0.28300000000000003 13.500000000000002 0.20611577964519143
decision_type=2 2 2 2 2 1 9 9 2 2 2 2 2 2 2 2 2 2 2 2
left_child=1 3 17 9 5 10 -6 13 18 -1 -4 -11 -8 -2 16 -16 -7 -3 -9 -13
right_child=7 2 4 -5 6 14 12 8 -10 11 -12 19 -14 -15 15 -17 -18 -19 -20 -21
leaf_value=0.0099632861028164203 0.040091442725944101 0.020328682855642165 0.0014647910849043379 -0.034654259589578816 -0.01326121137801963 -0.013454170424016062 -0.00032898568254965938 0.0014767656647375047 0.025627533408060642 -0.052949206856398486 0.035824963637550319 0.00095151755387910938 0.033907294180804938 -0.010491704773921027 0.01860757065252908 -0.02133917521570668 -0.051955514386000011 -0.020064415744398777 -0.040963804057532825 -0.032370201713082511
leaf_weight=86.574316143989563 109.13949058204889 23.346614167094231 141.69579721987247 96.826030626893044 38.555744484066963 88.535899333655834 44.900109112262726 86.190201506018639 70.759702295064926 28.533855706453323 48.687958493828773 81.540641158819199 119.7173819616437 16.689033396542072 53.913740925490856 38.691393494606018 31.124535650014877 157.13239277899265 20.87442334741354 40.381721138954163
leaf_count=378 649 102 636 448 178 392 211 446 408 125 225 366 577 94 245 176 142 693 102 184
internal_value=6.73669e-05 -0.00463325 5.49579e-05 -0.0156754 0.00449203 -0.00168574 0.0167359 0.0174082 0.00577972 -0.0079219 0.00974118 -0.0182143 0.0231613 0.0309236 -0.0118367 0.00191564 -0.0234702 -0.0148383 -0.00679655 -0.0100837
internal_weight=1423.81 1120.16 786.302 333.857 605.823 402.649 203.173 303.653 177.824 237.031 190.384 150.456 164.617 125.829 212.266 92.6051 119.66 180.479 107.065 121.922
internal_count=6777 5078 3577 1501 2782 1816 966 1699 956 1053 861 675 788 743 955 421 534 795 548 550
cat_boundaries=0 1 2 3
cat_threshold=899 97 587
is_linear=0
shrinkage=0.0560727


Tree=32
num_leaves=21
num_cat=1
split_feature=4 138 0 4 276 315 4 186 323 235 248 220 308 235 210 3 253 297 324 223
split_gain=48.5161 33.837 23.5243 22.6155 19.6518 19.3876 18.9047 14.8782 13.7803 13.7058 11.4655 14.1682 10.2298 13.3813 9.60149 9.48618 10.7769 9.4563 9.07455 10.1992
threshold=1319.5000000000002 554.62000000000012 1.0000000180025095e-35 1725.5000000000002 -1.0812733283678639 128.55000000000004 1525.5000000000002 0.16800000000000004 0.69750000000000012 0.35917467948717957 0.46195202646815553 8.9980685064500694 0.52650000000000008 0.28966437833714725 9.6598455292839613 0 0.94651994026512587 0.14608739837398377 0.79350000000000021 1.196638718497228
decision_type=2 2 2 2 2 2 2 2 2 2 2 2 2 2 2 1 2 2 2 2
left_child=5 2 6 4 12 10 8 15 14 18 -1 -12 -3 -14 -2 16 -5 -11 19 -6
right_child=1 3 -4 7 9 -7 -8 -9 -10 17 11 -13 13 -15 -16 -17 -18 -19 -20 -21
leaf_value=0.0011482694040317425 0.026088879806423122 -0.057343199125262728 -0.030091434903819624 0.0073925416296892112 0.0039441408829475992 -0.047041573335833309 0.033772402882676383 0.056017275857890979 -0.010735806255821836 0.048727714965751984 0.0011412969856455523 -0.038002201201232162 -0.044937451068803334 0.013255596328971232 -0.012185442527622539 0.016632494374909556 -0.040492910987139863 0.0042112241858793123 -0.027199516618764956 -0.019114799573165801
leaf_weight=101.24785868823528 117.99294009804726 34.837607949972153 30.884019762277603 38.32356982678175 168.80335980653763 67.982258379459381 186.11602666974068 22.511015757918358 71.565625250339508 22.042851060628891 45.001332953572273 82.101372271776199 26.582542255520821 23.318962872028351 24.961710311472416 109.19304002076387 24.046038374304771 47.005732670426369 68.585803925991058 93.829464487731457
leaf_count=442 557 156 141 197 737 325 1099 124 325 100 196 372 119 105 121 562 126 209 299 420
internal_value=-0.000596567 0.00478191 0.01706 -0.00301994 -0.00949311 -0.0207546 0.0206952 0.0131562 0.00934874 -0.0042993 -0.0129279 -0.024142 -0.0340241 -0.0177408 0.0194045 0.00753124 -0.00953767 0.0184251 -0.00903713 -0.00429342
internal_weight=1406.93 1110.6 431.52 679.08 485.006 296.333 400.636 194.074 214.52 400.267 228.351 127.103 84.7391 49.9015 142.955 171.563 62.3696 69.0486 331.219 262.633
internal_count=6732 5397 2243 3154 2145 1335 2102 1009 1003 1765 1010 568 380 224 678 885 323 309 1456 1157
cat_boundaries=0 1
cat_threshold=12
is_linear=0
shrinkage=0.0560727


Tree=33
num_leaves=21
num_cat=1
split_feature=4 3 5 260 4 5 139 165 160 86 4 302 182 114 250 273 276 220 248 306
split_gain=44.0207 36.0159 29.5678 19.3008 17.109 17.4001 15.9798 15.798 17.1087 13.2181 12.5498 11.1565 10.7301 10.3903 10.3018 10.097 11.457 9.42622 9.16425 9.07981
threshold=1506.5000000000002 0 1645.5000000000002 34.774616368076757 1158.5000000000002 1154.5000000000002 11.284999999999998 0.28068044772851058 0.51754926108374399 169.50000000000003 1686.5000000000002 69.750000000000014 1.1695370882456506 114.50000000000001 12.106226992736763 0.76515380477422046 13.295704092818612 12.500481317088363 0.46702898550724642 0.76250000000000007
decision_type=2 1 2 2 2 2 2 2 2 2 2 2 2 2 2 2 2 2 2 2
left_child=2 12 4 6 18 -6 7 13 -9 15 11 -8 14 -3 -2 16 -7 -4 -1 -18
right_child=1 3 17 -5 5 9 10 8 -10 -11 -12 -13 -14 -15 -16 -17 19 -19 -20 -21
leaf_value=-0.0079100398494120656 0.020365128650937408 -0.008989332763937959 -0.021821759949736515 -0.051020505161148429 0.030242266934148006 -0.0050130489963044001 -0.021851310609002837 0.052447768642371842 -0.012645159175955337 0.036015091138019123 0.025692313524242782 0.021939691755277903 0.036856233792038791 -0.040657322654287356 -0.021687707607191728 0.025459699466372582 -0.04775530641489107 -0.052964224962151571 -0.04489348390432437 -0.0057004662275578627
leaf_weight=38.082340523600578 153.11994262039661 117.78296792507172 69.425728812813759 23.583797857165337 49.859406284987926 303.26100151240826 45.134548686444759 24.007231593132019 26.937406599521637 23.565712690353394 107.25822314620018 30.754759907722473 125.37800513207912 45.040138840675354 20.800226554274559 27.681165099143982 39.690603464841843 54.624256327748299 47.180069252848625 27.221908509731293
leaf_count=167 827 515 320 108 262 1320 205 107 122 103 626 149 692 200 103 124 171 276 214 121
internal_value=-0.000557029 0.0091099 -0.0107811 -0.0016974 -0.00526289 -0.0010808 0.00119017 -0.0092234 0.0180264 -0.00478714 0.0133456 -0.0041025 0.0235636 -0.0177504 0.0153348 -0.00720438 -0.00964744 -0.0355365 -0.0283769 -0.0306488
internal_weight=1400.39 719.797 680.592 420.499 556.542 471.28 396.915 213.768 50.9446 421.42 183.148 75.8893 299.298 162.823 173.92 397.855 370.174 124.05 85.2624 66.9125
internal_count=6732 3654 3078 2032 2482 2101 1924 944 229 1839 980 354 1622 715 930 1736 1612 596 381 292
cat_boundaries=0 1
cat_threshold=1490
is_linear=0
shrinkage=0.0560727


Tree=34
num_leaves=21
num_cat=1
split_feature=319 302 303 235 216 172 72 187 137 137 70 96 206 162 92 51 47 99 202 69
split_gain=18.9565 19.7592 15.49 12.1295 13.7864 12.0929 10.7326 13.3132 11.455 11.0811 10.3446 11.3026 9.43127 11.8768 9.47674 8.75588 8.68815 10.0436 8.66593 9.59152
threshold=0.22450000000000003 6.2500000000000009 149.60000000000002 0.34807034684904742 0.58513575701794762 59.500000000000007 0 0.21350000000000002 877.92000000000007 567.86500000000012 45.500000000000007 2245.0000000000005 0.98441945172476852 71.500000000000014 226.50000000000003 10.500000000000002 18580.500000000004 294.50000000000006 79.500000000000014 21.500000000000004
decision_type=2 2 2 2 2 2 9 2 2 2 2 2 2 2 2 2 2 2 2 2
left_child=-1 5 3 4 6 16 8 9 10 -8 15 -12 13 14 -4 -3 17 -2 19 -5
right_child=1 2 12 18 -6 -7 7 -9 -10 -11 11 -13 -14 -15 -16 -17 -18 -19 -20 -21
leaf_value=0.022468510289477984 -0.019314917083427478 -0.0055961496386732626 0.0056310724559852261 0.021628263155126316 -0.037195417775648269 0.01919553744823415 -0.010395214743923969 0.028667143385499444 0.020421631384516199 0.011370626308263729 0.025191164700117445 -0.026293675484640955 0.032530768636709763 -0.021139834417468424 0.043452810360720899 -0.037933622021758734 -0.051144101578752522 0.020531136856990474 -0.016995680842102453 -0.019494413131914842
leaf_weight=104.27315305173397 219.77575413882732 37.743664920330048 72.196772687137127 130.79252857714891 41.376548454165459 29.06141559779644 192.55943620949984 51.602186568081379 26.164843007922173 118.97971805930138 28.811568178236485 25.07319388538599 66.429280444979668 35.483299806714058 29.282922595739365 87.126886337995529 23.912912771105766 21.864232428371906 29.930406995117664 20.643996216356754
leaf_count=511 1007 173 363 661 197 136 889 263 135 593 138 118 358 184 156 399 109 99 144 99
internal_value=-0.000527198 -0.00238783 0.00139151 -0.00215787 -0.00594641 -0.015142 -0.00366997 0.00222564 -0.0135651 -0.00208211 -0.0192996 0.00123167 0.0151925 0.00678191 0.0165467 -0.0281606 -0.0189005 -0.0157088 0.0105717 0.0160213
internal_weight=1393.08 1288.81 994.197 790.805 609.438 294.614 568.061 363.141 204.92 311.539 178.755 53.8848 203.392 136.963 101.48 124.871 265.553 241.64 181.367 151.437
internal_count=6732 6221 4870 3809 2905 1351 2708 1745 963 1482 828 256 1061 703 519 572 1215 1106 904 760
cat_boundaries=0 1
cat_threshold=781
is_linear=0
shrinkage=0.0560727


Tree=35
num_leaves=21
num_cat=1
split_feature=4 5 4 315 4 3 290 173 4 187 217 312 235 5 214 5 197 217 306 288
split_gain=39.3614 35.567 22.5141 17.4027 17.1961 16.7996 15.954 13.3446 11.9041 11.4743 11.5568 11.0944 12.8716 10.285 10.2688 10.1389 10.7482 9.86075 11.4648 9.62077
threshold=1319.5000000000002 1657.5000000000002 1832.5000000000002 128.55000000000004 1683.5000000000002 0 3.5237602745373531 1.2859536308748101 1487.5000000000002 0.23050000000000004 0.22540322580645164 0.37350000000000005 0.35758377425044097 1435.5000000000002 -0.03538153370949549 1517.5000000000002 1.5683260419004703 0.17521929824561405 0.87550000000000006 0.4770979020979022
decision_type=2 2 2 2 2 1 2 2 2 2 2 2 2 2 2 2 2 2 2 2
left_child=3 2 5 15 14 11 8 -8 -7 10 17 -2 19 -10 -3 16 -1 18 -6 -13
right_child=1 4 -4 -5 9 6 7 -9 13 -11 -12 12 -14 -15 -16 -17 -18 -19 -20 -21
leaf_value=0.0078600906334630842 -0.031354910212921153 0.0044626487503306739 0.047294243231346574 -0.044107372480539447 -0.019791105940517653 -0.0059302312538073608 0.03332292068809551 -0.013313874089794319 0.030940730606723508 0.041266029168292542 -0.038522271737388057 0.0050525276080729733 0.030684674127732764 0.003697338258794538 -0.02731788474704986 -0.032080621210586982 -0.020528286271754934 0.03629357876967175 0.021540592982918664 -0.027605111025074413
leaf_weight=95.668144747614861 40.930965192615986 39.888065040111542 51.179277911782265 66.034152388572693 54.28335465490818 133.48782083392143 158.85374438017607 21.951763227581978 81.042032964527607 22.017338171601295 23.081991732120514 74.332340858876705 36.321785494685173 94.262053079903126 160.80342641472816 56.030339956283569 74.650542467832565 24.756665825843811 34.51697301864624 45.855030529201031
leaf_count=411 184 176 398 325 244 596 834 113 497 105 104 333 174 438 720 274 325 112 158 211
internal_value=-0.000497132 0.00437298 0.0114156 -0.0187794 -0.0100943 0.00874259 0.0141426 0.0276598 0.00668546 0.00370054 -0.00235154 -0.00510499 0.00143288 0.0162928 -0.0210006 -0.0113895 -0.00458159 0.00499938 -0.00372349 -0.00740605
internal_weight=1389.95 1097.56 738.217 292.383 359.348 687.038 489.597 180.806 308.792 158.656 136.639 197.44 156.509 175.304 200.691 226.349 170.319 113.557 88.8003 120.187
internal_count=6732 5397 3778 1335 1619 3380 2478 947 1531 723 618 902 718 935 896 1010 736 514 402 544
cat_boundaries=0 1
cat_threshold=13
is_linear=0
shrinkage=0.0560727


Tree=36
num_leaves=21
num_cat=1
split_feature=4 5 5 175 203 5 4 292 4 118 273 175 150 5 321 211 324 72 229 195
split_gain=34.5973 23.8849 22.5761 14.8156 13.9254 12.8585 13.8878 13.5231 12.1438 12.8169 14.6736 13.4843 12.6316 12.4948 12.3903 12.2236 11.9995 11.239 10.286 9.92556
threshold=1504.5000000000002 1408.5000000000002 1146.5000000000002 0.68123905080426839 5.6969696969696981 1645.5000000000002 1126.5000000000002 47.500000000000007 1722.5000000000002 333.50000000000006 0.6015026879346369 0.6827332559039877 137.50000000000003 1717.5000000000002 0.6645000000000002 1.1259920634920637 0.79350000000000021 0 3.0658760107816714 0.16064516129032261
decision_type=2 2 2 2 2 2 2 2 2 2 2 2 2 2 2 2 2 9 2 2
left_child=2 3 -1 -2 8 6 -4 16 9 10 12 -11 14 -10 -3 -15 -8 -9 -16 -7
right_child=1 4 5 -5 -6 19 7 17 13 11 -12 -13 -14 15 18 -17 -18 -19 -20 -21
leaf_value=0.022956593311778305 0.01190881658731981 0.011938514928980692 -0.035465281527546876 0.047226220036927627 0.041472136942421495 -0.0030022191468622519 -0.0042785451258335631 0.039329612640574364 0.025565712078347014 -0.057251588062353587 0.036158968795989656 -0.00033574195603575151 -0.032740816264309282 -0.013496043453929893 -0.0037870352891032633 0.03246566268229923 -0.027761542002812233 -0.0011029382591162043 -0.046963750576788962 -0.040154775122103949
leaf_weight=60.430600620806217 82.482166685163975 120.54859322309494 55.439219981431961 68.271162286400795 27.774910964071751 31.150013938546181 247.14102578908205 23.55586613714695 100.8401633054018 28.571633294224739 29.788972035050392 24.160291165113449 44.014947786927223 75.61054989695549 61.653450593352318 23.956802368164062 94.617914989590645 67.79717592895031 24.145518586039543 82.551005408167839
leaf_count=303 529 536 259 476 131 147 1075 107 592 127 136 107 199 341 271 111 413 301 106 413
internal_value=-0.000494826 0.00808862 -0.00971496 0.0279041 0.00276408 -0.0129935 -0.00904042 -0.00565758 0.000747742 -0.00581728 -0.00104316 -0.0311777 -0.0054703 0.0116532 0.00034592 -0.00243551 -0.0107805 0.0135057 -0.0159399 -0.0299778
internal_weight=1374.5 711.819 662.683 150.753 561.066 602.252 488.551 433.112 533.291 332.883 280.151 52.7319 250.363 200.408 206.348 99.5674 341.759 91.353 85.799 113.701
internal_count=6680 3662 3018 1005 2657 2715 2155 1896 2526 1482 1248 234 1112 1044 913 452 1488 408 377 560
cat_boundaries=0 1
cat_threshold=816
is_linear=0
shrinkage=0.0560727


Tree=37
num_leaves=21
num_cat=1
split_feature=4 4 321 138 0 171 313 120 3 286 4 313 303 108 86 200 270 236 68 264
split_gain=30.9134 15.1652 15.7801 16.3937 13.9932 12.8659 12.202 10.9951 12.5164 17.398 14.1694 11.6359 10.9655 10.4293 9.37984 13.1296 12.7761 10.5372 11.8507 9.3687
threshold=1315.5000000000002 1800.5000000000002 0.83150000000000002 915.56500000000017 1.0000000180025095e-35 1.2395652173913045 53.20000000000001 13.500000000000002 0 0.8586530183417217 1495.5000000000002 63.050000000000004 124.05000000000001 386.50000000000006 125.50000000000001 0.47559523809523813 0.90990259740259749 0.35599078341013829 18.500000000000004 65.450000000000017
decision_type=2 2 2 2 2 2 2 2 1 2 2 2 2 2 2 2 2 2 2 2
left_child=6 2 3 7 -3 13 -1 8 11 10 -10 -2 -12 -4 15 17 -16 18 -9 -8
right_child=1 4 5 -5 -6 -7 19 14 9 -11 12 -13 -14 -15 16 -17 -18 -19 -20 -21
leaf_value=0.019966184512114418 0.039532942387128484 0.030270042028655433 -0.01582866733699085 -0.04013212694191267 -0.0090613553040101748 0.011699711356293522 -0.0052395606315445604 -0.032536684002286681 -0.01171470936450921 0.028877857052600611 0.0038504499492323231 -0.0069707214631149067 0.037027194857074487 -0.056466130869767553 0.033088018583110286 0.020593898844113907 -0.019482453210179045 -0.047854913468608179 0.017807610694572897 -0.028334623267038846
leaf_weight=25.308456495404243 18.704357855021954 112.48980714380741 76.848032437264919 25.365341424942017 38.056770600378513 38.293706700205803 81.624835669994354 32.746065340936184 92.645755857229233 169.73882073909044 79.483079016208649 176.96081282198429 51.708945393562317 26.784155808389187 35.847232028841972 25.459172032773495 24.443641811609268 37.647860296070576 26.672603696584702 170.88128364086151
leaf_count=110 99 721 357 125 181 184 368 150 416 876 401 803 271 123 162 121 112 170 128 802
internal_value=-0.00045164 0.00380436 0.00115624 0.00422245 0.0203264 -0.0160703 -0.0171489 0.00567992 0.00940727 0.0149593 0.00507232 -0.0024016 0.0169283 -0.0263334 -0.00633292 -0.015243 0.0117718 -0.0246442 -0.00993483 -0.0208696
internal_weight=1367.71 1089.9 939.35 797.424 150.547 141.926 277.815 772.058 589.242 393.577 223.838 195.665 131.192 103.632 182.817 122.526 60.2909 97.0665 59.4187 252.506
internal_count=6680 5400 4498 3834 902 664 1280 3709 2866 1964 1088 902 672 480 843 569 274 448 278 1170
cat_boundaries=0 1
cat_threshold=297
is_linear=0
shrinkage=0.0560727


Tree=38
num_leaves=21
num_cat=2
split_feature=4 5 5 139 188 122 323 321 175 5 2 290 150 5 173 2 320 310 323 40
split_gain=28.0577 21.9411 19.8815 15.1112 12.1235 14.1182 12.8064 11.5209 15.2729 14.5746 10.96 11.7587 10.3025 10.266 12.4442 12.8564 11.7754 11.9129 9.97204 9.47546
threshold=1504.5000000000002 1319.5000000000002 1146.5000000000002 266.35500000000008 3.4506097560975615 1416.0000000000002 0.86250000000000016 0.80550000000000022 0.7181292885518239 1934.5000000000002 0 -0.23905255541182693 75.500000000000014 1459.5000000000002 1.2534560731579258 1 0.58150000000000002 0.76600000000000013 0.51150000000000018 7.5000000000000009
decision_type=2 2 2 2 2 2 2 2 2 2 1 2 2 2 2 1 2 2 2 2
left_child=2 -2 -1 7 6 12 13 9 -9 10 11 -3 -6 16 15 -15 18 19 -4 -18
right_child=1 3 4 -5 5 -7 -8 8 -10 -11 -12 -13 -14 14 -16 -17 17 -19 -20 -21
leaf_value=0.022052998333240155 0.035238942231667784 -0.0041120140258082069 0.0049173753512283258 0.033280843798711178 -0.048010766781067249 -0.061698301249048834 -0.039918833284144292 -0.026750995260639246 0.019091233511608432 -0.02484329018446025 -0.0061588149276318987 0.021107590889394793 -0.0051543082408369327 0.013805667477924074 -0.048719982907802516 -0.016520088198205326 -0.03941003210189116 0.012234788198810371 0.042782862585223791 0.0048815788477502894
leaf_weight=59.890218496322632 78.795347787439823 79.047530569136143 62.604787766933441 50.399052418768406 24.223137386143208 29.262423858046532 36.237039729952812 85.367380782961845 31.197606787085533 45.533314272761345 114.23497315496206 219.54179283976555 64.898324802517891 53.573624268174171 27.684832155704498 149.16817460954189 43.30544625222683 50.435364559292793 33.615204699337482 23.379092186689377
leaf_count=303 597 371 285 337 111 140 165 389 149 212 535 1072 299 242 125 676 189 228 152 103
internal_value=-0.000425934 0.00735446 -0.00874836 0.00384052 -0.0118314 -0.0279032 -0.00786728 0.0012594 -0.0144803 0.00526253 0.00858354 0.0139629 -0.0168047 -0.0052496 -0.013456 -0.00863972 0.00361331 -0.00832618 0.0181478 -0.0238794
internal_weight=1362.39 704.117 658.278 625.322 598.387 118.384 480.004 574.923 116.565 458.358 412.824 298.589 89.1215 443.767 230.427 202.742 213.34 117.12 96.22 66.6845
internal_count=6680 3662 3018 3065 2715 550 2165 2728 538 2190 1978 1443 410 2000 1043 918 957 520 437 292
cat_boundaries=0 1 2
cat_threshold=910 517
is_linear=0
shrinkage=0.0560727


Tree=39
num_leaves=21
num_cat=1
split_feature=139 321 172 299 2 138 311 138 272 154 147 318 316 285 174 153 187 302 320 183
split_gain=18.7611 14.9072 15.3465 13.7352 18.0929 16.6508 15.5207 14.1119 12.0863 11.3303 11.2332 10.8576 11.028 10.6949 10.9949 11.7652 10.4925 9.60037 14.3901 9.94993
threshold=16.614999999999984 0.82050000000000012 53.500000000000007 7.5000000000000009 0 554.62000000000012 0.36350000000000005 229.01000000000002 1.8370899366133411 -0.16088233373764596 0.13850000000000004 0.94450000000000001 18.950000000000003 -0.019550722882273674 0.23517895799968669 2.3351958424198842 0.13050000000000003 6.2500000000000009 0.064500000000000016 -1.6184999999999998
decision_type=2 2 2 2 1 2 2 2 2 2 2 2 2 2 2 2 2 2 2 2
left_child=1 9 -3 4 5 -2 8 -8 -6 -1 17 12 -7 -11 15 -15 -17 -9 -19 -20
right_child=3 2 -4 -5 6 11 7 10 -10 13 -12 -13 -14 14 -16 16 -18 18 19 -21
leaf_value=-0.03367430425016233 0.048323919207127961 -0.032662663029806256 0.016951870401840933 0.025350933623722677 -0.049886633697153175 -0.010301420926244635 -0.041192054012244642 -0.017326007572918141 -0.0012524323710661059 -0.017972378590775998 -0.022547053629230464 -0.024540251511707349 0.034885845788911865 0.0021865195587416411 0.019917558330858037 -0.05391760319190577 -0.0033114667505017379 0.057211027207725827 0.046406276636952466 0.0043589709583903499
leaf_weight=35.030808515846729 45.833024509251118 106.56653273105621 24.015031777322292 105.37200612574816 36.817944727838039 26.831872053444386 22.354730881750584 34.392172433435917 28.516938835382462 95.912306316196918 39.163657493889332 24.967930071055889 46.231246337294579 346.47029329836369 92.477699406445026 23.722343817353249 28.204444833099842 22.281635016202927 20.050456345081329 150.71072351187468
leaf_count=166 303 493 111 596 173 149 103 160 139 448 189 128 247 1571 435 112 130 125 104 798
internal_value=-0.000406054 -0.00631344 -0.0235369 0.00695827 0.00306741 0.0190972 -0.00387107 0.00159983 -0.0286618 -0.00269624 0.00518868 0.00737893 0.018289 -0.00084657 0.00249934 -0.00154347 -0.0264339 0.00996545 0.0148285 0.00929716
internal_weight=1355.92 752.399 130.582 603.524 498.152 143.864 354.288 288.953 65.3349 621.818 266.599 98.031 73.0631 586.787 490.875 398.397 51.9268 227.435 193.043 170.761
internal_count=6680 3466 604 3214 2618 827 1791 1479 312 2862 1376 524 396 2696 2248 1813 242 1187 1027 902
cat_boundaries=0 1
cat_threshold=520
is_linear=0
shrinkage=0.0560727


Tree=40
num_leaves=21
num_cat=3
split_feature=4 3 2 139 201 235 3 149 305 151 238 263 319 306 105 115 319 323 319 320
split_gain=31.8225 19.3326 16.7448 16.3891 14.3517 14.6347 13.455 11.5058 14.8016 12.0238 14.2526 10.1259 9.78176 10.6109 9.57469 9.37227 11.4021 11.0099 9.33994 9.01548
threshold=1315.5000000000002 0 1 -171.03999999999994 -5.3970210702114576 0.36023255813953492 2 2.6708496732026146 0.67100000000000015 2.1908263305322135 0.21373373824601535 -1.7354999999999998 0.23650000000000002 0.0065000000000000014 16.500000000000004 55.500000000000007 0.68250000000000022 0.80750000000000022 0.25550000000000006 0.72450000000000003
decision_type=2 1 1 2 2 2 1 2 2 2 2 2 2 2 2 2 2 2 2 2
left_child=6 2 7 -3 -5 12 11 8 -2 14 -11 -1 -6 -14 -9 17 -17 -15 -13 -10
right_child=1 3 -4 4 5 -7 -8 9 19 10 -12 18 13 15 -16 16 -18 -19 -20 -21
leaf_value=0.022935869035852055 -0.019423865337298007 -0.026023516378051448 0.026104217585660644 0.036699813036991567 0.03309254425256946 0.021110958103676719 -0.036315047072425471 0.015807778695721711 0.035435547938328128 0.022780866270039946 -0.043916270192745299 0.022008571943406101 -0.038417972311569383 -0.0051259689722263878 0.054938376205459216 -0.0023399391108362829 0.043068588462368877 -0.038796391802025425 -0.01749688386681103 -0.0091323351687619056
leaf_weight=29.044217884540558 97.143262632191181 77.15936229377985 188.56510987877846 34.44401128590107 19.365638814866543 78.089426815509796 66.02728471159935 125.16955073177814 33.276940174400806 19.022163063287735 21.408296346664429 21.373427927494049 32.363630905747414 189.90686462074518 23.330265879631042 56.538184888660908 25.103248469531536 36.388182051479816 157.06138874590397 24.977344065904617
leaf_count=130 454 363 1070 179 99 397 330 613 168 101 106 94 145 910 126 283 127 166 725 121
internal_value=0.00110239 0.00542115 0.0128963 -0.00202754 0.00185025 -0.000891499 -0.0159861 0.00513017 -0.00602201 0.0145754 -0.012532 -0.00740849 -0.00566907 -0.00787542 0.0219567 -0.00466486 0.0116206 -0.010541 -0.0127639 0.0163238
internal_weight=1355.76 1082.25 532.893 549.359 472.199 437.755 273.506 344.328 155.398 188.93 40.4305 207.479 359.666 340.3 148.5 307.936 81.6414 226.295 178.435 58.2543
internal_count=6707 5428 2759 2669 2306 2127 1279 1689 743 946 207 949 1730 1631 739 1486 410 1076 819 289
cat_boundaries=0 1 2 3
cat_threshold=1490 1488 1265
is_linear=0
shrinkage=0.0560727


Tree=41
num_leaves=21
num_cat=0
split_feature=4 5 139 319 4 5 201 264 108 65 311 37 162 159 208 253 147 303 315 218
split_gain=28.7411 23.4713 13.8663 14.7687 13.2495 12.5392 11.4443 10.9565 10.5212 11.4789 13.3394 11.4638 11.5626 10.3617 9.61192 9.37667 9.13615 8.65792 8.59751 8.53592
threshold=1315.5000000000002 1550.5000000000002 -179.38499999999996 0.22450000000000003 1657.5000000000002 1483.5000000000002 -4.6660280965650047 70.450000000000017 629.50000000000011 2779.5000000000005 0.40150000000000008 86.500000000000014 79.500000000000014 0.44246532156368229 0.52353266888150618 0.98163194594734249 0.10850000000000001 70.850000000000009 109.55000000000001 0.31686991869918707
decision_type=2 2 2 2 2 2 2 2 2 2 2 2 2 2 2 2 2 2 2 2
left_child=5 4 -3 -4 -2 7 19 17 9 11 -11 12 -8 -12 -6 -16 -9 -1 -7 -5
right_child=1 2 3 6 14 18 8 16 -10 10 13 -13 -14 -15 15 -17 -18 -19 -20 -21
leaf_value=-0.013666259504339704 0.0089544012860005798 -0.024012140173648562 0.03987178209418759 0.052680255222462148 0.040430932307002551 -0.01573028396827799 -0.0041570722104012593 -0.0069995554280414349 0.031010103642595838 -0.060324502377041241 0.012409814891668664 0.015509293358668717 -0.047005750670595807 -0.033104595155240446 0.033644456410615475 -0.028851136873178519 -0.04706280994839495 0.017941666713103974 -0.05085330777383968 0.0016721556404973522
leaf_weight=48.194887474179268 414.38819808512926 83.372145459055901 28.574300050735474 19.987993210554123 83.155758380889893 45.43408365547657 177.07013080269098 42.953511089086533 24.406670540571213 24.068321734666824 30.25268779695034 86.33951535820961 22.295262098312378 32.744726493954659 15.652936398983003 14.576640792191027 30.693214431405067 62.680937275290489 42.35872507840395 21.328662805259228
leaf_count=209 2069 390 133 99 597 226 804 188 114 110 138 400 101 152 118 103 138 275 243 100
internal_value=0.00104236 0.00515336 -0.00294736 0.000812408 0.0136023 -0.0152342 -0.00173256 -0.00693353 -0.00465461 -0.00699018 -0.0248147 -0.00155773 -0.00894981 -0.0112451 0.0305873 0.0035039 -0.0236988 0.00420106 -0.0326787 0.0263529
internal_weight=1350.53 1078.21 550.44 467.068 527.774 272.315 438.494 184.523 397.177 372.771 87.0657 285.705 199.365 62.9974 113.385 30.2296 73.6467 110.876 87.7928 41.3167
internal_count=6707 5428 2541 2151 2887 1279 2018 810 1819 1705 400 1305 905 290 818 221 326 484 469 199
is_linear=0
shrinkage=0.0560727


Tree=42
num_leaves=21
num_cat=2
split_feature=139 301 323 72 70 122 165 22 260 299 213 30 285 308 310 318 296 132 72 45
split_gain=26.3932 16.3216 15.0994 13.0594 13.9266 12.5271 11.9903 16.111 11.5142 11.4709 10.064 10.354 10.0358 11.096 9.73506 9.64144 11.2316 8.85517 8.84468 14.4699
threshold=10.345000000000001 276.40000000000003 0.40150000000000008 0 53.500000000000007 1475.5000000000002 0.26703462016836482 52.500000000000007 28.210424878094855 8.5000000000000018 1.0749056965787678 21.500000000000004 0.11855620118270609 0.86950000000000005 0.50950000000000017 0.90050000000000019 0.36882591093117417 17.500000000000004 1 470.50000000000006
decision_type=2 2 2 9 2 2 2 2 2 2 2 2 2 2 2 2 2 2 9 2
left_child=2 9 15 6 5 12 7 17 -3 18 11 -9 -5 14 -14 16 -1 -4 19 -2
right_child=1 8 3 4 -6 -7 -8 10 -10 -11 -12 -13 13 -15 -16 -17 -18 -19 -20 -21
leaf_value=-0.018590802139656911 0.020416883025445566 0.031117287711436882 -0.054320372385411403 -0.011484171070451365 0.031775183829825429 -0.045780095183010724 0.00038260982450607226 0.011498864243823204 -0.016583417776400149 0.031317884475569199 -0.041263250700818467 -0.033953253172715907 0.0041629069273429247 -0.021769956656326164 0.047847146005940221 0.036189866235589015 0.015423129568033205 -0.01311193397994722 -0.0051595320142469106 -0.017107567279328391
leaf_weight=50.695229306817055 134.2694843262434 133.25234912335873 69.331593342125416 152.02425729483366 33.468993283808231 23.40764319896698 65.682454168796539 54.076954759657383 18.063043095171452 44.728016443550587 27.587349332869053 22.237149968743324 35.05277056992054 22.220246776938438 29.584096938371658 32.295441590249538 76.704422734677792 21.488800525665283 255.48897456377745 42.544021859765053
leaf_count=229 710 824 326 690 158 112 305 251 104 257 130 106 163 104 141 149 359 106 1272 211
internal_value=0.000989304 0.00937587 -0.00637181 -0.0107357 -0.00221131 -0.00663309 -0.01958 -0.02732 0.025422 0.00428564 -0.0122382 -0.00174345 -0.00279636 0.0124079 0.0241598 0.00882518 0.00188692 -0.0445721 0.00148835 0.0107775
internal_weight=1344.2 628.346 715.857 556.162 295.758 262.289 260.404 194.722 151.315 477.03 103.901 76.3141 238.881 86.8571 64.6369 159.695 127.4 90.8204 432.302 176.814
internal_count=6707 3378 3329 2592 1368 1210 1224 919 928 2450 487 357 1098 408 304 737 588 432 2193 921
cat_boundaries=0 1 2
cat_threshold=591 634
is_linear=0
shrinkage=0.0560727


Tree=43
num_leaves=21
num_cat=1
split_feature=4 5 235 5 29 120 130 2 192 312 40 86 146 71 146 146 99 114 300 139
split_gain=25.2807 20.7948 12.2757 11.2113 11.0693 13.5009 11.8488 11.2423 10.976 10.6841 10.3539 11.5171 9.94612 9.69429 9.61707 9.1117 9.1081 10.4156 12.7413 10.5869
threshold=1315.5000000000002 1450.5000000000002 0.36023255813953492 1483.5000000000002 587.50000000000011 9.5000000000000018 13.500000000000002 0 1.6746119389665652 0.83700000000000008 10.500000000000002 57.500000000000007 0.030500000000000003 28.500000000000004 0.11350000000000002 0.044500000000000005 363.50000000000006 159.50000000000003 10.402040989081067 10.345000000000001
decision_type=2 2 2 2 2 2 2 1 2 2 2 2 2 2 2 2 2 2 2 2
left_child=3 4 14 9 5 6 7 13 -7 10 11 -1 -10 15 16 -2 17 18 19 -3
right_child=1 2 -4 -5 -6 8 -8 -9 12 -11 -12 -13 -14 -15 -16 -17 -18 -19 -20 -21
leaf_value=-0.012107682556095916 -0.0014348070638922075 -0.014403860007632449 0.017273674380988993 -0.031111130543956776 0.053966005592390731 -0.030054644255856543 0.065336364070505748 0.029983703892683778 0.047137000375268565 0.019766703287726249 0.011215800629723688 -0.055077313282394236 -0.0061864751698366667 -0.03051096616240637 -0.030703329635822854 0.035094980667994678 0.028516882387760185 -0.022812296607965337 0.015171857835842038 0.0048416453602811447
leaf_weight=80.628897979855537 61.119715370237827 196.85332447290421 104.91072974354029 86.016535833477974 22.931375660002232 34.214792244136333 17.26993503421545 95.887898571789265 16.290680944919586 38.298286065459251 38.956368744373322 25.922393500804901 33.838411144912243 21.277458764612675 38.221659138798714 33.086004443466663 29.81738954782486 74.489687383174896 124.56441713869572 165.34615872055292
leaf_count=353 319 874 499 469 155 179 112 648 94 169 172 116 194 115 175 182 140 352 592 798
internal_value=0.000935792 0.00480337 -0.000483552 -0.0144025 0.0163593 0.0136034 0.0206768 0.017027 -0.00556947 -0.00658228 -0.0135186 -0.0225633 0.0111394 0.00337846 -0.00344417 0.0113932 -0.00168115 -0.00328578 -0.000297272 -0.00561774
internal_weight=1339.94 1070.12 734.203 269.822 335.916 312.985 228.641 211.371 84.3439 183.806 145.508 106.551 50.1291 115.483 629.293 94.2057 591.071 561.254 486.764 362.199
internal_count=6707 5428 3430 1279 1998 1843 1376 1264 467 810 641 469 288 616 2931 501 2756 2616 2264 1672
cat_boundaries=0 1
cat_threshold=1233
is_linear=0
shrinkage=0.0560727


Tree=44
num_leaves=21
num_cat=3
split_feature=5 301 311 2 315 299 3 188 308 188 189 294 293 302 3 274 212 214 5 214
split_gain=27.9927 15.6653 10.7895 11.8392 16.7632 11.9807 11.7272 12.9893 11.4662 13.6321 10.8232 10.8254 10.6714 10.4171 10.2179 13.1174 10.9498 12.0523 10.02 9.78996
threshold=1146.5000000000002 299.05000000000007 0.32450000000000007 0 31.500000000000004 6.5000000000000009 1 2.9682372505543242 0.63850000000000018 2.9877500000000006 119.50000000000001 1.0000000180025095e-35 1.0071705452323032 69.750000000000014 2 0.37161172161172168 27.500000000000004 0.015113710160257102 1797.5000000000002 -0.024717079184880381
decision_type=2 2 2 1 2 2 1 2 2 2 2 2 2 2 1 2 2 2 2 2
left_child=-1 2 6 4 -4 10 7 -2 9 -7 -5 -12 -10 -8 16 18 -3 -18 -16 -6
right_child=1 14 3 5 19 8 13 -9 12 -11 11 -13 -14 -15 15 -17 17 -19 -20 -21
leaf_value=0.031932552552705919 0.020392734718086468 0.040857170700760635 0.052089328458527616 -0.0092624530786490911 0.017466312239168832 -0.033213097693917712 -0.020941473913422534 -0.031749112243803369 0.04109547951730981 0.014510815986285787 -0.015174272924220222 -0.058062828983707702 -0.0012376304190429453 -0.06186892143924394 -0.0015505509427664857 0.038091307062604322 -0.031147541106314323 0.023560496549920398 -0.047291309679321068 -0.0035377776340551766
leaf_weight=78.922066152095795 44.295872211456299 57.33285991102457 21.96341922134161 239.64772945642471 92.84845656901598 40.897862941026688 87.187254510819912 22.728345356881618 37.018196888267994 34.852714061737061 43.075990483164787 32.456786252558231 37.866918824613094 25.216001570224762 60.803995959460735 19.751864269375801 18.433454342186451 40.421614833176136 20.017524182796478 280.69242718070745
leaf_count=477 209 323 118 1114 479 198 414 106 171 169 208 156 184 126 346 108 100 227 90 1390
internal_value=-0.000460638 -0.0024938 -0.00535007 -0.00274404 0.00437181 -0.00869337 -0.0178591 0.00235693 0.00412691 -0.0112533 -0.015097 -0.0336061 0.019687 -0.0276635 0.0112194 -0.00260971 0.0215604 0.00642303 -0.0128817 0.00168265
internal_weight=1336.43 1257.51 1040.75 861.321 395.504 465.816 179.427 67.0242 150.636 75.7506 315.181 75.5328 74.8851 112.403 216.761 100.573 116.188 58.8551 80.8215 373.541
internal_count=6713 6236 5042 4187 1987 2200 855 315 722 367 1478 364 355 540 1194 544 650 327 436 1869
cat_boundaries=0 1 2 3
cat_threshold=558 240 1427
is_linear=0
shrinkage=0.0560727


Tree=45
num_leaves=21
num_cat=1
split_feature=5 4 139 3 105 59 159 238 187 220 80 183 50 300 31 299 238 190 229 137
split_gain=25.2946 21.2857 15.8645 11.2109 10.5064 14.4127 11.3013 9.82683 10.1659 9.71602 12.2489 9.80227 9.68168 9.38804 9.591 9.5249 8.60195 7.82132 13.1213 7.58463
threshold=1146.5000000000002 1399.5000000000002 266.35500000000008 0 15.500000000000002 1649.5000000000002 0.63045310853530034 0.61507289679065213 0.11950000000000001 11.114636785031706 6.5000000000000009 -1.8494999999999997 113.50000000000001 8.8875716283461603 16.500000000000004 6.5000000000000009 0.029704843034570095 0.63762626262626265 2.9370899470899476 706.18500000000006
decision_type=2 2 2 1 2 2 2 2 2 2 2 2 2 2 2 2 2 2 2 2
left_child=-1 9 3 -3 5 6 7 12 -9 10 17 -11 -5 16 15 -15 -13 -2 -19 -4
right_child=1 2 19 4 -6 -7 -8 8 -10 11 -12 13 -14 14 -16 -17 -18 18 -20 -21
leaf_value=0.030594260538339975 -0.01813621047515275 0.0153520040680692 -0.0020354839869405352 -0.0062520969394147729 0.019456447240062621 -0.047076531573331144 0.02647986807489049 -0.057478204049321614 -0.010993229879210493 -0.052578434914836686 0.03372948357443567 -0.0063185755910717366 0.012974010564723 -0.014736069999847839 -0.0339629090146455 0.034740374902758005 -0.044950662248651012 0.038657105232176928 -0.018843123797253756 0.039410117648512995
leaf_weight=77.788570702075958 116.20729447156191 118.99187505245209 19.133440092206001 400.57016640901566 61.617755360901356 24.37322860211134 38.065408661961555 20.824902288615704 51.100033216178417 29.638561569154263 22.731133691966534 28.772630661725998 103.65947800129652 23.305491343140602 21.122779279947281 25.744789592921734 49.004691772162914 23.693990126252174 26.354701191186905 50.520121857523918
leaf_count=477 529 607 105 1906 328 114 187 99 241 147 104 134 524 111 103 117 254 108 121 397
internal_value=-0.000433433 -0.0023561 0.00233259 0.000148025 -0.00261734 -0.00478849 -0.00311014 -0.00506539 -0.0244549 -0.0137254 -0.0048751 -0.0231429 -0.00229927 -0.0172449 -0.00237192 0.0112292 -0.0306615 -0.0101543 0.00837547 0.028023
internal_weight=1333.22 1255.43 888.856 819.203 700.211 638.593 614.22 576.155 71.9249 366.576 188.987 177.589 504.23 147.95 70.1731 49.0503 77.7773 166.256 50.0487 69.6536
internal_count=6713 6236 4508 4006 3399 3071 2957 2770 340 1728 862 866 2430 719 331 228 388 758 229 502
cat_boundaries=0 1
cat_threshold=18
is_linear=0
shrinkage=0.0560727


Tree=46
num_leaves=21
num_cat=2
split_feature=4 139 3 227 72 193 320 202 70 45 254 229 231 291 250 51 321 308 319 322
split_gain=14.375 15.3161 11.7396 14.0557 10.7937 10.7665 10.4296 9.43811 9.3238 9.86428 9.16367 12.4066 9.35348 8.85642 8.92066 8.5042 8.48013 10.2511 11.6222 10.6532
threshold=1399.5000000000002 273.19500000000011 0 0.17850000000000002 1 0.65345024356842574 0.056000000000000008 72.500000000000014 55.500000000000007 508.50000000000006 0.33009751193812714 3.669990103908956 2.2261107729762633 1.025978407557355 2.1871657889497063 67.500000000000014 0.84650000000000014 0.68500000000000016 0.37150000000000005 0.021500000000000002
decision_type=2 2 1 2 9 2 2 2 2 2 2 2 2 2 2 2 2 2 2 2
left_child=4 2 13 5 8 10 -6 -7 9 -1 16 -12 -13 -2 -15 -3 17 18 -4 -19
right_child=1 15 3 -5 6 7 -8 -9 -10 -11 11 12 -14 14 -16 -17 -18 19 -20 -21
leaf_value=0.0035561222827704916 0.0063285902346171524 0.037789256620342541 0.012661916736722305 0.036510745816427478 0.014841077652403497 0.0029605509794243937 -0.021024808067291876 0.049954334437872443 0.035603423915839913 -0.036290621084886794 -0.042334866897761086 -0.02716277050770631 0.024670038978912727 0.064885387551175594 0.015668868858417395 -0.013341810468068696 -0.02107047460975553 -0.030201298446236077 -0.01380447824555632 0.013811323550324429
leaf_weight=120.32476852089167 78.453700982034206 57.612232729792595 70.42546758800745 29.425365105271339 28.86477468162775 36.98788158595562 217.84856420010328 21.110672987997532 22.913992822170258 23.317947380244732 45.500443920493126 21.303858272731304 22.513420403003693 20.504937402904034 26.626945741474628 12.429381288588045 67.323375292122364 19.073302254080772 201.17795162647963 184.84635181725025
leaf_count=560 396 447 358 167 133 182 1045 103 108 112 217 100 105 126 143 87 317 97 988 922
internal_value=-0.000403428 0.0035156 0.00142744 -0.00142227 -0.00908372 -0.00306019 -0.0161724 0.0200393 0.00225131 -0.00291131 -0.0051834 -0.0218269 -0.000527299 0.0165545 0.0370847 0.0287134 -0.00244463 0.000192059 -0.00694126 0.00969381
internal_weight=1328.59 915.315 845.274 719.688 413.27 690.263 246.713 58.0986 166.557 143.643 632.164 89.3177 43.8173 125.586 47.1319 70.0416 542.846 475.523 271.603 203.92
internal_count=6713 4755 4221 3556 1958 3389 1178 285 780 672 3104 422 205 665 269 534 2682 2365 1346 1019
cat_boundaries=0 1 2
cat_threshold=18 1200
is_linear=0
shrinkage=0.0560727


Tree=47
num_leaves=21
num_cat=1
split_feature=5 302 256 297 311 319 115 288 187 3 53 253 267 291 264 150 192 247 304 100
split_gain=22.6655 11.2664 12.0864 12.3517 10.2877 9.40812 13.1504 9.99084 11.0875 12.9045 11.7638 9.15172 8.82244 7.2632 6.61949 6.2949 5.68068 5.578 7.34478 7.69449
threshold=1146.5000000000002 190.10000000000002 0.62279616455304676 0.37089947089947095 0.92250000000000021 0.22450000000000003 19.500000000000004 0.64334637964774966 0.15350000000000003 0 7.5000000000000009 0.91262980465098875 0.21950000000000003 0.90521114106019784 68.050000000000011 92.500000000000014 1.6640127301540506 -0.03802844943735318 13.450000000000001 129.50000000000003
decision_type=2 2 2 2 2 2 2 2 2 1 2 2 2 2 2 2 2 2 2 2
left_child=17 2 3 4 5 6 -2 8 9 -7 -10 -9 13 -4 -8 -13 -6 -1 -19 -20
right_child=1 -3 12 -5 16 7 14 11 10 -11 -12 15 -14 -15 -16 -17 -18 18 19 -21
leaf_value=0.053268680599044119 -0.010363288694594462 0.030773689874074132 -0.065227661465409981 -0.037213630586829659 0.0052615619435538458 0.0024520471159571273 0.05972551449205965 0.0026373993210990023 0.014536979271148137 -0.014308245272598882 -0.0077144253811655787 -0.015502035448519297 0.0021787230615217582 -0.020288293519669438 0.017762352014403904 -0.052181000217264822 0.044414873796675802 0.050791244636311746 0.027647908351388799 -0.023429593654845451
leaf_weight=21.773816712200642 34.303781263530254 31.761800222098827 20.2127720490098 29.954278022050858 23.062420018017292 278.94544500112534 19.996631622314453 33.040825091302395 211.11250703036785 289.8929540142417 115.60102872550488 28.837494134902954 23.470423258841038 25.700491957366467 28.941399745643139 30.067978538572788 23.568326070904732 16.62004292011261 21.981798909604549 16.0362488925457
leaf_count=143 171 184 96 150 110 1344 101 173 1110 1424 565 147 112 127 149 156 117 90 148 96
internal_value=-0.000379229 -0.00219377 -0.00305452 -0.00168003 -0.00072729 -0.00185024 0.0162527 -0.00337641 -0.00156901 -0.00629753 0.00666327 -0.0209785 -0.0257805 -0.0400764 0.0349127 -0.0342277 0.0250544 0.0292657 0.0196969 0.00609884
internal_weight=1324.88 1248.47 1216.71 1147.33 1117.37 1070.74 83.2418 987.498 895.552 568.838 326.714 91.9463 69.3837 45.9133 48.938 58.9055 46.6307 76.4119 54.6381 38.018
internal_count=6713 6236 6052 5717 5567 5340 421 4919 4443 2768 1675 476 335 223 250 303 227 477 334 244
cat_boundaries=0 1
cat_threshold=279
is_linear=0
shrinkage=0.0560727


Tree=48
num_leaves=21
num_cat=0
split_feature=4 5 315 61 69 32 106 169 155 215 5 278 4 159 155 317 300 279 324 200
split_gain=17.0965 20.5191 12.4315 11.0032 10.7832 13.0234 10.7507 12.2824 10.1559 9.06231 9.00117 11.0232 10.9002 10.9661 16.5068 15.2694 13.2909 11.5496 9.32994 8.60393
threshold=1315.5000000000002 1411.5000000000002 129.05000000000004 19.500000000000004 14.500000000000002 2336.0000000000005 35.500000000000007 0.456832298136646 0.36127844712182067 0.50384615384615394 1858.5000000000002 0.21622082146786037 1768.5000000000002 0.63045310853530034 0.31096096096096099 0.48850000000000005 12.660978930654945 0.51449579831932779 0.67650000000000021 0.37089947089947095
decision_type=2 2 2 2 2 2 2 2 2 2 2 2 2 2 2 2 2 2 2 2
left_child=2 4 3 -1 9 -6 -5 8 -8 -2 12 -12 13 14 16 17 -3 -16 -14 -20
right_child=1 10 -4 6 5 -7 7 -9 -10 -11 11 -13 18 -15 15 -17 -18 -19 19 -21
leaf_value=-0.025672630888538866 0.0030607661012855038 -0.0037284569592586593 -0.036732175881539937 0.026004849781816788 -0.022314435600637107 0.034571929158672229 0.016673183912565712 -0.045756544504204036 -0.026528126947297503 0.028884368356162152 -0.028516150564956343 0.016631494895894442 0.032157840338538538 0.024868529967944041 0.024000408433793627 -0.029346535737880937 0.023006590717759748 -0.023816810929817914 0.01646395059792314 -0.034924012256705231
leaf_weight=69.642782516777515 60.111578963696957 272.68123359978199 58.570151001214981 40.375350967049599 42.674566991627216 17.985162168741226 50.891255646944046 21.558438844978809 25.772637948393822 147.87169051170349 76.439158901572227 21.862826079130173 55.369324922561646 40.581407681107521 37.703425869345665 131.31617947667837 74.419462718069553 27.43849216401577 27.880263663828373 16.1932268217206
leaf_count=327 351 1205 318 186 241 122 231 101 124 978 376 109 352 180 171 581 338 119 174 97
internal_value=-0.00123408 0.00198503 -0.0139095 -0.00748944 0.0153545 -0.00544523 0.00164618 -0.00836516 0.00214771 0.0214216 -0.00260828 -0.0184734 -0.000326565 -0.00324827 -0.00534776 -0.0183361 0.00200318 0.00385677 0.0168342 -0.00241326
internal_weight=1317.34 1050.53 266.811 208.24 268.643 60.6597 138.598 98.2223 76.6639 207.983 781.885 98.302 683.583 584.14 543.559 196.458 347.101 65.1419 99.4428 44.0735
internal_count=6681 5394 1287 969 1692 363 642 456 355 1329 3702 485 3217 2594 2414 871 1543 290 623 271
is_linear=0
shrinkage=0.0560727


Tree=49
num_leaves=21
num_cat=1
split_feature=4 5 315 78 69 32 204 207 137 197 289 3 310 137 308 218 219 4 315 186
split_gain=15.3211 18.45 11.3699 10.2439 9.759 11.6705 11.4932 9.37091 10.541 8.78633 9.58423 10.5914 10.8479 10.5226 10.4919 11.8275 10.2157 14.7558 12.0045 10.3047
threshold=1315.5000000000002 1411.5000000000002 129.05000000000004 1.5000000000000002 14.500000000000002 2336.0000000000005 0.72077922077922085 0.34331685067588263 360.63000000000005 2.4001768278442976 0.34178433889602061 0 0.99450000000000005 484.86500000000007 0.60300000000000009 0.35665362035225051 3.5000000000000004 1657.5000000000002 42.250000000000007 0.047500000000000007
decision_type=2 2 2 2 2 2 2 2 2 2 2 1 2 2 2 2 2 2 2 2
left_child=2 4 3 -1 6 -6 -2 8 -5 10 11 12 13 -3 15 -15 17 -12 -18 -20
right_child=1 9 -4 7 5 -7 -8 -9 -10 -11 16 -13 -14 14 -16 -17 18 -19 19 -21
leaf_value=-0.031150391342097648 0.010213377530136014 -0.035391840848891881 -0.035222965835179608 0.028713678904245702 -0.020868029078229718 0.033267127330948901 0.037613045960543795 -0.032767328654478914 -0.0050343635393564068 -0.038572669875000271 0.0041422276758553925 -0.017490443198272945 0.03113109973616391 0.0056153639396660116 0.016983110286678507 -0.038470448046774089 0.038007988353215429 0.052941779128481782 -0.027465766013194677 0.0015866543064124176
leaf_weight=43.87300031632185 128.78707034140825 28.701546177268028 57.68078550696373 41.317795224487782 43.062097609043121 17.652265511453152 76.883186049759388 24.321885362267494 98.387051150202751 20.629922583699226 52.740680806338787 172.62685191631317 32.075470380485058 46.49821962416172 72.821804329752922 32.505826614797115 23.897174194455147 30.901145368814468 46.485063314437866 220.26354745030403
leaf_count=205 811 122 318 189 241 122 518 118 457 100 233 813 147 218 349 153 119 178 215 1055
internal_value=-0.00116805 0.00188416 -0.013196 -0.00708387 0.0146253 -0.00512581 0.0204567 -0.000645615 0.00494556 -0.00246617 -0.00148521 -0.00769412 0.00103352 -0.00425605 0.00162898 -0.0125216 0.00490479 0.0221732 -6.41792e-05 -0.00347562
internal_weight=1312.11 1046.53 265.581 207.9 266.385 60.7144 205.67 164.027 139.705 780.147 759.517 385.23 212.603 180.527 151.826 79.004 374.288 83.6418 290.646 266.749
internal_count=6681 5394 1287 969 1692 363 1329 764 646 3702 3602 1802 989 842 720 371 1800 411 1389 1270
cat_boundaries=0 1
cat_threshold=1873
is_linear=0
shrinkage=0.0560727


Tree=50
num_leaves=21
num_cat=1
split_feature=4 5 72 315 289 137 250 323 215 224 193 296 29 278 308 102 229 237 268 282
split_gain=14.1421 17.0929 12.9483 12.5041 11.6729 11.4369 10.7947 10.6006 11.0779 12.3972 10.5393 11.2366 10.8678 10.5031 9.55182 9.17462 10.4173 9.36948 8.82406 8.63622
threshold=1495.5000000000002 1550.5000000000002 0 114.45000000000002 0.38138528138528144 600.8850000000001 16.881565335878538 0.37650000000000006 0.71919968460477046 1.7105000000000004 0.49888088694396077 0.34514106583072107 311.50000000000006 -1.0000000180025095e-35 0.98150000000000015 4.5000000000000009 3.0803225806451615 1.5542420219416788 3.0763265306122451 72.500000000000014
decision_type=2 2 9 2 2 2 2 2 2 2 2 2 2 2 2 2 2 2 2 2
left_child=2 6 3 10 -3 13 -2 -6 9 -9 11 -1 -12 -4 -15 17 -17 -13 -5 -7
right_child=1 4 5 18 7 19 -8 8 -10 -11 12 15 -14 14 -16 16 -18 -19 -20 -21
leaf_value=-0.0087756531481917848 0.017156236718839639 -0.010377463759739913 -0.055159834254777031 -0.0026160129146001795 0.043317051700217601 -0.010900447158042273 -0.030079055949352278 0.021814807176157341 -0.029764660245099682 -0.025197778509518487 0.0084520038440646702 -0.017882540518132928 -0.04061078750537888 -0.025833458960398067 0.0094186712639671086 0.01949044166347727 0.067215116706243042 0.02969249678778001 -0.040276568251844003 0.023266179067950421
leaf_weight=40.894313082098961 278.8027427084744 258.05381289124489 29.842739522457123 50.450120769441128 24.127161182463169 100.30655061453581 16.086896523833275 78.113288126885891 26.130536794662476 22.77563887834549 34.666207745671272 23.306368932127953 24.033393338322639 120.04420813173056 30.250301092863083 31.957274898886681 26.165564224123955 29.469355277717113 31.959197856485844 30.281321302056313
leaf_count=188 1784 1201 157 242 121 476 93 382 121 102 165 114 114 566 145 151 121 139 156 143
internal_value=-0.00111183 0.00428714 -0.00740962 0.00124936 -0.00312918 -0.0151258 0.0145788 0.00924481 0.00277141 0.0112001 0.00854169 0.0163446 -0.0116332 -0.0247721 -0.0187371 0.0256092 0.0409782 0.00867979 -0.0172233 -0.00297643
internal_weight=1307.72 704.09 603.627 292.902 409.2 310.725 294.89 151.147 127.019 100.889 210.492 151.793 58.6996 180.137 150.295 110.899 58.1228 52.7757 82.4093 130.588
internal_count=6681 3804 2877 1390 1927 1487 1877 726 605 484 992 713 279 868 711 525 272 253 398 619
cat_boundaries=0 1
cat_threshold=1264
is_linear=0
shrinkage=0.0560727


Tree=51
num_leaves=21
num_cat=1
split_feature=4 5 0 155 317 312 204 324 310 301 186 151 272 272 2 296 252 246 255 234
split_gain=13.3396 15.4492 14.6174 12.9551 13.1054 12.9531 10.2044 15.3392 9.64536 8.91881 8.80384 14.0012 12.4161 12.2236 10.9882 10.5334 8.48447 9.02165 9.0672 8.43487
threshold=1823.5000000000002 1858.5000000000002 1.0000000180025095e-35 0.31686991869918707 0.15250000000000002 0.6795000000000001 0.80625000000000013 0.76850000000000007 0.96350000000000013 406.10000000000008 0.080500000000000016 1.8588039867109638 1.9242962569825641 1.4772388417327236 0 0.42526595744680856 33.500000000000007 0.83862601962439909 0.58195386702849394 0.27839798690546763
decision_type=2 2 2 2 2 2 2 2 2 2 2 2 2 2 1 2 2 2 2 2
left_child=1 3 -2 9 -5 16 7 8 -7 10 11 12 13 14 -1 -15 17 18 -6 -18
right_child=2 -3 -4 4 5 6 -8 -9 -10 -11 -12 -13 -14 15 -16 -17 19 -19 -20 -21
leaf_value=0.018792754316721214 0.028767642177036749 -0.030176675246826518 -0.014787603092341124 0.031602032899602964 0.0020105903892225362 0.018038897034188088 0.01646335846541196 -0.039984909482659016 -0.026435941991615523 0.037594576816380315 0.010696645117301539 -0.034534557720072398 0.018301695149331523 -0.060622933536430341 -0.0071032947125807154 -0.01102959745173568 -0.047580598484296618 0.011828457262252311 -0.040743323123613423 -0.017998838291451665
leaf_weight=64.00684878975153 87.368208974599838 61.722413443028927 33.51632122695446 23.728927060961723 28.136652573943138 49.781747110188007 71.528230883181095 37.259190626442432 22.153048455715179 23.232122600078583 244.53406200557947 39.346173845231533 93.800743497908115 20.200529672205448 159.73576872050762 40.420062467455864 50.505541823804379 42.118242219090462 34.97398617118597 75.847835749387741
leaf_count=316 633 341 163 116 138 246 350 179 111 134 1245 196 459 97 740 206 254 208 172 377
internal_value=-0.00105192 -0.00286499 0.0166902 -0.00136147 -0.00891741 -0.0112498 0 -0.0107831 0.00434008 0.00344606 0.00224747 -0.00270081 0.000610964 -0.005224 0.000826638 -0.0275586 -0.0200295 -0.00826654 -0.0216799 -0.0298246
internal_weight=1303.92 1183.03 120.885 1121.31 436.033 412.304 180.722 109.194 71.9348 685.276 662.044 417.51 378.164 284.363 223.743 60.6206 231.582 105.229 63.1106 126.353
internal_count=6681 5885 796 5544 2151 2035 886 536 357 3393 3259 2014 1818 1359 1056 303 1149 518 310 631
cat_boundaries=0 1
cat_threshold=776
is_linear=0
shrinkage=0.0560727


Tree=52
num_leaves=21
num_cat=2
split_feature=4 235 139 274 324 208 2 311 3 318 4 21 264 267 305 319 312 168 100 25
split_gain=15.358 14.2296 11.2093 11.7135 10.5912 10.4786 10.7441 9.85889 9.52751 10.7432 10.7486 9.22857 9.18125 8.19282 10.9511 8.01456 7.99527 9.48591 10.1138 9.20938
threshold=1592.5000000000002 0.3521927016645327 254.03500000000003 0.38208556149732625 0.93500000000000016 0.52907369844489527 0 0.74750000000000016 1 0.093500000000000014 1399.5000000000002 1.0000000180025095e-35 67.15000000000002 0.10450000000000001 0.53250000000000008 0.5675 0.32950000000000007 0.53504749426793319 68.500000000000014 5.5000000000000009
decision_type=2 2 2 2 2 2 1 2 1 2 2 2 2 2 2 2 2 2 2 2
left_child=4 2 3 5 8 6 -2 -6 -1 -10 -11 -3 -7 14 -8 -5 -12 18 -18 -20
right_child=1 11 -4 15 7 12 13 -9 9 10 16 -13 -14 -15 -16 -17 17 -19 19 -21
leaf_value=0.0034136693677602583 -0.011562372463383907 0.039363751159469086 0.030936260069066208 0.043634350837515448 -0.036069022891052814 0.0057611296324633753 -0.023133897919020846 0.0090459382760162514 0.00735172686781664 -0.030061425823846258 -0.038990597135455649 -0.0038569869344879898 -0.040704895571258171 0.03162942380032558 0.02068753221970426 0.0041382059582281815 0.027489465371102171 -0.023043089571745945 -0.032634902909638115 0.013125707292823346
leaf_weight=403.39489768445492 105.01048538088799 64.326921619474888 42.070224814116955 29.071016237139702 57.617889136075974 19.961893022060394 32.08841960132122 20.694161430001259 90.432776927947998 95.510732017457485 20.821306280791759 20.46881266310811 40.45254547894001 45.793729431927204 40.635342136025429 36.377124592661858 45.10580350458622 45.687905885279179 25.950337931513786 29.593409515917301
leaf_count=1976 526 416 365 151 281 111 163 100 430 485 94 127 212 249 213 180 198 211 121 138
internal_value=6.86917e-05 0.00810369 0.00359223 0.00029922 -0.00451506 -0.00462949 0.000969891 -0.0241452 -0.00248273 -0.00905952 -0.0150552 0.0289289 -0.0253492 0.0120354 0.00134965 0.0216844 -0.00647988 -0.00185294 0.00776439 -0.00825111
internal_weight=1311.07 476.257 391.461 349.391 834.809 283.942 223.528 78.3121 756.497 353.102 262.669 84.7957 60.4144 118.517 72.7238 65.4481 167.159 146.337 100.65 55.5437
internal_count=6747 2713 2170 1805 4034 1474 1151 381 3653 1677 1247 543 323 625 376 331 762 668 457 259
cat_boundaries=0 1 2
cat_threshold=77 1264
is_linear=0
shrinkage=0.0560727


Tree=53
num_leaves=21
num_cat=1
split_feature=4 72 162 239 139 188 59 314 301 265 247 300 239 214 87 285 194 292 276 194
split_gain=13.8715 11.3489 12.0534 11.2023 10.6543 9.94728 9.66429 9.53769 8.89765 8.96541 15.0198 11.1923 11.4309 11.1204 10.7652 10.3493 10.9113 9.82439 8.84962 9.6578
threshold=1233.5000000000002 0 79.500000000000014 0.26057176891006556 266.35500000000008 3.6580182926829274 1728.5000000000002 7.7500000000000009 406.10000000000008 0.033500000000000009 0.087284438266897399 7.6932262872914015 0.61452058232931739 -0.041559632026387759 57.500000000000007 0.0912244287826703 0.31096096096096099 36.500000000000007 11.603400273798803 0.35149985149985158
decision_type=2 9 2 2 2 2 2 2 2 2 2 2 2 2 2 2 2 2 2 2
left_child=5 3 4 -2 8 -1 -5 -4 9 10 17 15 14 -12 -13 16 -11 -3 19 -9
right_child=1 2 7 6 -6 -7 -8 18 -10 11 13 12 -14 -15 -16 -17 -18 -19 -20 -21
leaf_value=-0.0094467190752080387 -0.0082263178584817374 -0.0062527870116250023 0.01650688150303627 0.024487945248168205 0.027939036707073525 -0.048160915709321239 -0.016575553966883629 -0.055895993980557196 0.028316734633945597 -0.014348536465208898 -0.066482452223073113 0.01084229584872465 -0.018078617074838366 -0.01681956889259505 0.043399363455942412 -0.042703557437826598 0.013517329217433038 0.023536311277864593 0.0025678330725622828 -0.0120760197102698
leaf_weight=133.62766612321138 58.18950530141592 239.23002248257399 20.263191182166338 164.38876554742455 45.692776031792164 24.733307339251041 20.233676873147488 36.700865909457207 33.456547394394875 85.745573684573174 19.888751395046711 97.045034945011139 27.168375678360462 49.404142066836357 47.607495278120041 19.835455439984798 91.142357341945171 40.735151156783104 24.503548882901669 27.8062684237957
leaf_count=662 298 1119 110 924 370 131 101 187 190 419 96 481 137 245 249 96 448 216 128 140
internal_value=6.34075e-05 0.00220774 -0.000735862 0.0127017 0.00165042 -0.0154944 0.0199867 -0.0182081 5.12706e-05 -0.00126597 -0.00770348 0.00483422 0.0152902 -0.0310768 0.0215586 -0.00429734 8.5715e-06 -0.00191784 -0.0261128 -0.0370098
internal_weight=1307.4 1149.04 906.226 242.812 796.952 158.361 184.622 109.274 751.259 717.802 349.258 368.544 171.821 69.2929 144.653 196.723 176.888 279.965 89.0107 64.5071
internal_count=6747 5954 4631 1323 4066 793 1025 565 3696 3506 1676 1830 867 341 730 963 867 1335 455 327
cat_boundaries=0 1
cat_threshold=178
is_linear=0
shrinkage=0.0560727


Tree=54
num_leaves=21
num_cat=0
split_feature=4 5 4 235 169 312 174 5 5 243 188 138 308 178 310 316 243 95 114 264
split_gain=13.418 13.8201 12.4148 13.5738 11.3092 9.75755 8.93229 9.94788 8.91878 9.10316 8.71766 8.62843 8.58221 8.38854 8.03217 9.01259 8.43737 7.86928 7.41189 7.46175
threshold=1858.5000000000002 1756.5000000000002 1233.5000000000002 0.35604829347573724 0.41967741935483877 0.35550000000000004 0.067478915072716375 1957.5000000000002 1204.5000000000002 6.261111111111112 3.6580182926829274 257.36000000000007 0.6775000000000001 0.49341991341991348 0.75600000000000012 28.050000000000004 5.2678571428571432 13.500000000000002 37.500000000000007 65.950000000000017
decision_type=2 2 2 2 2 2 2 2 2 2 2 2 2 2 2 2 2 2 2 2
left_child=1 2 10 8 12 -5 7 -2 17 11 18 -10 -3 -7 15 -13 -16 -4 -1 -20
right_child=6 4 3 5 -6 13 -8 -9 9 -11 -12 14 -14 -15 16 -17 -18 -19 19 -21
leaf_value=-0.022390195041996349 0.022550341724770821 -0.020438147553884022 0.037602905685469312 -0.011897896828496082 -0.034476492906030137 0.02811649026660135 0.038083905183656772 -0.029615192521981748 -0.031594814060555518 -0.037714111080959123 -0.04552364540503917 -0.015851217109164675 0.01591710217260895 -0.0047849073142607699 0.0039385115203987775 0.0028079642691071732 0.034242285062914921 -0.009853345788896125 0.032029823995583954 -0.0080581688290933973
leaf_weight=61.983216889202595 32.030930150300264 43.817136824131012 34.231796186417341 31.96771477162838 67.587321519851685 131.28284488618374 45.970535963773727 17.924812510609627 27.51882141828537 21.815535314381123 23.419614218175411 145.81673001497984 38.223380394279957 29.906896684318781 249.24027401953936 184.1797941327095 32.678019605576992 16.171315722167492 21.184240497648716 46.949112571775913
leaf_count=301 219 224 245 170 338 703 346 80 129 99 122 705 189 176 1227 867 160 110 100 237
internal_value=6.15762e-05 -0.00154123 0.000713759 0.0032156 -0.0174922 0.0163982 0.0202469 0.00382928 -0.000362222 -0.00209552 -0.0140289 -0.000880044 -0.00349797 0.022011 0.000501014 -0.00543656 0.00745175 0.0223739 -0.00835871 0.00440391
internal_weight=1303.9 1207.97 1058.35 904.81 149.628 193.157 95.9263 49.9557 711.652 661.249 153.536 639.434 82.0405 161.19 611.915 329.997 281.918 50.4031 130.117 68.1334
internal_count=6747 6102 5351 4591 751 1049 645 299 3542 3187 760 3088 413 879 2959 1572 1387 355 638 337
is_linear=0
shrinkage=0.0560727


Tree=55
num_leaves=21
num_cat=0
split_feature=4 57 87 68 138 301 118 321 228 195 291 4 229 304 315 152 272 155 128 43
split_gain=12.885 11.1322 11.3964 10.3386 10.0118 9.77509 12.0477 9.69458 9.61432 13.1147 11.5089 13.5873 10.162 11.4102 10.0914 9.17332 8.92187 8.65187 9.45098 10.246
threshold=1592.5000000000002 7.5000000000000009 72.500000000000014 17.500000000000004 556.49000000000012 303.65000000000003 358.50000000000006 0.41350000000000003 0.11850000000000001 0.46966911764705888 0.83469945355191266 1255.5000000000002 2.5415650406504069 37.550000000000004 87.550000000000011 12.500000000000002 2.1028596848305603 0.40936473165388837 2472.5000000000005 31.500000000000004
decision_type=2 2 2 2 2 2 2 2 2 2 2 2 2 2 2 2 2 2 2 2
left_child=7 3 16 4 -2 6 -4 17 9 -9 12 -12 -10 -14 15 -13 -3 18 19 -1
right_child=1 2 5 -5 -6 -7 -8 8 10 -11 11 14 13 -15 -16 -17 -18 -19 -20 -21
leaf_value=0.0094869217660531798 0.026400534478747979 -0.035801099569813553 -0.028534403051425603 0.039668193130565278 0.0029717588063532668 0.041846690685543995 0.026414618648955904 -0.011607443607803814 0.0091224197243829144 -0.054544001585570746 -0.018331957846470452 0.00083293450856880731 -0.012644456164959671 -0.065172148840192221 0.003062114956414791 0.046692085152760486 0.0065836708272364779 -0.028651808750948294 -0.0063221016285941543 0.046248464663442693
leaf_weight=100.47818584740162 79.106639690697193 46.888072911649942 27.408334296196699 40.524267747998238 208.56153154745698 21.377650272101164 23.13271040469408 267.48966743052006 27.215030752122402 24.410664804279804 55.808753944933414 20.478744842112064 33.968836896121502 21.075622044503689 105.58738111704588 41.564013727009296 23.402474984526634 21.087774217128754 78.948817573487759 31.259718328714371
leaf_count=491 597 239 156 249 1072 142 129 1273 131 126 280 99 169 101 503 216 129 104 383 158
internal_value=5.96826e-05 0.00747292 -0.00563039 0.0131512 0.0094151 0.0100608 -0.00338095 -0.00414475 -0.00792031 -0.0151987 -0.000969865 0.00563098 -0.0189014 -0.0327598 0.0136099 0.0315579 -0.0216873 0.00558933 0.00901738 0.0182113
internal_weight=1299.77 470.402 142.209 328.192 287.668 71.9187 50.541 829.373 597.599 291.9 305.698 223.439 82.2595 55.0445 167.63 62.0428 70.2905 231.774 210.687 131.738
internal_count=6747 2713 795 1918 1669 427 285 4034 2898 1399 1499 1098 401 270 818 315 368 1136 1032 649
is_linear=0
shrinkage=0.0560727


Tree=56
num_leaves=21
num_cat=1
split_feature=5 304 4 234 4 253 2 4 288 226 300 146 171 297 178 41 78 32 196 240
split_gain=12.9349 14.3081 10.8511 11.0443 9.90177 8.4522 8.81496 8.37796 9.50885 9.07568 10.1003 9.62162 8.7399 9.94917 7.49592 7.83438 7.78241 8.11556 6.95541 7.4046
threshold=1470.5000000000002 59.750000000000007 1029.5000000000002 -0.15070922974159454 1706.5000000000002 1.0595264883354554 0 1522.5000000000002 0.6408253205128206 0.064500000000000016 4.7167839697671523 0.10050000000000002 1.2823299888517281 0.17047223663726002 0.55634920634920648 14.500000000000002 17.500000000000004 1454.5000000000002 14.587737121911035 0.44543650793650796
decision_type=2 2 2 2 2 2 1 2 2 2 2 2 2 2 2 2 2 2 2 2
left_child=1 2 -1 -4 -5 -3 -7 12 9 11 -11 14 18 -14 15 16 17 -9 -2 -20
right_child=7 5 3 4 -6 6 -8 8 -10 10 -12 -13 13 -15 -16 -17 -18 -19 19 -21
leaf_value=-0.040245425182852367 -0.012061772966430219 0.034594378911932809 -0.033455253390240983 0.0038506690264304947 0.04057030847786311 0.023009452086771555 -0.022783409945341081 -0.0017780342933602987 -0.029134610480288512 -0.0029648430172332673 0.036937184527202439 -0.036996923113644983 0.029067568034307982 -0.013429580313720201 -0.029442235520089965 0.031729328507789999 -0.028070681399887793 0.022785195041491783 -0.014911587310739645 -0.059306765260893811
leaf_weight=18.280680499970913 194.24615934491158 78.709925200790167 23.350182175636292 345.6863844320178 24.743633817881346 16.852365273982286 16.039307102560997 195.65718760341406 32.365118682384491 35.717271707952023 45.148724563419819 22.502101860940456 31.561123006045818 38.38268705457449 23.738881357014179 27.653118215501308 27.169061653316021 53.949742056429386 24.855185024440289 22.531762912869453
leaf_count=87 941 522 132 1770 239 114 104 931 163 176 236 105 148 188 125 132 131 269 130 123
internal_value=1.29525e-07 0.00680896 0.00198491 0.00394585 0.00630392 0.024619 0.000742821 -0.00459751 0.000178611 0.0023775 0.0193112 -0.00152704 -0.0117091 0.00574441 0.000904659 0.00327164 0.000427746 0.00353043 -0.0167619 -0.0360246
internal_weight=1299.14 523.662 412.061 393.78 370.43 111.602 32.8917 775.478 463.901 431.536 80.866 350.67 311.577 69.9438 328.168 304.429 276.776 249.607 241.633 47.3869
internal_count=6766 2968 2228 2141 2009 740 218 3798 2268 2105 412 1693 1530 336 1588 1463 1331 1200 1194 253
cat_boundaries=0 1
cat_threshold=1558
is_linear=0
shrinkage=0.0560727


Tree=57
num_leaves=21
num_cat=0
split_feature=123 73 56 144 177 32 32 147 95 115 157 225 152 71 288 138 18 227 22 134
split_gain=9.2295 10.7022 18.0614 12.5486 10.5096 10.415 9.04975 8.88702 9.68966 11.8309 8.52067 8.22031 7.98969 8.1644 7.81229 8.86162 8.7422 8.67729 8.63668 7.72486
threshold=1756.5000000000002 160.50000000000003 19.500000000000004 0.94150000000000011 0.22611077297626295 1940.5000000000002 2591.5000000000005 0.097500000000000017 27.500000000000004 68.500000000000014 1.4574108309849414 69.250000000000014 14.500000000000002 54.500000000000007 0.65160027238678941 393.11000000000007 6.5000000000000009 0.18450000000000003 48.500000000000007 39.500000000000007
decision_type=2 2 2 2 2 2 2 2 2 2 2 2 2 2 2 2 2 2 2 2
left_child=1 5 7 -4 19 14 -5 8 9 -3 -7 -11 -9 -14 16 -16 17 -1 -18 -2
right_child=4 2 3 6 -6 10 -8 12 -10 11 -12 -13 13 -15 15 -17 18 -19 -20 -21
leaf_value=-0.00079880148469360255 -0.00099348093780393947 -0.021964588171475414 -0.028134010903742859 0.037583261657400585 -0.012134487050375014 0.053992827966180067 -0.0056423559907345013 -0.065154959746788255 -0.037350148326310499 -0.0055218134464383502 0.0041412214384633633 0.045616520926305783 -0.048348876385841164 -0.0035111250907452676 0.015901823402625581 -0.029770828710817019 -0.0025028990279356831 0.030900017731723919 0.044800712171909229 0.043995611138082404
leaf_weight=750.13505746796727 16.838263623416424 40.587319031357765 20.609301567077637 42.194422736763954 25.399036258459091 21.077093750238419 23.818920485675335 21.270899146795273 31.606755681335926 18.964760296046734 22.080692797899246 20.626777611672878 23.789421424269676 27.579359278082848 18.085940293967724 51.038310654461384 21.150644704699516 28.171014562249184 28.451831698417664 41.70166602358222
leaf_count=3867 100 201 105 222 133 115 130 111 164 94 127 103 117 142 103 273 108 163 147 241
internal_value=1.74186e-06 -0.00124421 -0.0110608 0.0100581 0.0179826 0.00158566 0.0219842 -0.0209811 -0.0110566 -0.000689353 0.0284915 0.0211169 -0.0362515 -0.0242794 0.000290979 -0.0178185 0.00180319 0.00034836 0.0246273 0.0310524
internal_weight=1295.18 1211.24 271.048 86.6226 83.939 940.191 66.0133 184.425 111.786 80.1789 43.1578 39.5915 72.6397 51.3688 897.033 69.1243 827.909 778.306 49.6025 58.5399
internal_count=6766 6292 1389 457 474 4903 352 932 562 398 242 197 370 259 4661 376 4285 4030 255 341
is_linear=0
shrinkage=0.0560727


Tree=58
num_leaves=21
num_cat=1
split_feature=5 304 56 139 312 282 304 227 203 300 285 187 72 272 290 310 253 185 321 93
split_gain=11.1788 12.8764 9.82944 8.98285 8.1128 8.84191 8.01868 10.2814 9.95247 9.58134 9.6464 9.26754 8.92389 10.5852 8.49675 7.95488 7.84582 8.79136 7.41133 7.32612
threshold=1470.5000000000002 59.750000000000007 13.500000000000002 137.88000000000002 0.56950000000000001 61.500000000000007 30.350000000000005 0.15150000000000002 5.6306818181818192 -1.481745060038564 0.34177880362509205 0.24250000000000002 0 1.6416252074186095 6.1811691963810569 0.10550000000000001 1.0595264883354554 0.03450000000000001 0.5485000000000001 430.50000000000006
decision_type=2 2 2 2 2 2 2 2 2 2 2 2 9 2 2 2 2 2 2 2
left_child=1 2 3 -1 -5 -6 9 8 -8 -2 11 12 13 -11 -14 -4 -3 -18 -15 -17
right_child=6 16 15 4 5 -7 7 -9 -10 10 -12 -13 14 18 -16 19 17 -19 -20 -21
leaf_value=-0.0066487296653777598 -0.030892596312158339 0.033142117128286769 -0.0071270701393217565 0.034968105739575997 -0.033853787354750961 0.026201767227332508 -0.0038542697942441262 0.031154215415198593 0.034310852929966933 -0.047313732191625157 -0.038607874581556498 0.03327954436623666 -0.0028615613685936347 0.021012403947551519 0.035701846348051319 0.053880819768044576 -0.028805467132794332 0.029295353196853908 -0.024612297207754954 0.010377634966626128
leaf_weight=273.73680179566145 61.38175792992115 77.254512146115303 22.124341383576393 34.868117682635784 15.774423494935037 15.071064885705708 389.01577555388212 32.199039988219738 22.738108798861504 32.106409095227718 26.24756333231926 20.469076462090015 121.62716140598059 19.382455818355083 21.075765661895275 25.850592348724604 16.292850442230701 16.46009736135602 26.492656663060188 23.021168559789658
leaf_count=1333 314 522 123 273 98 105 1891 167 113 160 131 102 588 94 101 163 100 118 137 133
internal_value=2.79234e-06 0.00635539 0.00178891 -0.00217909 0.0164371 -0.00450556 -0.00427561 0.00063962 -0.00174626 -0.0109131 -0.00632614 -0.0028118 -0.00616017 -0.0200481 0.00264733 0.020763 0.0233917 0.000388366 -0.00533211 0.0333922
internal_weight=1293.19 520.454 410.447 339.45 65.7136 30.8455 772.736 443.953 411.754 328.783 267.401 241.154 220.684 77.9815 142.703 70.9961 110.007 32.7529 45.8751 48.8718
internal_count=6766 2968 2228 1809 476 203 3798 2171 2004 1627 1313 1182 1080 391 689 419 740 218 231 296
cat_boundaries=0 1
cat_threshold=1260
is_linear=0
shrinkage=0.0560727


Tree=59
num_leaves=21
num_cat=1
split_feature=139 137 4 87 5 81 55 138 155 270 53 76 3 266 186 270 319 313 316 312
split_gain=10.5305 15.6661 10.3001 13.021 8.96562 8.3404 9.52588 8.00733 7.97449 7.63002 6.78429 12.7361 9.16559 10.0126 8.98106 8.43237 8.33682 8.29648 7.81437 7.69131
threshold=353.67000000000002 671.2750000000002 1072.5000000000002 175.50000000000003 1470.5000000000002 10.500000000000002 388.50000000000006 939.04000000000008 0.32903064623584283 0.60749299719887961 8.5000000000000018 8.5000000000000018 0 0.10250000000000001 0.093500000000000014 0.86159003831417635 0.55950000000000022 192.35000000000005 7.7000000000000002 0.78500000000000014
decision_type=2 2 2 2 2 2 2 2 2 2 2 2 1 2 2 2 2 2 2 2
left_child=2 -2 -1 4 10 6 7 -6 -5 -8 12 17 13 18 -14 -15 -13 -12 -4 -20
right_child=1 -3 3 8 5 -7 9 -9 -10 -11 11 16 14 15 -16 -17 -18 -19 19 -21
leaf_value=-0.029331264127615695 -0.021248571354483055 0.052472260892515159 0.034395623891202876 0.04602224418838062 -0.0032705418589780606 0.025006728964402172 -0.0057642382773744902 -0.034492903339955631 0.00097868843444846214 -0.053234475899333847 -0.029261071169372588 -0.0059899197019956558 0.0097600505476066971 -0.054225108122864157 0.037547005470584101 -0.0036542935379710343 0.041763400994251326 0.009031325979024004 -0.013451759698269113 0.026950194633161621
leaf_weight=38.8487334176898 13.55981972068548 27.313841976225376 26.934665586799383 30.340277779847383 628.0621499568224 27.943081066012383 19.42282946407795 26.934809342026711 20.862539563328028 23.581378184258938 61.179535649716854 22.488615706562996 104.12200198322535 17.170366860926151 56.391729608178139 26.182296764105558 23.501251503825188 25.07544182986021 48.650989186018705 21.30041902884841
leaf_count=207 66 277 161 173 3025 143 98 144 111 119 319 120 579 95 354 152 123 119 264 117
internal_value=4.88534e-06 0.0280115 -0.000911522 7.03825e-07 -0.00122173 -0.00503077 -0.00623351 -0.00455474 0.0276726 -0.0317987 0.00516395 -0.00541991 0.00981835 -0.00120278 0.0183783 -0.0236876 0.0184092 -0.0181271 0.00873258 -0.00114682
internal_weight=1289.87 40.8737 1248.99 1210.14 1158.94 725.944 698.001 654.997 51.2028 43.0042 432.997 132.245 300.752 140.239 160.514 43.3527 45.9899 86.255 96.8861 69.9514
internal_count=6766 343 6423 6216 5932 3529 3386 3169 284 217 2403 681 1722 789 933 247 243 438 542 381
cat_boundaries=0 1
cat_threshold=1349
is_linear=0
shrinkage=0.0560727


Tree=60
num_leaves=21
num_cat=2
split_feature=4 311 5 322 285 56 4 3 323 309 137 5 137 312 174 312 143 3 50 311
split_gain=16.8699 10.7697 14.1843 12.2323 10.6012 10.5135 10.9111 10.3854 9.64934 9.71533 9.38725 8.75466 9.63291 8.32486 8.18063 9.51434 8.44358 9.21485 8.09844 9.88493
threshold=1725.5000000000002 0.40650000000000003 1340.5000000000002 0.082000000000000017 0.12280790028178429 20.500000000000004 1531.5000000000002 0 0.55150000000000021 0.6885 335.55000000000007 1517.5000000000002 706.18500000000006 0.27950000000000008 0.21351293701762 0.47150000000000003 1.481343498523142 1 121.50000000000001 0.82150000000000001
decision_type=2 2 2 2 2 2 2 1 2 2 2 2 2 2 2 2 2 1 2 2
left_child=1 10 18 4 7 6 13 -4 9 -8 -1 -2 -13 -5 16 -16 17 -12 19 -3
right_child=11 2 3 5 -6 -7 8 -9 -10 -11 14 12 -14 -15 15 -17 -18 -19 -20 -21
leaf_value=0.0188105032521452 0.036306681291655665 0.0034278285923355213 0.014390993067310216 -0.050977006994239293 0.030695675388820294 0.02348613988491163 -0.002397690526335732 -0.021027308949231809 -0.0097981546381693506 0.037883480535202227 -0.032508112805882262 -0.011021970071839884 0.018039889504607304 -0.014241419661818291 0.033087068237928542 -0.021282988552405003 -0.05457084325051046 -0.004917231633343992 0.042270678314225985 0.041762203345103679
leaf_weight=27.128226533532143 46.531543966382742 137.10026418045163 50.707377016544342 21.088280849158764 53.959493853151798 31.969067186117172 41.34084265679121 35.605674348771572 115.46990554779768 34.556093476712704 60.489708475768566 52.657772861421108 112.38209485635161 242.24957568198442 20.988320372998714 19.537872135639191 20.816991783678532 112.02774003893137 27.46841000020504 25.009552031755447
leaf_count=129 478 774 235 104 264 152 199 170 542 173 301 254 630 1163 106 98 103 555 173 158
internal_value=0.000348111 -0.00249416 0.000675 -0.00338876 0.0111997 -0.00759388 -0.00977941 -0.000986724 0.000409068 0.0159405 -0.0124097 0.0148243 0.0087664 -0.0171839 -0.0160321 0.00687109 -0.0208338 -0.0167618 0.0141149 0.00934299
internal_weight=1289.08 1077.51 816.525 626.946 140.273 486.674 454.705 86.3131 191.367 75.8969 260.989 211.571 165.04 263.338 233.861 40.5262 193.334 172.517 189.578 162.11
internal_count=6761 5399 4107 3002 669 2333 2181 405 914 372 1292 1362 884 1267 1163 204 959 856 1105 932
cat_boundaries=0 1 2
cat_threshold=1683 1794
is_linear=0
shrinkage=0.0560727


Tree=61
num_leaves=21
num_cat=1
split_feature=4 139 144 311 5 317 4 56 14 71 76 29 115 238 206 3 272 137 200 276
split_gain=15.2011 10.0245 10.7623 9.72194 12.7238 13.0226 11.086 10.1514 10.6839 17.9801 10.0632 12.7015 9.37755 8.83102 8.77567 8.72937 10.7346 8.41695 8.18907 8.12352
threshold=1725.5000000000002 199.76500000000001 1.6335000000000002 0.40650000000000003 1340.5000000000002 0.75450000000000006 1490.5000000000002 13.500000000000002 12.500000000000002 30.500000000000004 4.5000000000000009 47.500000000000007 70.500000000000014 0.24796713785359595 0.84597720799924681 0 1.8737147048193825 335.55000000000007 0.32305502846299816 -1.0812733283678639
decision_type=2 2 2 2 2 2 2 2 2 2 2 2 2 2 2 1 2 2 2 2
left_child=3 2 -2 17 -5 6 7 8 9 13 11 -7 -12 -6 -13 16 -8 -1 -4 -19
right_child=1 -3 18 4 5 10 15 -9 -10 -11 12 14 -14 -15 -16 -17 -18 19 -20 -21
leaf_value=0.017767083718693951 0.015951668579690922 0.037934530750711286 0.0081527893166287637 0.013408232307800434 -0.0035870250681849969 -0.00834102429911243 -0.020196225677641115 0.019719026045096014 -0.040570183327425298 0.029026724950698878 -0.016443908180177803 -0.073459035275358672 0.029940010546644625 -0.034706784895106757 -0.026168114867880704 0.017344171295752112 0.019683787095563718 -0.040421176965422009 -0.042159380704083149 -0.010894479787661409
leaf_weight=27.111432127654552 125.19281689450145 43.934398014098406 20.142298087477684 188.46669761836529 67.542756512761116 52.436417274177074 55.29086197912693 36.163586609065533 35.197060860693455 34.925473257899284 34.977119855582714 22.843344956636429 22.531466491520405 49.834498576819897 26.860190466046333 152.69115477055311 34.437233678996563 34.352309979498386 20.538648389279842 199.31481313332915
leaf_count=129 689 431 127 1105 315 249 260 167 175 166 170 113 111 238 134 739 165 180 115 983
internal_value=0.000312446 0.0141184 0.00780919 -0.00238198 0.000635704 -0.00321106 0.00152295 -0.00747978 -0.0127266 -0.00629078 -0.0170326 -0.0275962 0.0017263 -0.0168009 -0.0479064 0.00982981 -0.00439844 -0.0118043 -0.0172447 -0.0152361
internal_weight=1284.78 209.808 165.874 1074.98 814.198 625.731 466.083 223.663 187.5 152.303 159.649 102.14 57.5086 117.377 49.7035 242.419 89.7281 260.779 40.6809 233.667
internal_count=6761 1362 931 5399 4107 3002 2225 1061 894 719 777 496 281 553 247 1164 425 1292 242 1163
cat_boundaries=0 1
cat_threshold=1068
is_linear=0
shrinkage=0.0560727


Tree=62
num_leaves=21
num_cat=1
split_feature=4 324 139 144 311 5 123 205 139 311 160 297 148 185 72 208 162 33 320 203
split_gain=13.6392 10.8909 9.34206 9.60908 9.21452 11.867 10.6479 10.2673 10.4056 9.03026 8.99813 7.83491 7.55917 8.93656 9.79031 7.49928 7.48668 7.21542 7.19121 7.11323
threshold=1725.5000000000002 0.93500000000000016 199.76500000000001 1.6335000000000002 0.40650000000000003 1642.5000000000002 1742.5000000000002 0.49496001334039158 -176.28999999999999 0.74250000000000005 0.48528138528138537 0.15655637254901963 0.29050000000000004 0.11750000000000001 0 0.55488621151271766 63.500000000000007 2404.0000000000005 0.45950000000000008 4.4142857142857155
decision_type=2 2 2 2 2 2 2 2 2 2 2 2 2 2 9 2 2 2 2 2
left_child=1 4 3 11 5 19 7 8 -6 15 -5 -2 13 14 -10 -3 -13 -8 -7 -1
right_child=2 9 -4 10 6 18 17 -9 12 -11 -12 16 -14 -15 -16 -17 -18 -19 -20 -21
leaf_value=-0.0096440406505920711 0.0022362817107263182 -0.019199550164565708 0.036789363703453558 0.0073020133980255045 -0.017417847598640523 -0.012851186224168554 0.046662918285004483 -0.03488657962827884 0.015050255738845612 0.0065859716855145812 -0.045663645077756901 0.0019989567981489476 0.038158967818016899 -0.028326243571111076 -0.00068158263594359587 -0.059551507871968862 0.045002973442925642 0.0043505107618876512 -0.054565200756444901 0.015490350834677731
leaf_weight=142.14421926438808 67.674193654209375 53.452562086284161 42.794808875769377 22.714659079909325 75.141775377094746 26.105873361229897 27.864342343062162 24.330591190606356 186.47600134834647 29.521028287708759 18.130640733987093 19.236573345959187 20.553176201879978 26.372949242591858 344.45412755385041 19.8727095015347 37.6685571372509 23.256711848080158 25.896047085523605 47.140590958297253
leaf_count=690 366 270 431 131 388 130 150 122 934 149 111 108 101 135 1731 105 215 124 137 233
internal_value=0.000303975 -0.00224537 0.013437 0.00739469 -0.00040512 -0.00990243 0.00274049 0.000877783 0.00221063 -0.0195954 -0.016205 0.0151336 0.00476332 0.00353137 0.00511417 -0.0301383 0.0304686 0.027417 -0.0336275 -0.00338355
internal_weight=1280.8 1072.58 208.219 165.425 969.736 241.287 728.45 677.329 652.998 102.846 40.8453 124.579 577.856 557.303 530.93 73.3253 56.9051 51.1211 52.0019 189.285
internal_count=6761 5399 1362 931 4875 1190 3685 3411 3289 524 242 689 2901 2800 2665 375 323 274 267 923
cat_boundaries=0 1
cat_threshold=945
is_linear=0
shrinkage=0.0560727


Tree=63
num_leaves=21
num_cat=1
split_feature=139 56 118 299 162 137 139 241 301 3 105 288 135 233 315 188 223 273 86 114
split_gain=10.4836 11.2695 11.8154 9.87365 13.1463 9.39249 9.04245 10.5294 9.32379 8.11354 9.65681 11.3216 9.65136 10.3122 7.89522 11.7835 8.1828 7.45184 6.93268 10.8984
threshold=353.67000000000002 16.500000000000004 336.50000000000006 6.5000000000000009 86.500000000000014 641.06000000000006 -53.089999999999996 15.138596147840797 68.550000000000011 0 15.500000000000002 0.4820352839931154 29.500000000000004 2.3884348045464598 96.500000000000014 2.9682372505543242 1.3396836206596838 0.41752447698300477 110.50000000000001 103.50000000000001
decision_type=2 2 2 2 2 2 2 2 2 1 2 2 2 2 2 2 2 2 2 2
left_child=1 2 3 4 18 -2 7 17 -8 12 11 -11 -3 -14 -10 16 -16 -5 -1 -20
right_child=5 9 -4 6 -6 -7 8 -9 14 10 -12 -13 13 -15 15 -17 -18 -19 19 -21
leaf_value=-0.0049246574202878104 -0.011137757356497894 -0.010893856962327433 -0.02141766304473058 -0.038629337155747075 -0.042861274278792834 0.049169526345004995 -0.021976943191424039 0.021141047541782039 0.03084160218841216 0.0037246798691613777 0.020733043706048369 -0.050521227016177797 0.037383230560859196 -0.0074441141509520962 -0.027699859309575459 0.031625070733796203 0.01930998247817076 0.0012351257299960052 0.037506852614909429 -0.013893827948325745
leaf_weight=574.95083882287145 11.995475456118582 24.151269413530827 98.793222077190876 32.391240276396275 27.322180289775133 25.104452505707741 19.608216151595116 28.149741612374783 85.947144467383623 28.935263931751251 31.501415938138962 20.780884183943272 81.687671571969986 20.099133882671595 32.066077116876841 35.292288899421692 18.273657727986574 27.04567763954401 31.273850280791521 22.153010040521622
leaf_count=2884 57 128 505 159 141 267 96 137 504 141 184 110 469 114 169 187 109 131 160 109
internal_value=0.000295194 -0.00058315 -0.00297638 -0.00102657 -0.00478493 0.0296662 0.00781282 -0.00710628 0.0146484 0.0113532 -0.00316464 -0.0189467 0.0194258 0.0285299 0.018835 0.00678214 -0.0106318 -0.0204872 -0.00312906 0.016191
internal_weight=1277.52 1240.42 1033.27 934.474 655.7 37.0999 278.774 87.5867 191.187 207.156 81.2176 49.7161 125.938 101.787 171.579 85.632 50.3397 59.4369 628.378 53.4269
internal_count=6761 6437 5291 4786 3294 324 1492 427 1065 1146 435 251 711 583 969 465 278 290 3153 269
cat_boundaries=0 1
cat_threshold=795
is_linear=0
shrinkage=0.0560727


Tree=64
num_leaves=21
num_cat=2
split_feature=204 265 5 4 5 323 6 206 162 4 3 125 233 152 208 176 311 237 202 115
split_gain=8.96458 10.7695 10.2644 9.82225 16.8863 10.5196 9.07202 9.02463 10.9925 8.69273 10.1821 9.82863 8.61068 14.5002 9.90467 9.04131 8.59774 12.6523 8.22898 8.15786
threshold=0.60769230769230786 0.095500000000000015 1817.5000000000002 1310.5000000000002 1427.5000000000002 0.75150000000000017 0 0.82591971167585165 63.500000000000007 1686.5000000000002 1 32.500000000000007 1.7755300245506216 32.500000000000007 0.54011494252873582 0.49313005834744972 0.65650000000000019 1.7904506857773568 67.500000000000014 2.5000000000000004
decision_type=2 2 2 2 2 2 9 2 2 2 1 2 2 2 2 2 2 2 2 2
left_child=1 2 9 5 6 -2 -5 16 18 10 11 -1 13 -10 15 -14 17 -6 -9 -12
right_child=3 -3 -4 4 7 -7 -8 8 12 -11 19 -13 14 -15 -16 -17 -18 -19 -20 -21
leaf_value=0.031997815979388403 -0.010028522089798321 0.025691474652668703 -0.019364231955970514 -0.01635433126307733 -0.021686130278259549 -0.05010318245473111 0.021121027548660323 -0.046359404191725136 -0.0086547727006169063 0.020572435212959383 -0.014090503384945679 -0.0053200774226471624 -0.0412612673798015 0.041889051853620247 0.019401295928978175 0.0034247438553504875 -0.038864648322522857 0.027910117081828875 -0.0054395185315923222 0.0042363134757570833
leaf_weight=61.411511536687613 117.95864371955395 72.333193752914667 59.271775782108307 18.91424985229969 58.965827848762274 24.95615591108799 119.10173696652055 23.069987766444683 29.675133608281612 95.129152961075306 130.38599437475204 34.734013177454472 27.786446750164032 44.751402653753757 35.38781451433897 29.179557517170906 43.983577482402325 22.281664684414864 46.824588946998119 184.30757831037045
leaf_count=314 604 372 290 101 291 139 846 114 144 657 614 174 131 221 170 145 213 109 228 902
internal_value=0.000608093 0.00531936 0.00271205 -0.00406435 -0.000358106 -0.0170278 0.0163294 -0.0067225 -0.000280865 0.00529852 0.00176145 0.0167703 0.00754144 0.0217343 -0.00389467 -0.0183692 -0.0188952 -0.00808256 -0.0189484 -0.0032531
internal_weight=1280.41 637.573 565.24 642.837 499.922 142.915 138.016 361.906 236.675 505.968 410.839 96.1455 166.78 74.4265 92.3538 56.966 125.231 81.2475 69.8946 314.694
internal_count=6779 3323 2951 3456 2713 743 947 1766 1153 2661 2004 488 811 365 446 276 613 400 342 1516
cat_boundaries=0 1 2
cat_threshold=64 80
is_linear=0
shrinkage=0.0560727


Tree=65
num_leaves=21
num_cat=1
split_feature=204 265 3 115 45 125 110 77 313 144 296 189 272 50 175 41 67 241 58 307
split_gain=8.00276 9.60707 9.21843 13.5643 9.75357 9.2279 8.38495 11.5406 9.72975 10.6573 10.2974 8.83107 8.51192 12.39 12.1766 11.5422 12.0201 9.60361 9.68946 8.12881
threshold=0.60769230769230786 0.095500000000000015 0 57.500000000000007 410.50000000000006 32.500000000000007 20144.500000000004 19.500000000000004 272.10000000000008 1.9305000000000001 0.52843665768194081 78.500000000000014 1.9765874560748899 118.50000000000001 0.60736889692585905 3.5000000000000004 2.5000000000000004 12.53495119026619 912.50000000000011 0.70050000000000001
decision_type=2 2 1 2 2 2 2 2 2 2 2 2 2 2 2 2 2 2 2 2
left_child=1 2 5 4 -4 -1 7 8 9 12 11 -10 15 14 -14 16 -2 18 -17 -3
right_child=6 19 3 -5 -6 -7 -8 -9 10 -11 -12 -13 13 -15 -16 17 -18 -19 -20 -21
leaf_value=0.030586716337984668 -0.0060219155289378381 0.012973266939261614 -0.0034193705677393019 0.015237489334722276 -0.033893397138693243 -0.0042899564239044794 -0.032065983222780294 0.022478419125565273 -0.037140339498107057 0.028376164091457521 -0.05080961108856849 -0.00019186773754917031 -0.038622362917060539 0.039285989581343675 0.0071997564541694528 -0.029951108486319693 0.041729954980720359 -0.045355862058645571 0.0024444756146150856 0.055575458481508883
leaf_weight=68.01943626999855 64.418477091938257 53.03970855101943 302.76355903595686 119.23272974416614 37.067428469657898 36.722568292170763 31.474410519003868 53.532762043178082 28.241705328226089 36.13535388931632 24.877451039850712 72.709930460900068 22.176872476935387 29.817942999303341 102.53948123008013 51.632188104093075 22.313500426709652 34.55472107231617 66.290631506592035 19.180072259157896
leaf_count=381 348 268 1531 658 191 190 162 297 143 204 131 385 111 162 576 256 135 178 368 104
internal_value=0.000578955 0.00503476 0.00256797 -0.00101224 -0.00674388 0.0167576 -0.00384398 -0.0023857 -0.00478123 -0.000766652 -0.0184952 -0.0105301 -0.00344164 0.00681508 -0.000947104 -0.0100684 0.00626152 -0.0193582 -0.0117385 0.0242901
internal_weight=1276.74 636.026 563.806 459.064 339.831 104.742 640.715 609.241 555.708 429.879 125.829 100.952 393.744 154.534 124.716 239.21 86.732 152.478 117.923 72.2198
internal_count=6779 3323 2951 2380 1722 571 3456 3294 2997 2338 659 528 2134 849 687 1285 483 802 624 372
cat_boundaries=0 1
cat_threshold=80
is_linear=0
shrinkage=0.0560727


Tree=66
num_leaves=21
num_cat=1
split_feature=4 265 170 254 139 87 254 29 122 88 139 28 324 242 248 180 264 28 3 241
split_gain=7.97954 7.75967 10.8098 10.5958 9.05584 9.97801 8.54642 8.44319 11.8773 9.55485 10.2068 11.1258 8.19789 8.13804 9.58012 9.99199 8.02948 8.52034 7.94154 9.23229
threshold=1029.5000000000002 0.065500000000000017 16.224894035383212 0.30284589239698095 103.59000000000005 76.500000000000014 0.27202269906175219 616.50000000000011 1468.5000000000002 4.5000000000000009 -100.05499999999999 91.500000000000014 0.49850000000000005 69.500000000000014 0.36417112299465243 27.068777195052839 75.850000000000009 219.50000000000003 0 13.128508015435662
decision_type=2 2 2 2 2 2 2 2 2 2 2 2 2 2 2 2 2 2 1 2
left_child=-1 3 7 6 5 -5 13 8 9 10 11 -3 -10 18 -15 -16 17 -12 19 -2
right_child=1 2 -4 4 -6 -7 -8 -9 12 -11 16 -13 -14 14 15 -17 -18 -19 -20 -21
leaf_value=-0.030079635000809811 0.011578561267242313 0.0072882177101918572 -0.02607593681095444 -0.039024892037986023 0.013373193591966662 0.0069028756836183947 0.035488867618833124 0.039537322074257794 -0.038788178123329534 0.030520841941213073 0.029184422571977696 -0.046353401764276832 0.0021939989217945439 -0.039169743313392749 -0.0098212892737602614 0.035107156622997487 -0.008104031380819849 -0.010041908690983667 -0.0048823847322717034 -0.026162201350754314
leaf_weight=26.194566242396832 290.18929073959589 28.805799387395382 27.646414577960968 59.7238704636693 21.566794794052839 19.797219030559063 21.308084506541491 28.601545218378305 25.213469371199608 71.5503766015172 89.807495273649693 21.028499647974968 39.198165666311979 30.660083588212729 144.75377424433827 17.437131844460964 38.560629446059465 21.589855924248695 229.22535874694586 21.915871225297451
leaf_count=144 1520 143 157 297 125 100 113 159 129 374 498 109 202 168 781 110 197 108 1226 119
internal_value=0.000548364 0.00119107 0.00772552 -0.00179916 -0.0188482 -0.0275889 0.000481869 0.0102908 0.00779883 0.0129375 0.00663959 -0.0153439 -0.0138459 -0.000533942 -0.0104249 -0.00498994 0.0139463 0.0215805 0.00298945 0.00865069
internal_weight=1274.77 1248.58 392.002 856.577 101.088 79.5211 755.49 364.356 335.754 271.343 199.792 49.8343 64.4116 734.182 192.851 162.191 149.958 111.397 541.331 312.105
internal_count=6779 6635 2076 4559 522 397 4037 1919 1760 1429 1055 252 331 3924 1059 891 803 606 2865 1639
cat_boundaries=0 1
cat_threshold=977
is_linear=0
shrinkage=0.0560727


Tree=67
num_leaves=21
num_cat=1
split_feature=5 4 139 148 204 3 251 290 294 128 137 4 5 263 149 205 319 320 269 104
split_gain=7.78301 10.9411 7.26549 7.20017 8.10409 8.15017 11.707 8.78659 12.4128 8.01523 8.01653 7.57801 8.86161 10.2678 9.24679 9.10754 10.2553 8.54148 7.89169 9.18666
threshold=1934.5000000000002 1772.5000000000002 -88.730000000000004 0.29750000000000004 0.60769230769230786 0 1.4134182908545729 0.94930098456829748 0.1383330446664485 2872.5000000000005 611.56500000000017 1168.5000000000002 1429.5000000000002 -1.5844999999999998 3.057321428571429 0.21242086188607581 0.40950000000000003 0.9425 134.50000000000003 2.5000000000000004
decision_type=2 2 2 2 2 1 2 2 2 2 2 2 2 2 2 2 2 2 2 2
left_child=1 3 -2 4 5 6 7 9 -9 10 -1 -6 13 14 -13 16 -14 -15 19 -17
right_child=2 -3 -4 -5 11 -7 -8 8 -10 -11 -12 12 15 17 -16 18 -18 -19 -20 -21
leaf_value=0.0053019431341802771 -0.037208871267259282 0.017482213848273753 0.00078851514985903593 0.024554947471258238 -0.02628044286059128 -0.0018811540294672588 -0.022714060765195238 0.061207612831299059 0.010421527646198926 -0.022822405990917366 0.04052156626524215 0.0087279046714675151 0.0067279243682535463 0.023579990580832839 -0.041231557385091454 0.027690382629654727 -0.024090570233767778 -0.010587437797973002 0.033699987976197048 -0.013097146303796769
leaf_weight=68.477572344243526 32.386920571327209 121.45858953893185 30.917902380228043 35.556319408118725 52.034356601536274 314.8231936879456 25.401715181767941 29.699824456125498 30.866519331932068 20.492696098983288 28.901534210890532 23.672499783337116 44.126909010112286 92.281321987509727 22.923311986029148 22.392304785549641 147.07773122191429 30.635677687823772 21.257917299866676 77.270059332251549
leaf_count=331 197 925 142 177 285 1536 128 152 165 103 166 141 205 551 140 107 677 174 98 379
internal_value=0.000516908 0.00152029 -0.0186487 -0.00026165 -0.00110032 0.00389088 0.0122954 0.0179693 0.0353284 0.00904809 0.0157567 -0.00595145 -0.00375482 0.00656535 -0.0158469 -0.00936014 -0.0169773 0.0150628 0.00268318 -0.00393122
internal_weight=1272.65 1209.35 63.3048 1087.89 1052.34 518.663 203.84 178.438 60.5663 117.872 97.3791 533.672 481.638 169.513 46.5958 312.125 191.205 122.917 120.92 99.6624
internal_count=6779 6440 339 5515 5338 2581 1045 917 317 600 497 2757 2472 1006 281 1466 882 725 584 486
cat_boundaries=0 1
cat_threshold=720
is_linear=0
shrinkage=0.0560727


Tree=68
num_leaves=21
num_cat=0
split_feature=4 5 139 5 197 311 145 149 4 202 291 273 195 121 317 269 23 305 253 176
split_gain=12.9359 11.7029 12.4677 9.11251 9.17485 9.60549 8.20554 10.1497 8.1141 8.52593 7.37635 9.49068 7.97758 7.44651 7.38463 6.62138 3.67604 4.27607 3.59547 2.98621
threshold=1043.5000000000002 1913.5000000000002 -88.730000000000004 1154.5000000000002 2.5758324029100366 0.92250000000000021 68.65000000000002 2.6548809523809527 1844.5000000000002 72.500000000000014 1.6224318658280925 0.75374673977586759 0.26201372997711675 21.500000000000004 0.62450000000000017 76.500000000000014 12.500000000000002 0.60150000000000003 0.90396179363388784 0.51136950904392775
decision_type=2 2 2 2 2 2 2 2 2 2 2 2 2 2 2 2 2 2 2 2
left_child=-1 3 -3 6 5 8 18 -8 10 16 11 13 -12 -5 -13 -7 17 -10 -2 -18
right_child=1 2 -4 4 -6 15 7 -9 9 -11 12 14 -14 -15 -16 -17 19 -19 -20 -21
leaf_value=-0.036248920921953497 0.065295349568599059 -0.044621740880838749 0.0027220737197667941 -0.0014932848968861182 -0.034899457099302152 0.0045101397073164734 -0.031666927771563172 0.02902685898922383 -0.0079003369083621416 -0.021887607960767729 -0.049623867815148007 0.039408200305515 -0.0020701770573396993 0.030603201561766852 -0.0036453487330178158 0.049157569990982614 0.064640948727439765 0.039327152781742127 0.025303366862232123 0.024741739017263936
leaf_weight=29.80459851026535 14.341263942420484 35.252651892602444 34.694563843309879 848.74832033738494 21.611710775643587 19.616157051175833 14.217313945293425 22.16997954249382 11.917116943746807 11.721665773540733 19.367144525051117 34.130284041166306 25.975856587290764 23.351528510451317 19.778086714446545 22.356039710342884 13.358351159840824 12.187037713825701 13.97501792386174 10.592481836676596
leaf_count=164 108 219 162 4230 115 96 91 164 98 95 96 182 135 125 101 122 109 100 99 100
internal_value=0.000251804 0.00113687 -0.0211366 0.00248077 0.00127206 0.0020007 0.0229282 0.00530792 0.000930205 0.0209812 -0.000303575 0.000777528 -0.0223855 -0.000633659 0.0236097 0.0282953 0.0314414 0.0159715 0.0455645 0.0470028
internal_weight=1259.17 1229.36 69.9472 1159.42 1094.71 1073.1 64.7036 36.3873 1031.13 59.7767 971.351 926.008 45.343 872.1 53.9084 41.9722 48.055 24.1042 28.3163 23.9508
internal_count=6711 6547 381 6166 5704 5589 462 255 5371 502 4869 4638 231 4355 283 218 407 198 207 209
is_linear=0
shrinkage=0.0560727


Tree=69
num_leaves=16
num_cat=0
split_feature=115 110 311 71 110 321 5 297 143 40 28 181 22 320 245
split_gain=10.7166 9.5352 9.74977 9.17736 7.82413 7.85697 7.5008 7.8851 8.63885 8.17836 13.8174 9.21053 9.13884 8.97873 8.51299
threshold=234.50000000000003 20144.500000000004 0.87550000000000006 53.500000000000007 3420.0000000000005 0.62150000000000005 2003.5000000000002 0.3816526610644258 1.764851363277413 18.500000000000004 535.50000000000011 12.500000000000002 70.500000000000014 0.54250000000000009 0.17713918102796475
decision_type=2 2 2 2 2 2 2 2 2 2 2 2 2 2 2
left_child=1 2 6 -3 -4 -6 7 8 9 10 11 -1 -11 -12 -14
right_child=-2 3 4 -5 5 -7 -8 -9 -10 12 13 -13 14 -15 -16
leaf_value=0.0058115778805778416 0.042100911095344161 0.0036622712780103373 -0.0025869667196090828 -0.045296050814198394 0.06029811420028796 0.014793684549956908 -0.026630702508718147 -0.031546611125441132 -0.030132382123816782 0.04584318466867808 -0.055171142729049986 -0.0064810907369882483 0.026895031559032452 -0.0094031140032495089 -0.016893826767661362
leaf_weight=599.25724477693439 18.938253596425056 20.871791556477547 31.136095434427261 28.425386466085911 20.104426510632038 29.374242171645164 34.170652464032173 24.262600753456354 27.661780960857868 26.299280878156424 21.477671928703785 281.73909806460142 28.918221764266491 36.207573398947716 26.980569269508123
leaf_count=3131 105 112 164 149 121 160 187 135 141 151 112 1514 188 194 147
internal_value=0.000240396 -0.000400428 0.000602511 -0.0245646 0.0194294 0.033287 -0.000768407 5.52149e-05 0.000786631 0.00162459 0.000139262 0.00188025 0.0185846 -0.0264469 0.0057567
internal_weight=1255.82 1236.89 1187.59 49.2972 80.6148 49.4787 1106.97 1072.8 1048.54 1020.88 938.682 880.996 82.1981 57.6852 55.8988
internal_count=6711 6606 6345 261 445 281 5900 5713 5578 5437 4951 4645 486 306 335
is_linear=0
shrinkage=0.0560727


Tree=70
num_leaves=21
num_cat=0
split_feature=115 5 139 177 282 5 158 283 324 323 297 243 137 311 115 274 153 314 146 276
split_gain=9.67253 8.61298 11.5741 8.46481 10.0154 10.0071 10.4036 8.63886 15.0722 9.14883 7.95177 8.88216 8.19706 7.59987 6.78648 6.41979 4.69693 5.95294 3.85644 3.10047
threshold=234.50000000000003 1913.5000000000002 -88.730000000000004 0.28165064102564108 58.500000000000007 1334.5000000000002 0.2662749204024733 5.1458333333333348 0.58950000000000002 0.41550000000000004 0.37089947089947095 6.2111111111111121 874.5350000000002 0.92250000000000021 164.50000000000003 0.31175813433877958 2.0350286329472365 48.45000000000001 0.036500000000000005 0.2447899646830686
decision_type=2 2 2 2 2 2 2 2 2 2 2 2 2 2 2 2 2 2 2 2
left_child=1 3 19 7 -5 -6 -7 10 9 -9 11 12 13 14 -1 18 17 -14 -10 -3
right_child=-2 2 -4 4 5 6 -8 8 15 -11 -12 -13 16 -15 -16 -17 -18 -19 -20 -21
leaf_value=0.0047162793522919199 0.040245521145339545 -0.057259938913360876 0.0032399820468881134 -0.042694829382126313 0.027359204613363858 0.0050583699627260023 -0.038569428811548685 -0.018414408594586228 -0.027684752040498837 0.028638180364704259 -0.027184637805102614 -0.025312224029029683 0.040002799110336072 0.029940040957847462 -0.021127666656092527 -0.0069934980692779453 0.056966346579632877 -0.011664132882940359 -0.064245844225520751 -0.023169624645925202
leaf_weight=770.77757112681866 18.707231018692255 19.667363606393337 34.615869015455246 28.003364741802216 23.303528789430857 37.128964349627495 31.984506815671921 22.44562029093504 17.399480815976858 30.842487350106239 24.82995642721653 29.457701001316309 15.789378918707373 36.112903367727995 33.32596430927515 19.649155952036381 13.785587452352045 12.604669708758591 19.002403181046247 14.66421429812908
leaf_count=3982 105 129 162 142 135 190 159 123 95 176 136 156 131 191 191 110 119 86 101 92
internal_value=0.000228189 -0.000377671 -0.0196351 0.000760492 -0.0133175 -0.00441396 -0.0151296 0.00238135 -0.0125331 0.00881603 0.00412248 0.00497518 0.00598648 0.00477535 0.00364497 -0.0328326 0.0301079 0.0170614 -0.0467754 -0.0427041
internal_weight=1254.1 1235.39 68.9474 1166.44 120.42 92.417 69.1135 1046.02 109.339 53.2881 936.684 911.854 882.396 840.216 804.104 56.051 42.1796 28.394 36.4019 34.3316
internal_count=6711 6606 383 6223 626 484 349 5597 605 299 4992 4856 4700 4364 4173 306 336 217 196 221
is_linear=0
shrinkage=0.0560727


Tree=71
num_leaves=21
num_cat=0
split_feature=4 5 175 70 169 157 260 260 213 147 222 254 154 320 157 238 213 251 109 62
split_gain=11.5972 9.51349 7.53079 9.16952 9.16241 9.15434 10.8624 11.6665 9.75663 8.74412 8.17501 11.0546 8.02701 7.86318 8.30331 7.25684 12.1689 9.39996 7.14218 8.94903
threshold=1043.5000000000002 1588.5000000000002 0.67974358974358984 59.500000000000007 0.38956639566395673 1.7537156399821285 12.863955109464678 4.9996852988178704 0.92236088180671449 0.12750000000000003 12.500000000000002 0.061733303719869348 -0.16088233373764596 0.79750000000000021 1.6322901556375335 0.57516505943933849 0.97270304128037155 1.2816506410256412 546.50000000000011 105.50000000000001
decision_type=2 2 2 2 2 2 2 2 2 2 2 2 2 2 2 2 2 2 2 2
left_child=-1 2 5 4 -4 12 7 8 -7 10 13 -12 -2 14 -6 -3 17 -17 19 -14
right_child=1 15 3 -5 9 6 -8 -9 -10 -11 11 -13 18 -15 -16 16 -18 -19 -20 -21
leaf_value=-0.034650931134798946 -0.028625620709360932 -0.0017340400542600069 0.031429261009140327 0.03937445673670751 0.022862056459541681 -0.052295882699050826 -0.036321924412496417 0.034847154401034128 0.0027791588790527246 -0.028875592112038807 0.015853812203930576 -0.029707337161509743 0.0089697624664725976 0.039412057968151643 -0.019905475347503306 -0.02155678640018887 -0.040099884503162361 0.029399901442236104 0.034590452987078919 -0.016790187483323376
leaf_weight=29.289820566773415 20.879922073334455 400.16354716941714 44.498971670866013 35.049252491444349 36.104983557015657 15.166470203548668 40.810338873416185 21.126242842525244 30.336782824248075 23.488258734345436 33.003974430263042 33.980379227548838 260.29495055601001 35.061616659164429 23.601610563695431 25.800964489579201 44.797987163066864 20.366194248199463 27.493641380220652 50.650031909346581
leaf_count=164 104 1985 259 226 223 83 219 114 171 137 214 197 1376 210 146 136 242 103 145 257
internal_value=0.000216756 0.00105218 0.00510497 0.0126585 0.00858188 0.000819553 -0.0135407 0.00041045 -0.0155745 0.00309249 0.00773568 -0.00725647 0.00511388 0.0183342 0.00595362 -0.00498422 -0.0192802 0.000918854 0.00719595 0.00477317
internal_weight=1251.97 1222.68 731.547 264.789 229.74 466.758 107.44 66.6295 45.5033 185.241 161.753 66.9844 359.319 94.7682 59.7066 491.129 90.9651 46.1672 338.439 310.945
internal_count=6711 6547 4081 1612 1386 2469 587 368 254 1127 990 411 1882 579 369 2466 481 239 1778 1633
is_linear=0
shrinkage=0.0560727


Tree=72
num_leaves=21
num_cat=1
split_feature=143 4 174 5 178 56 3 181 315 4 166 186 215 59 316 39 5 260 314 210
split_gain=11.4173 11.5909 13.6007 10.219 8.56427 10.1088 9.53811 8.80876 13.2879 9.60551 9.32442 7.85872 9.24582 13.4358 7.7751 8.86021 8.07022 7.59805 6.90927 6.23396
threshold=1.764851363277413 1858.5000000000002 0.067478915072716375 1154.5000000000002 0.55100334448160548 18.500000000000004 0 12.500000000000002 29.500000000000004 1531.5000000000002 1.1961913215940274 0.12750000000000003 0.65097822074566281 1596.5000000000002 80.550000000000011 3.5000000000000004 1845.5000000000002 -2.7723736392058576 55.150000000000013 0.76989650937004106
decision_type=2 2 2 2 2 2 1 2 2 2 2 2 2 2 2 2 2 2 2 2
left_child=1 3 -3 -1 5 7 -6 14 -9 17 -11 12 -7 -14 16 18 -5 -10 -16 -8
right_child=-2 2 -4 4 6 11 19 8 9 10 -12 -13 13 -15 15 -17 -18 -19 -20 -21
leaf_value=0.020042846389452335 -0.034081214497006893 -0.0001827466117655743 0.044302180082916642 1.8300115436498106e-05 0.010448322049254326 0.031105545505898141 -0.065904703754867858 0.035272855947847952 -0.055979247557953499 -0.0088973075126275638 0.031791243453758077 0.04875240966418324 0.018215888571225962 -0.043043946463169044 0.058608769478058258 -0.0062057972943606833 -0.034394328505246069 -0.017865052118425619 0.015820436539675096 -0.021525912886234868
leaf_weight=68.916857346892357 30.520836770534515 46.756631571799517 40.166243068873882 492.48858671635389 20.818258881568909 32.84988658875227 18.931277476251125 18.587346646934748 18.409663818776608 88.789985109120607 22.11936142295599 18.766835071146488 26.469849888235331 19.58331011235714 18.704671375453472 31.851546049118042 22.40022299438715 154.49580258131027 32.492668725550175 21.014749616384506
leaf_count=468 163 299 344 2463 125 174 98 94 91 483 120 103 145 99 93 169 135 791 163 107
internal_value=-0.000209043 0.00064198 0.0203716 -0.000878655 -0.00224062 -0.00099607 -0.0226787 -0.00285493 -0.010654 -0.0136625 -0.000780961 0.0161376 0.00837789 -0.0078305 0.00108913 0.0170101 -0.00147854 -0.0219243 0.0314565 -0.034041
internal_weight=1245.13 1214.61 86.9229 1127.69 1058.77 998.01 60.7643 900.34 302.402 283.815 110.909 97.6699 78.903 46.0532 597.938 83.0489 514.889 172.905 51.1973 39.946
internal_count=6727 6564 643 5921 5453 5123 330 4602 1579 1485 603 521 418 244 3023 425 2598 882 256 205
cat_boundaries=0 1
cat_threshold=210
is_linear=0
shrinkage=0.0560727


Tree=73
num_leaves=21
num_cat=2
split_feature=143 4 174 5 176 56 319 72 302 183 2 221 139 299 244 137 275 213 303 273
split_gain=10.1498 10.4509 12.575 9.17814 8.31367 9.13041 8.13544 9.54985 8.84846 8.74425 9.69084 8.23466 7.65903 7.63061 8.40782 7.71326 11.2783 6.6816 7.95879 7.46894
threshold=1.764851363277413 1858.5000000000002 0.067478915072716375 1154.5000000000002 0.54366895499618628 18.500000000000004 0.70650000000000002 0 12.700000000000001 -1.6504999999999999 1 2020.5000000000002 144.47500000000002 8.5000000000000018 0.67948717948717963 344.35000000000008 0.22048611111111113 0.81286671195153304 131.70000000000002 0.20180302226764693
decision_type=2 2 2 2 2 2 2 9 2 2 1 2 2 2 2 2 2 2 2 2
left_child=1 3 -3 -1 5 6 13 8 -8 -9 -11 -10 17 15 -15 16 -5 -6 19 -19
right_child=-2 2 -4 4 12 -7 7 9 11 10 -12 -13 -14 14 -16 -17 -18 18 -20 -21
leaf_value=0.019098364834126212 -0.032084522336173052 -0.00017249074153637999 0.042885724536839191 0.049661720482395748 -0.042332767343528817 0.017985503383254216 -0.063277327164588906 -0.034193980971221644 -0.0376279151019554 -0.012015394165980553 0.015513426638749243 0.0077961512294036439 0.014568334110242798 0.0027717192024930694 0.051114611294922382 -0.0021668890651354799 -0.0052560087690436009 -0.019424302388000785 -0.037045247518751184 0.013059954785933806
leaf_weight=68.28809455409646 30.599962998181581 46.759011846035719 39.194464989006519 23.04266544431448 29.051054999232292 81.487632736563683 18.522675432264805 23.147543787956238 29.093049742281437 66.098903685808182 76.157575022429228 22.055512718856335 26.387782242149115 26.006438512355089 20.028547123074532 472.41565783694386 23.997289247810841 46.531285896897316 30.565439984202385 42.649643875658512
leaf_count=468 163 299 344 106 146 436 99 126 151 327 389 114 169 139 108 2407 118 230 163 225
internal_value=-0.000191177 0.000614276 0.0194602 -0.000824799 -0.00211182 0.000103969 -0.00171596 -0.0104831 -0.0262939 -0.00210532 0.00296704 -0.0180378 -0.0132691 0.00192827 0.0238082 -1.04743e-05 0.0216424 -0.018207 -0.0123524 -0.00388733
internal_weight=1242.08 1211.48 85.9535 1125.53 1057.24 882.053 800.566 235.075 69.6712 165.404 142.256 51.1486 175.185 565.491 46.035 519.456 47.04 148.797 119.746 89.1809
internal_count=6727 6564 643 5921 5453 4520 4084 1206 364 842 716 265 933 2878 247 2631 224 764 618 455
cat_boundaries=0 1 2
cat_threshold=535 344
is_linear=0
shrinkage=0.0560727


Tree=74
num_leaves=20
num_cat=0
split_feature=288 288 252 123 280 167 199 143 56 73 123 30 210 316 5 314 318 193 104
split_gain=9.1009 12.1329 10.4337 9.66898 9.10921 9.86241 10.18 7.73823 7.32904 12.1752 10.4192 13.1252 11.7205 9.51807 8.37752 7.5858 7.58891 6.60293 5.44089
threshold=0.75782013685239502 0.64334637964774966 24.500000000000004 2106.5000000000005 0.54316770186335417 0.13226669310998004 0.38729838709677428 1.764851363277413 19.500000000000004 168.50000000000003 464.50000000000006 10.500000000000002 15.603512440944336 7.7000000000000002 1728.5000000000002 113.05000000000001 0.058500000000000003 0.23133086923226609 12.500000000000002
decision_type=2 2 2 2 2 2 2 2 2 2 2 2 2 2 2 2 2 2 2
left_child=1 3 -3 4 7 6 -6 8 9 10 11 -1 -12 -10 18 16 -11 -4 -15
right_child=-2 2 17 -5 5 -7 -8 -9 13 15 12 -13 -14 14 -16 -17 -18 -19 -20
leaf_value=0.00016905957069309629 0.030846392248049033 0.0067883745530770484 -0.01510523407645384 0.039572335664951504 -0.0057223773570126025 0.0061109818406828676 -0.058903309395903374 -0.029659913161377994 -0.020620003201245768 0.0067439061948729234 0.014661482611056815 -0.04719826106362008 -0.030828678994583698 0.015410607289208275 0.0035322882978920658 0.013432288697406251 -0.027560334319165349 -0.051391180435371539 0.055436993892579493
leaf_weight=442.39444468915462 29.031878121197224 30.126344341784716 31.437322199344635 19.761670589447021 20.472936790436506 30.268347095698118 25.326146587729454 24.621484365314245 17.415083732455969 25.833188205957413 274.56889799237251 19.190105337649584 19.040436390787363 16.944843079894781 32.774647057056427 25.627028025686741 94.137426547706127 31.666961338371038 28.932310793548822
leaf_count=2373 168 176 177 126 107 180 136 130 105 134 1460 98 106 114 167 139 490 172 169
internal_value=-0.000178029 -0.000922221 -0.0203558 0.000699222 -5.7301e-07 -0.0187202 -0.0351344 0.00139329 0.00216045 0.000590143 0.00345269 -0.00179991 0.0117109 0.0168831 0.0251891 -0.0142563 -0.0201723 -0.0333171 0.040657
internal_weight=1239.57 1210.54 93.2306 1117.31 1097.55 76.0674 45.7991 1021.48 996.858 900.792 755.194 461.585 293.609 96.0669 78.6518 145.598 119.971 63.1043 45.8772
internal_count=6727 6559 525 6034 5908 423 243 5485 5355 4800 4037 2471 1566 555 450 763 624 349 283
is_linear=0
shrinkage=0.0560727


Tree=75
num_leaves=21
num_cat=0
split_feature=4 162 288 288 251 155 322 280 255 323 292 162 224 218 180 250 175 227 5 4
split_gain=8.45987 11.4613 8.97251 9.99551 11.2673 8.45571 9.33312 7.48132 12.4058 7.88748 10.3714 9.29918 9.53246 8.42508 7.6664 9.23269 7.34253 9.65463 7.322 12.683
threshold=1962.5000000000002 63.500000000000007 0.75782013685239502 0.64334637964774966 0.93405797101449284 0.40651483050847464 0.13950000000000004 0.54316770186335417 0.7117014341590614 0.71750000000000014 47.500000000000007 75.500000000000014 1.3775000000000002 0.407192075796727 25.368171932936473 6.8179048723482483 0.57719393282773568 0.066500000000000017 1858.5000000000002 1733.5000000000002
decision_type=2 2 2 2 2 2 2 2 2 2 2 2 2 2 2 2 2 2 2 2
left_child=2 -2 3 5 -5 7 -7 9 -9 14 11 12 -11 -13 18 -16 17 -8 19 -1
right_child=1 -3 -4 4 -6 6 16 8 -10 10 -12 13 -14 -15 15 -17 -18 -19 -20 -21
leaf_value=0.0067099071113212849 -0.002215750081459902 0.053163383336096506 0.030112255462410323 0.005159322488268823 -0.035268088570229623 -0.045722940612683657 -0.022081443051009363 -0.00059748907918694822 -0.051224960715741223 -0.014759096532602675 0.024190147304908774 -0.0071356450211982779 0.013617230009663603 -0.057040503602027753 -0.025852346295804626 0.012990152076204648 -0.035012378758145786 0.029584299211169871 -0.014262737023813593 0.034729096457584707
leaf_weight=492.83519469201565 25.7178945094347 21.626199334859848 28.283741343766451 35.313651330769062 56.09915629029274 25.214241005480289 20.517147619277239 48.92396442219615 22.092622987926006 104.86578829959035 30.57697007805109 19.727923553436995 57.69804223626852 23.100556951016188 48.946771919727325 31.695753194391727 18.831742722541094 25.507423505187035 43.641204603016376 56.635514367371798
leaf_count=2467 167 189 162 198 304 130 112 282 112 534 169 111 305 121 288 176 102 138 248 412
internal_value=-0.000167201 0.0230777 -0.00109175 -0.00185128 -0.0196489 -0.000331775 -0.0167739 0.0011781 -0.0163498 0.00254658 -0.00627553 -0.0108118 -0.00468661 -0.0340572 0.0056366 -0.0105837 -0.00551658 0.0065489 0.00784227 0.00959825
internal_weight=1237.85 47.3441 1190.51 1162.22 91.4128 1070.81 90.0706 980.74 71.0166 909.724 235.969 205.392 162.564 42.8285 673.754 80.6425 64.8563 46.0246 593.112 549.471
internal_count=6727 356 6371 6209 502 5707 482 5225 394 4831 1240 1071 839 232 3591 464 352 250 3127 2879
is_linear=0
shrinkage=0.0560727


Tree=76
num_leaves=21
num_cat=1
split_feature=72 31 122 288 309 184 200 316 318 33 150 93 270 214 321 266 175 130 277 156
split_gain=9.32842 9.29703 12.1238 8.96473 11.0143 8.94801 8.9173 8.57336 9.81507 10.8304 14.265 10.025 10.0812 12.607 9.73015 10.3501 9.18477 9.18214 8.82215 10.1352
threshold=0 26.500000000000004 1761.5000000000002 0.46359137504418529 0.28450000000000003 73.550000000000011 0.51754926108374399 81.250000000000014 0.95150000000000012 2012.5000000000002 152.50000000000003 189.50000000000003 1.6116780045351475 0.21265768708225444 0.72650000000000003 0.060500000000000005 0.72346683354192753 10.500000000000002 1.6073879187523621 0.26568627450980398
decision_type=9 2 2 2 2 2 2 2 2 2 2 2 2 2 2 2 2 2 2 2
left_child=1 2 3 4 -1 -6 -5 8 9 10 11 12 13 -2 -9 -16 -12 -11 19 -19
right_child=7 -3 -4 6 5 -7 -8 14 -10 17 16 -13 -14 -15 15 -17 -18 18 -20 -21
leaf_value=0.038837619212966037 8.3225623919510407e-05 0.034496705378863374 -0.032134432763864212 0.01284873944707963 0.00089006388564070343 -0.03830244944463624 0.053766093923410543 0.028629283115518402 -0.01542077676487183 -0.048946595878897492 -0.059467939358159375 0.017666258693796622 0.021329882017002231 -0.034846576663470324 -0.022262347768839171 0.016924786713686107 -0.0086921093964543918 -0.021798266052339168 -0.028477822062190024 0.037024466657976735
leaf_weight=16.788615994155407 234.92309966310859 39.318930592387915 24.692616894841194 100.85854769125581 61.75000811740756 26.034113135188818 20.085635036230087 55.20272272080183 202.31329938024282 23.456676080822945 17.409265004098415 139.16265271604061 56.228378556668758 37.699510801583529 40.197619795799255 44.816978551447392 31.435425542294979 16.764639370143414 35.824339624494314 20.430487729609013
leaf_count=88 1242 224 129 564 331 151 105 285 1087 123 96 768 313 202 204 250 190 91 202 117
internal_value=0.000201173 0.00884356 0.00516506 0.00924989 -0.0027718 -0.0107316 0.0196456 -0.00248296 -0.00471087 -0.00117785 0.00204108 0.0050508 -0.000287326 -0.0047465 0.0102986 -0.00160227 -0.0267934 -0.0184245 -0.00861707 0.0105075
internal_weight=1245.39 289.528 250.21 225.517 104.573 87.7841 120.944 955.865 815.648 613.334 516.858 468.014 328.851 272.623 140.217 85.0146 48.8447 96.4761 73.0195 37.1951
internal_count=6762 1592 1368 1239 570 482 669 5170 4431 3344 2811 2525 1757 1444 739 454 286 533 410 208
cat_boundaries=0 1
cat_threshold=432
is_linear=0
shrinkage=0.0560727


Tree=77
num_leaves=21
num_cat=1
split_feature=72 29 122 59 80 123 315 4 5 320 262 313 166 288 259 278 159 295 320 146
split_gain=8.32942 9.75763 13.517 8.6008 9.68699 9.74174 8.84149 9.27821 12.0258 11.4446 8.93144 9.46627 12.3311 10.2416 14.7628 8.79245 8.52069 8.67187 8.62848 8.44975
threshold=0 558.50000000000011 1761.5000000000002 1412.5000000000002 8.5000000000000018 1152.5000000000002 27.150000000000002 1399.5000000000002 1214.5000000000002 -0.063999999999999987 1.6933933494627154 121.95000000000002 1.0235482556183813 0.62563131313131326 5.5000000000000009 0.089708557227733146 0.39352982211370774 0.75373467112597559 0.47550000000000003 0.065500000000000017
decision_type=9 2 2 2 2 2 2 2 2 2 2 2 2 2 2 2 2 2 2 2
left_child=1 2 16 6 5 -5 -2 9 -9 -8 11 12 -10 -13 -15 -11 18 19 -1 -18
right_child=3 -3 -4 4 -6 -7 7 8 10 15 -12 13 -14 14 -16 -17 17 -19 -20 -21
leaf_value=-0.029524145841210155 0.026169903370985969 0.035950206434263651 -0.032191411130146196 -0.052842011240080221 0.01874247461363859 -0.013282416410543443 0.03132668439150392 0.041302854934699505 -0.027113574204696424 -0.029386578459611117 0.036649962396490147 0.0055635584686415411 0.014176375296000264 0.013690329718641207 -0.054386525503707865 -0.0042628067811013104 0.025979001656347683 0.051780990794406255 0.0083081869131701042 -0.0036303635865562009
leaf_weight=29.128931794315577 38.131088402122259 36.04996719583869 27.703540213406086 25.038238205015659 21.945584159344435 89.741955209523439 17.314431443810463 23.517877209931612 80.752854365855455 85.101427793502808 20.568369451910257 391.1204148940742 31.65022386983037 18.063069067895412 22.470903560519218 90.272244744002819 64.360321171581745 20.123062826693058 54.254318829625845 57.250013500452042
leaf_count=157 225 207 144 141 114 481 84 239 448 435 110 2029 185 104 120 455 366 119 298 301
internal_value=0.000191171 0.00836863 0.00476604 -0.00234346 -0.0153867 -0.0219136 -0.000194294 -0.00148199 0.00201635 -0.0121608 0.000379664 -0.000991293 -0.0154858 0.00278273 -0.0240458 -0.0164553 0.00931492 0.0176825 -0.00490626 0.0120386
internal_weight=1244.56 288.87 252.82 955.689 136.726 114.78 818.963 780.832 588.144 192.688 564.626 544.057 112.403 431.654 40.534 175.374 225.117 141.733 83.3833 121.61
internal_count=6762 1592 1385 5170 736 622 4434 4209 3235 974 2996 2886 633 2253 224 890 1241 786 455 667
cat_boundaries=0 1
cat_threshold=432
is_linear=0
shrinkage=0.0560727


Tree=78
num_leaves=21
num_cat=2
split_feature=323 92 299 190 115 318 312 246 308 309 144 168 72 311 2 41 86 206 161 283
split_gain=7.66071 10.848 9.59553 12.1236 10.9652 9.7068 9.21871 8.84738 7.91205 12.8137 8.95159 10.1197 14.3011 9.58365 9.2059 8.84015 8.2299 8.15576 9.43405 8.87968
threshold=0.72850000000000004 411.50000000000006 6.5000000000000009 0.41101055806938164 91.500000000000014 0.93900000000000006 0.6695000000000001 0.8806625751090521 0.57450000000000012 0.73550000000000015 1.9575000000000002 0.60622179239200535 0 0.50450000000000006 1 8.5000000000000018 18.500000000000004 0.9113652322958018 -0.34619322543599823 4.4772727272727275
decision_type=2 2 2 2 2 2 2 2 2 2 2 2 9 2 1 2 2 2 2 2
left_child=8 2 4 -4 5 7 -3 -2 9 10 11 12 13 -1 15 -14 -13 18 -10 -19
right_child=1 6 3 -5 -6 -7 -8 -9 17 -11 -12 16 14 -15 -16 -17 -18 19 -20 -21
leaf_value=0.043368645977376281 0.013759048992325119 -0.006781954352467123 -0.017559683677399785 0.031541804983182459 0.030224957978140957 -0.028940718068994582 -0.051026993455286794 -0.025381288902378823 -0.025877976307218546 0.037510064609813189 0.026603027659619832 0.00041118732956944962 0.01285185308747836 -0.0039106044969860563 -0.017914641886914894 -0.017461538559756573 -0.045310977429886011 0.022887003998761212 0.0053108441579713967 -0.0056733613593695836
leaf_weight=32.920660901814699 49.231622826308012 29.372780416160822 23.812766142189503 47.028269790112972 19.402552325278521 74.882753349840641 29.875421248376369 28.76775711029768 34.43266811221838 23.511189866811037 26.356861587613821 18.898898378014565 87.254583079367876 22.816907826811075 148.82149282842875 46.294786151498556 35.833859771490097 151.69467028230429 266.45269114524126 44.18933430314064
leaf_count=181 253 167 133 273 103 396 157 154 180 129 155 109 505 127 761 253 191 835 1446 254
internal_value=0.000182266 -0.00758046 -0.00233676 0.0150344 -0.00948048 -0.0145207 -0.0290951 -0.000674714 0.0026809 -0.00276977 -0.00502934 -0.00715209 -0.00353058 0.0203589 -0.00866103 0.00217932 -0.0295206 0.00753873 0.00174109 0.0164433
internal_weight=1241.85 302.374 243.126 70.841 172.285 152.882 59.2482 77.9994 939.479 442.709 419.198 392.841 338.108 55.7376 282.371 133.549 54.7328 496.769 300.885 195.884
internal_count=6762 1636 1312 406 906 803 324 407 5126 2411 2282 2127 1827 308 1519 758 300 2715 1626 1089
cat_boundaries=0 1 2
cat_threshold=176 586
is_linear=0
shrinkage=0.0560727


Tree=79
num_leaves=21
num_cat=2
split_feature=44 150 231 55 2 231 309 323 240 206 250 213 192 72 145 307 196 12 313 232
split_gain=9.99748 7.65408 8.65489 8.02737 7.60659 10.5638 10.4797 8.71804 8.92598 8.30113 10.6212 8.05113 7.56516 9.21301 10.3078 7.56385 7.51742 8.61083 7.43117 7.82616
threshold=706.50000000000011 179.50000000000003 0.60208333333333341 375.50000000000006 0 0.67006802721088443 0.74450000000000005 0.71350000000000013 0.3925070028011205 0.92293259287230711 14.493466651892781 1.1041327108588039 1.3112439602856127 1 69.050000000000011 0.58650000000000013 7.642011632446625 1.5000000000000002 69.850000000000009 32.500000000000007
decision_type=2 2 2 2 1 2 2 2 2 2 2 2 2 9 2 2 2 2 2 2
left_child=1 3 -3 4 5 6 7 8 15 10 11 -6 -11 14 -14 -1 17 -15 -7 -20
right_child=-2 2 -4 -5 9 18 -8 -9 -10 12 -12 -13 13 16 -16 -17 -18 -19 19 -21
leaf_value=0.0099052939775752663 0.033187170660197184 -0.052666505767566679 -0.0049693345498379102 -0.01537973247948865 0.0052159189679391177 0.036570397023186541 0.0071252412270574892 -0.050693667672834029 -0.047421184352969832 0.046137580041087076 -0.02573740724945036 -0.023825881811927404 0.046467228923285538 0.034872530092493768 0.010653801303783371 -0.032188021327006482 -0.015521098676324781 -0.0053721765265406568 0.028362304962863131 -0.0063524650081851737
leaf_weight=39.071892485022545 28.171243481338024 18.285475056618452 34.608675226569176 93.763537861406803 415.63935676962137 19.840128906071186 43.680307917296886 30.729393750429153 20.545111004263163 19.90132012963295 44.048279769718647 32.347305316478014 38.17198134958744 29.063545018434525 74.798538450151682 20.443059794604778 59.551617380231619 39.331492327153683 24.885951176285744 113.7288390211761
leaf_count=197 159 101 199 510 2251 118 224 159 109 114 234 187 231 164 433 105 322 221 130 594
internal_value=0.000165173 -0.000601983 -0.0214616 0.00034943 0.00173339 -0.0055207 -0.0161318 -0.0253027 -0.0155546 0.00475889 0.000534927 0.00311854 0.0129092 0.0101636 0.020906 -0.00455098 -0.000884942 0.0117271 0.00447418 -0.000118764
internal_weight=1240.61 1212.44 52.8942 1159.54 1065.78 312.925 154.47 110.789 80.0601 752.853 492.035 447.987 260.818 240.917 112.971 59.515 127.947 68.395 158.455 138.615
internal_count=6762 6603 300 6303 5793 1636 794 570 411 4157 2672 2438 1485 1371 664 302 707 385 842 724
cat_boundaries=0 1 2
cat_threshold=116 1242
is_linear=0
shrinkage=0.0560727


Tree=80
num_leaves=21
num_cat=1
split_feature=53 197 186 72 16 207 241 147 322 296 268 5 4 301 176 202 214 187 87 67
split_gain=8.35524 6.78991 7.04829 13.4802 11.1629 11.9199 10.4163 10.3018 7.70245 11.7848 9.05521 7.61601 8.6807 7.61551 9.08468 8.6377 8.20528 7.45816 7.72071 7.5205
threshold=22.500000000000004 2.5758324029100366 0.091500000000000012 0 6.5000000000000009 0.028504340062886987 -4.6153684558413053 0.15050000000000002 0.94650000000000001 0.47655677655677658 2.3033986175115211 1299.5000000000002 1302.5000000000002 406.10000000000008 0.56960594315245483 69.500000000000014 -0.041559632026387759 0.16450000000000004 55.500000000000007 4.5000000000000009
decision_type=2 2 2 9 2 2 2 2 2 2 2 2 2 2 2 2 2 2 2 2
left_child=1 2 13 4 5 17 -5 8 11 10 -10 -8 -13 14 16 -16 -1 -4 19 -19
right_child=-2 -3 3 6 -6 -7 7 -9 9 -11 -12 12 -14 -15 15 -17 -18 18 -20 -21
leaf_value=0.018523417998911711 -0.037130654929942795 -0.028658924618330233 0.019548690338486246 -0.026016849104860587 -0.034703036253207455 0.016489168239925453 0.058590415994544433 -0.0067557314548864133 -0.005301173213669956 -0.028203457726208397 0.046785007693690442 -0.010138072768497706 0.031339505388272057 0.024962692695508958 -0.0034692592058546984 -0.048097369383693182 -0.0035233314107426901 -0.01175147953681584 0.0045195789019988504 -0.059703326008820085
leaf_weight=58.346656329929829 18.709587350487709 24.387873835861683 16.242177914828062 18.04601314291358 32.88702766597271 79.638996798545122 25.186078574508429 43.230356562882662 18.788083456456661 20.229172885417938 23.75809383764863 18.95267891138792 97.18966605886817 31.112027853727341 27.817542351782322 26.762614443898201 587.52088519185781 19.396302927285433 21.058800898492336 21.91180481761694
leaf_count=325 105 137 92 113 178 429 198 227 102 114 133 100 544 202 157 149 3086 113 120 114
internal_value=5.41855e-05 0.000628136 0.00122947 0.0066968 -0.00473027 0.00119882 0.0145572 0.0181069 0.0233737 0.0070262 0.0237806 0.0306338 0.0245696 -0.0021821 -0.00338804 -0.0253552 -0.0015314 -0.0142898 -0.023105 -0.0371918
internal_weight=1231.17 1212.46 1188.07 456.515 191.135 158.248 265.38 247.334 204.104 62.7754 42.5462 141.328 116.142 731.56 700.448 54.5802 645.868 78.6091 62.3669 41.3081
internal_count=6738 6633 6496 2577 1046 868 1531 1418 1191 349 235 842 644 3919 3717 306 3411 439 347 227
cat_boundaries=0 1
cat_threshold=837
is_linear=0
shrinkage=0.0560727


Tree=81
num_leaves=21
num_cat=0
split_feature=53 256 138 155 218 196 264 106 257 178 224 265 264 214 249 153 318 209 146 253
split_gain=7.49114 7.16473 8.57966 7.59014 10.2609 8.15564 7.9109 11.7143 10.8495 12.8831 12.9082 12.6927 11.3394 10.2782 9.61797 8.62566 10.6985 9.27296 9.04776 7.98468
threshold=22.500000000000004 0.62767897856817156 973.62500000000011 0.40936473165388837 0.48666429587482224 9.0766956278077426 74.350000000000009 77.500000000000014 0.22335600907029482 0.49218559218559227 1.2595000000000003 0.048500000000000008 71.250000000000014 -0.03538153370949549 0.57247899159663873 1.6804506867357609 0.048500000000000008 0.44058823529411767 0.06950000000000002 0.89499403142944667
decision_type=2 2 2 2 2 2 2 2 2 2 2 2 2 2 2 2 2 2 2 2
left_child=1 2 3 6 5 -5 7 8 12 10 -10 -11 14 -8 -1 17 -17 19 -18 -15
right_child=-2 -3 -4 4 -6 -7 13 -9 9 11 -12 -13 -14 15 -16 16 18 -19 -20 -21
leaf_value=0.0006911921737501695 -0.035260120174181495 -0.018691679057345336 -0.036214401087427059 -0.0073826813699020355 0.020127285292991501 -0.046266896487010108 0.031176322283127614 -0.040214579868178918 0.0055280470042123999 0.018855186805445009 0.040880553285838658 -0.052034337996437703 -0.016452771959146524 0.033500785147463505 0.036755414615642454 0.057235276068964391 0.02195049475075429 -0.042034746396015975 -0.01745897410192937 -0.013515189133565069
leaf_weight=479.00374396890402 18.600596383213997 57.666502021253109 18.598110370337963 40.015314500778913 21.922152299433947 29.44998499378562 67.066428083926439 21.192047283053398 66.472978055477142 15.683383088558914 63.5122230052948 16.081661757081747 124.57156885042787 17.591682892292738 24.436875373125076 16.450980398803949 50.037523325532675 20.049928218126297 28.888481304049492 32.040163058787584
leaf_count=2586 105 307 108 213 119 154 383 117 375 105 357 105 681 93 128 90 279 105 160 168
internal_value=5.35942e-05 0.000596271 0.00156104 0.00218048 -0.0133143 -0.0238703 0.00353818 0.000925387 0.00202954 0.0149796 0.022803 -0.0170292 -0.00130562 0.0126655 0.0024421 0.00514321 0.0161002 -0.00985184 0.00752379 0.00314625
internal_weight=1229.33 1210.73 1153.07 1134.47 91.3875 69.4653 1043.08 810.954 789.762 161.75 129.985 31.765 628.012 232.125 503.441 165.059 95.377 69.6818 78.926 49.6318
internal_count=6738 6633 6326 6218 486 367 5732 4454 4337 942 732 210 3395 1278 2714 895 529 366 439 261
is_linear=0
shrinkage=0.0560727


Tree=82
num_leaves=21
num_cat=0
split_feature=69 117 315 313 53 11 56 235 187 241 5 224 29 261 320 70 256 258 202 213
split_gain=7.50907 10.4928 11.3175 11.5199 10.417 9.91409 9.09901 8.63393 9.41174 8.31399 8.23068 9.38786 9.51718 7.46274 10.0605 8.47154 7.6499 8.11477 9.93292 8.58719
threshold=13.500000000000002 4.5000000000000009 114.45000000000002 334.50000000000006 4.5000000000000009 2.5000000000000004 10.500000000000002 0.36313686313686316 0.12750000000000003 -4.9076728251743047 1671.5000000000002 1.2595000000000003 284.50000000000006 13.500000000000002 -0.063999999999999987 12.500000000000002 0.62767897856817156 0.48429276315789477 69.500000000000014 1.0180239533889714
decision_type=2 2 2 2 2 2 2 2 2 2 2 2 2 2 2 2 2 2 2 2
left_child=1 7 4 6 -3 -6 -4 13 -9 -2 -11 -12 -13 14 -1 -15 17 18 -16 -20
right_child=9 2 3 -5 5 -7 -8 8 -10 10 11 12 -14 15 16 -17 -18 -19 19 -21
leaf_value=0.037266845525555897 -0.039005280331219902 0.039998199640651738 0.0070136998915551413 0.023697758336573359 -0.022268103057394746 0.017430028826990275 -0.032316274630094358 -0.0090199293357697639 0.032668301271146838 0.00069109155028612213 -0.043230208604380475 0.029458551181522363 -0.022131267335892039 -0.0086398814538746968 -0.00067093428199470936 -0.04969073365236884 -0.033924357074742062 0.014574835141728937 -0.04713381159519154 -0.0032914913409327184
leaf_weight=20.12591202929616 23.715060919523239 53.807141587138176 32.066642485558987 33.811604715883732 23.423684909939766 127.02863470837474 43.679198306053877 27.857252025976777 43.777041144669056 238.27593919634819 32.650355786085129 17.035649910569191 33.057666309177876 55.452316116541624 240.28094266727567 22.114690750837326 24.193055581301451 79.010384179651737 30.292282234877348 26.206776589155197
leaf_count=125 130 347 177 175 131 731 246 153 269 1257 173 99 186 303 1247 124 127 421 169 148
internal_value=5.16974e-05 0.00279151 0.0110239 -0.00351469 0.0188227 0.0112484 -0.0156641 -0.00174609 0.0164543 -0.00696658 -0.00459919 -0.0198354 -0.00458334 -0.00436615 -0.0014153 -0.020346 -0.00336212 -0.00139407 -0.00564597 -0.0268009
internal_weight=1227.86 883.128 313.817 109.557 204.259 150.452 75.7458 569.311 71.6343 344.735 321.02 82.7437 50.0933 497.676 420.109 77.567 399.983 375.79 296.78 56.4991
internal_count=6738 4893 1807 598 1209 862 423 3086 422 1845 1715 458 285 2664 2237 427 2112 1985 1564 317
is_linear=0
shrinkage=0.0560727


Tree=83
num_leaves=20
num_cat=0
split_feature=312 312 139 306 290 69 282 288 150 210 168 303 227 282 317 230 140 138 270
split_gain=7.05743 7.39714 7.65207 9.44596 8.897 8.66519 8.36434 8.00386 7.20558 8.21438 8.04994 7.02 6.54429 6.42609 8.46662 6.71788 5.67357 5.58088 4.53963
threshold=0.060500000000000005 0.10900000000000001 -179.38499999999996 0.036500000000000005 -1.9227110362864654 16.500000000000004 70.500000000000014 0.75782013685239502 170.50000000000003 -1.1823343382501452 0.69631555153707059 92.800000000000026 0.075500000000000012 78.500000000000014 0.85250000000000015 138.50000000000003 2020.5000000000002 437.28000000000003 0.5270467836257311
decision_type=2 2 2 2 2 2 2 2 2 2 2 2 2 2 2 2 2 2 2
left_child=-1 -2 4 5 -3 6 16 8 10 -10 13 -8 18 14 -5 -15 17 -4 -6
right_child=1 2 3 7 12 -7 11 -9 9 -11 -12 -13 -14 15 -16 -17 -18 -19 -20
leaf_value=0.030354292143046743 -0.032523594678781624 -0.04529262815190762 0.016596368070162692 0.0036437006414918351 -0.0065204571928462992 -0.035258314424938389 -0.0028695330775588787 0.038409346186964191 -0.043560167797126799 0.0012119637603776072 0.03776038774875027 -0.049879211996173858 0.013604113423305688 0.0093419028478781089 -0.015563169452470669 0.045464948682235641 0.025729457009260208 -0.019982451291106689 -0.039968201059429165
leaf_weight=23.695131562650204 22.323215700685978 22.530758082866669 22.464303761720657 625.898283097893 39.292567528784275 35.965333357453346 21.17586250975728 20.483879093080759 21.73122550547123 31.631145946681499 21.927969120442867 18.916474409401417 33.895607769489288 82.120283521711826 81.562217563390732 20.166958652436733 29.794996909797192 31.500609770417213 18.90330034121871
leaf_count=118 119 132 118 3447 194 186 114 126 123 183 121 101 188 489 450 111 153 154 111
internal_value=4.99923e-05 -0.000547137 5.76909e-05 0.00153897 -0.0137084 -0.0110288 -0.00399139 0.00375727 0.00295506 -0.0170182 0.0042368 -0.0250542 -0.00597918 0.00332875 0.00142913 0.0164657 0.00608865 -0.00475256 -0.0173881
internal_weight=1225.98 1202.28 1179.96 1065.34 114.622 159.818 123.852 905.522 885.038 53.3624 831.676 40.0923 92.0915 809.748 707.461 102.287 83.7599 53.9649 58.1959
internal_count=6738 6620 6501 5876 625 826 640 5050 4924 306 4618 215 493 4497 3897 600 425 272 305
is_linear=0
shrinkage=0.0560727


Tree=84
num_leaves=15
num_cat=0
split_feature=197 4 103 86 115 29 110 234 314 309 295 288 137 107
split_gain=8.23417 7.7149 8.22804 7.30538 7.93679 7.26122 6.73413 6.89653 14.1554 7.08121 6.91564 10.3021 6.80426 5.03373
threshold=2.5758324029100366 1043.5000000000002 12.500000000000002 169.50000000000003 48.500000000000007 445.50000000000006 20144.500000000004 -0.07777440119286895 29.250000000000004 0.94350000000000012 0.77849927849927869 0.60284045124899277 517.03000000000009 39.500000000000007
decision_type=2 2 2 2 2 2 2 2 2 2 2 2 2 2
left_child=1 -1 3 6 -5 -6 7 8 12 10 11 -9 -3 -12
right_child=-2 2 -4 4 5 -7 -8 9 -10 -11 13 -13 -14 -15
leaf_value=-0.028311682982612604 -0.031784472874254996 -0.020116091779940993 0.034044041478402676 -0.0079058232142588357 0.048045052145293768 0.0053291458500559661 -0.026424688474261018 0.0023111087652220781 -0.041920086961156559 0.036138529799785019 0.0075262134993941956 -0.015566787719598655 0.029160295495785866 0.046887881207102744
leaf_weight=27.66971268504858 24.642095074057579 15.311065863817928 24.135574970394373 25.551303390413523 30.141919396817684 21.408049754798412 29.982272490859032 805.36055417358875 34.742227930575609 18.465466368943453 25.765483111143112 115.93125715106726 20.744924515485764 16.9386240914464
leaf_count=163 144 81 151 143 159 113 164 4311 186 107 150 666 134 99
internal_value=0.000303721 0.000956197 0.00164005 0.000965881 0.0176426 0.030309 -0.000220968 0.000524812 -0.0163772 0.00174298 0.00108394 6.12512e-05 0.00823077 0.0231432
internal_weight=1236.79 1212.15 1184.48 1160.34 77.1013 51.55 1083.24 1053.26 70.7982 982.461 963.996 921.292 36.056 42.7041
internal_count=6771 6627 6464 6313 415 272 5898 5734 401 5333 5226 4977 215 249
is_linear=0
shrinkage=0.0560727


Tree=85
num_leaves=21
num_cat=0
split_feature=197 4 121 252 295 276 156 279 313 0 139 225 266 13 314 274 274 156 146 22
split_gain=7.3391 7.00058 8.31654 8.30315 8.06761 8.95041 7.83495 7.77923 6.56587 13.6926 11.4475 10.115 8.88416 8.37816 7.6878 10.5872 7.19591 7.10926 6.05802 5.51039
threshold=2.5758324029100366 1212.5000000000002 20.500000000000004 30.500000000000004 0.79233031119823594 22.915322721463095 0.27681992337164757 0.38583959899749382 216.95000000000002 1.0000000180025095e-35 -85.17499999999994 77.350000000000009 0.15450000000000003 19.500000000000004 45.250000000000007 0.36313686313686316 0.39897959183673476 0.30368906455862982 0.048500000000000008 17.500000000000004
decision_type=2 2 2 2 2 2 2 2 2 2 2 2 2 2 2 2 2 2 2 2
left_child=1 3 4 18 5 8 -7 -4 9 12 -11 14 13 -3 17 -16 -14 -10 -1 -5
right_child=-2 2 7 19 -6 6 -8 -9 11 10 -12 -13 16 -15 15 -17 -18 -19 -20 -21
leaf_value=0.021662298211244616 -0.030009686312749563 0.0059403882038133841 -0.00048408619475536944 -0.041587421906709714 0.030172742908133373 -0.051937424611446445 -0.0030854718696892692 0.047674950503109471 0.042012946745131147 0.0085245564055756624 -0.043426997513129166 0.045008029789851287 -0.031216777662044344 -0.022823672169085141 -0.004069230451186177 0.019004566870636262 0.0062312870802404942 -0.0015163601675324226 -0.015900235083558589 -0.0098278811232179707
leaf_weight=29.757572092115879 24.636162761598825 409.28564192727208 18.769698936492205 32.237168867141008 29.662451297044754 18.65893217176199 23.119335494935513 24.04992613941431 31.062811501324177 19.422436445951462 42.519640408456326 21.006143067032099 44.949840815737844 34.521856509149075 242.15378993749619 84.284178599715233 25.156048074364662 19.008604977279902 24.704798027873039 36.802974842488766
leaf_count=147 144 2349 118 185 177 96 134 159 160 91 208 114 248 183 1216 457 141 104 135 205
internal_value=0.000287775 0.000904214 0.00234089 -0.0117466 0.00134809 0.000505668 -0.0249079 0.0265613 0.00159663 -0.00222946 -0.0271346 0.00713964 0.000772078 0.00370257 0.0050264 0.0018878 -0.0177771 0.0254849 0.00462053 -0.02466
internal_weight=1235.77 1211.13 1087.63 123.503 1044.81 1015.15 41.7783 42.8196 973.371 575.855 61.9421 397.516 513.913 443.807 376.509 326.438 70.1059 50.0714 54.4624 69.0401
internal_count=6771 6627 5955 672 5678 5501 230 277 5271 3220 299 2051 2921 2532 1937 1673 389 264 282 390
is_linear=0
shrinkage=0.0560727


Tree=86
num_leaves=16
num_cat=0
split_feature=197 4 103 86 101 34 62 74 150 160 176 250 214 99 324
split_gain=6.54226 6.67166 7.32574 6.50956 7.26589 6.25826 6.20837 6.76156 7.36523 14.0424 8.64242 10.9292 9.01826 6.04674 5.50284
threshold=2.5758324029100366 1043.5000000000002 12.500000000000002 169.50000000000003 169.50000000000003 315.50000000000006 158.50000000000003 229.50000000000003 170.50000000000003 0.51887464387464399 0.4690688775510205 20.853673180162897 0.23870527835943758 243.50000000000003 0.65750000000000008
decision_type=2 2 2 2 2 2 2 2 2 2 2 2 2 2 2
left_child=1 -1 3 6 13 -6 7 8 10 14 12 -12 -3 -5 -10
right_child=-2 2 -4 4 5 -7 -8 -9 9 -11 11 -13 -14 -15 -16
leaf_value=-0.026587467247414724 -0.028337695342218871 -0.00034876704230091618 0.032263609457316045 0.021111412196024939 0.056371470857345181 0.012646587177142305 -0.027200506533876477 0.034410673772724054 -0.016443769521158159 0.023603400229159608 0.010822378143764865 -0.032906350286176139 -0.020722947656546756 -0.025278624954199528 -0.056515859024016943
leaf_weight=27.225731816142797 24.62711438164115 566.63378024101257 23.827271034941077 17.678238615393639 18.875601839274168 22.659098021686077 26.253110509365797 18.068025607615709 21.776040051132441 17.219217456877232 314.0017135553062 19.05917713791132 77.672534707933664 17.656926281750202 21.356763191521168
leaf_count=163 144 2978 151 98 95 124 137 118 122 105 1810 100 411 98 117
internal_value=0.000272823 0.000855296 0.00148716 0.000854236 0.0166211 0.0325219 -0.000265727 0.000403892 -0.000188072 -0.0191984 0.000985651 0.0083195 -0.00280518 -0.00206509 -0.0362892
internal_weight=1234.59 1209.96 1182.74 1158.91 76.8699 41.5347 1082.04 1055.79 1037.72 60.352 977.367 333.061 644.306 35.3352 43.1328
internal_count=6771 6627 6464 6313 415 219 5898 5761 5643 344 5299 1910 3389 196 239
is_linear=0
shrinkage=0.0560727


Tree=87
num_leaves=21
num_cat=2
split_feature=80 110 306 150 142 4 58 2 5 162 199 297 304 176 169 313 10 275 188 2
split_gain=6.24009 6.66136 8.94833 5.8349 10.0333 8.26453 12.4725 9.62666 8.086 7.66466 7.7588 7.68245 8.88114 7.58875 9.63616 9.75783 6.88661 8.23685 11.5925 9.71432
threshold=9.5000000000000018 20144.500000000004 0.89350000000000007 170.50000000000003 13.500000000000002 1559.5000000000002 1476.5000000000002 0 1438.5000000000002 78.500000000000014 0.45512082853855013 0.23368794326241138 48.050000000000004 0.45798022598870064 0.36140661938534285 240.55000000000004 173.50000000000003 0.39339826839826847 2.701428571428572 1
decision_type=2 2 2 2 2 2 2 1 2 2 2 2 2 2 2 2 2 2 2 1
left_child=1 3 -3 5 -5 6 16 8 -7 10 -9 12 -12 14 15 -10 17 19 -19 -1
right_child=-2 2 -4 4 -6 7 -8 9 13 -11 11 -13 -14 -15 -16 -17 -18 18 -20 -21
leaf_value=0.002728816008906872 0.024454345202086818 -0.042382873522547257 0.0090753980657807508 -0.0027209670230440865 -0.05185997900438722 0.03466214493906318 0.019751172231343237 -0.0089298843387675877 -0.0074309880300715359 -0.03062282198604609 0.031035197246399131 0.047319094976221616 -0.022305816389363246 0.021834179566884528 -0.035215443125786304 0.027674195432864233 -0.021656027986406548 -0.010848286538238825 0.03012858599610024 -0.01403762286834293
leaf_weight=205.0548980049789 32.625870410352945 26.502909183502197 17.727471992373466 50.062572687864304 17.681047573685646 50.007049052044749 70.316280718892813 84.933964710682631 58.83484160900116 27.181683529168367 19.089638784527779 18.649627484381199 20.195118471980095 91.263697884976864 19.922250669449568 43.149399641901255 70.671362530440092 37.985585860908031 50.639319159090519 220.59967389330268
leaf_count=1036 183 146 100 289 95 512 363 455 314 157 118 106 124 514 108 216 377 190 264 1104
internal_value=0.000258489 -0.000398973 -0.021755 0.000417844 -0.0155489 0.00141171 -0.00256091 0.00742076 0.0138422 -0.00314554 0.001861 0.0176836 0.00361015 0.00960668 0.00045135 0.00742046 -0.00524331 -0.00298757 0.0125637 -0.00622586
internal_weight=1233.09 1200.47 44.2304 1156.24 67.7436 1088.49 655.267 433.227 263.177 170.05 142.868 57.9344 39.2848 213.17 121.906 101.984 584.951 514.279 88.6249 425.655
internal_count=6771 6588 246 6342 384 5958 3334 2624 1664 960 803 348 242 1152 638 530 2971 2594 454 2140
cat_boundaries=0 1 2
cat_threshold=1834 1039
is_linear=0
shrinkage=0.0560727


Tree=88
num_leaves=21
num_cat=1
split_feature=319 219 77 130 2 308 290 243 177 176 283 298 0 313 161 289 277 138 296 194
split_gain=8.33339 11.11 5.71414 15.3946 6.9215 6.22355 8.27467 7.26579 7.55811 9.53161 9.18623 9.65107 9.10621 12.0336 7.22914 6.94099 6.62087 7.96258 6.51299 5.66215
threshold=0.22450000000000003 6.5000000000000009 21.500000000000004 13.500000000000002 0 1.1650000000000003 15.376324461186789 6.261111111111112 0.25834260289210237 0.407785336356765 5.0454545454545459 0.45062683795078168 1.0000000180025095e-35 240.55000000000004 13.413999774530607 0.48999599839935976 1.4047378472145684 486.42000000000007 0.47520491803278692 0.30687443744374443
decision_type=2 2 2 2 1 2 2 2 2 2 2 2 2 2 2 2 2 2 2 2
left_child=1 19 5 -4 -5 6 7 8 10 -10 12 -12 15 -14 -11 -2 -8 -18 -7 -1
right_child=2 -3 3 4 -6 18 16 -9 9 14 11 -13 13 -15 -16 -17 17 -19 -20 -21
leaf_value=-0.0092791748798802375 0.0037728367537720382 0.045814228158340888 -0.049420564336011448 -0.017994248725320957 0.021001878092983855 -0.0048199359679289054 0.049219474827337302 -0.028265177831941549 -0.029896225466314267 0.016437894008762149 0.0042657880338560538 -0.038032876660651277 -0.031903635177547657 0.0085115178499902133 -0.020107198979771927 0.02148418064810784 0.03547809014242137 -0.017707005801248767 -0.043159608526862306 0.023240947258654342
leaf_weight=43.217230428010225 544.88935944065452 26.735299933701754 28.252408195286989 16.579821335151792 22.04954719543457 39.100116558372974 17.946924172341824 30.225371690467 57.519424442201853 40.139803774654865 32.260716147720814 35.744049057364464 48.951024152338505 43.961661912500858 29.54477297514677 79.760232985019684 16.780220668762922 18.724648002535105 21.651495486497879 27.570867411792278
leaf_count=233 3040 150 148 98 134 204 113 162 312 215 182 196 235 207 163 453 108 110 112 171
internal_value=-0.000704703 0.0150183 -0.00206895 -0.0179638 0.00503903 -0.00106324 -7.77058e-07 -0.00121748 -0.000321637 -0.0130017 0.00173141 -0.0179646 0.00359828 -0.0127795 0.000941207 0.00603464 0.0214611 0.00742482 -0.0184869 0.00338471
internal_weight=1221.6 97.5234 1124.08 66.8818 38.6294 1057.2 996.448 942.996 912.771 127.204 785.567 68.0048 717.562 92.9127 69.6846 624.65 53.4518 35.5049 60.7516 70.7881
internal_count=6746 554 6192 380 232 5812 5496 5165 5003 690 4313 378 3935 442 378 3493 331 218 316 404
cat_boundaries=0 1
cat_threshold=961
is_linear=0
shrinkage=0.0560727


Tree=89
num_leaves=21
num_cat=0
split_feature=257 176 28 237 138 290 292 206 268 70 10 123 110 318 234 163 262 296 229 196
split_gain=7.89652 11.8032 9.97499 8.00692 9.63102 13.4749 8.54922 7.96128 7.61178 7.52651 8.5318 10.373 8.35984 7.48421 7.04722 6.87605 8.14445 7.07278 6.75694 6.69562
threshold=0.22767145135566189 0.56960594315245483 543.50000000000011 1.9286787240276333 590.53500000000008 -0.88067060394846342 70.500000000000014 1.0555477576657515 3.4845481670929246 61.500000000000007 146.50000000000003 1357.5000000000002 11064.000000000002 0.36950000000000005 0.35630831915523958 1.8989898989898992 1.3491403466964969 0.48863049095607242 3.4384090909090914 -1.2792726257527742
decision_type=2 2 2 2 2 2 2 2 2 2 2 2 2 2 2 2 2 2 2 2
left_child=2 8 3 6 5 -5 19 14 9 10 12 -12 15 -7 -4 -2 17 -17 -6 -1
right_child=1 -3 7 4 18 13 -8 -9 -10 -11 11 -13 -14 -15 -16 16 -18 -19 -20 -21
leaf_value=0.013931641476154215 -0.0088675934560379244 -0.025557003516949894 -0.017273831210079065 -0.039303622629576505 -0.048174038956817621 -0.0086481779057941185 0.038056240012009669 0.0028374178629483973 -0.011210462805834103 0.049916556335465864 -0.034348556677592387 0.018961515243766946 0.052229636161452132 0.038280652078965263 -0.059690153138520753 -0.0056735675853481623 0.051807102486836426 0.037109890925011858 -0.0070431924626720701 -0.0021612334308742463
leaf_weight=92.656754391267896 29.353364542126656 28.992642180994153 28.765535984188318 19.110582567751408 33.091652788221836 19.35767575353384 18.837347716093063 25.840354323387146 35.941280893981457 19.514217384159565 22.795419447124004 23.106034453958273 21.892144091427326 23.835179258137941 21.555676817893982 31.20312974601984 21.974626325070858 19.889510739594698 20.25431852415204 662.47426060028374
leaf_count=553 154 184 165 108 175 112 115 145 201 122 126 121 128 147 120 180 129 121 108 3532
internal_value=-0.000663287 0.00812004 -0.0029795 -0.00131191 -0.0150737 -9.7952e-05 0.000744222 -0.0224557 0.0124474 0.0169299 0.0131471 -0.00750973 0.0207757 0.0172451 -0.035447 0.0140507 0.0232599 0.0109784 -0.0325608 -0.000186369
internal_weight=1220.44 254.662 965.779 889.618 115.649 62.3034 773.968 76.1616 225.67 189.728 170.214 45.9015 124.313 43.1929 50.3212 102.421 73.0673 51.0926 53.346 755.131
internal_count=6746 1466 5280 4850 650 367 4200 430 1282 1081 959 247 712 259 285 584 430 301 283 4085
is_linear=0
shrinkage=0.0560727


Tree=90
num_leaves=21
num_cat=1
split_feature=319 219 311 257 176 223 72 229 235 104 111 185 145 94 303 304 321 194 117 4
split_gain=7.4004 9.95116 7.73575 7.66123 10.0365 8.47215 9.34498 9.60989 9.00406 8.56455 8.29945 8.28203 7.81272 11.6223 8.41142 8.40717 8.10174 7.50858 7.39079 8.40748
threshold=0.22450000000000003 6.5000000000000009 0.33950000000000008 0.22767145135566189 0.56960594315245483 1.1573558475097527 0 3.6826785714285717 0.35917467948717957 18.500000000000004 13204.500000000002 0.031500000000000007 71.550000000000011 22.500000000000004 61.250000000000007 36.050000000000004 0.6665000000000002 0.33180428134556578 14.500000000000002 1399.5000000000002
decision_type=2 2 2 2 2 2 9 2 2 2 2 2 2 2 2 2 2 2 2 2
left_child=1 2 -1 5 -5 12 -7 8 9 10 -8 -10 18 14 -14 16 -16 -17 19 -2
right_child=3 -3 -4 4 -6 6 7 -9 11 -11 -12 -13 13 -15 15 17 -18 -19 -20 -21
leaf_value=-0.026332218599077965 -0.01286430180235499 0.043530698753780239 0.014885721192274014 0.011378214276619199 -0.024659389651111866 0.0020485855089473156 -0.032581353851724025 0.0034099702250591432 -0.033059501080590928 -0.066522390540501672 0.0063457693274310131 0.014005781768412282 -0.03034520739853996 -0.051934461038506491 0.0010033993845902241 -0.034166352217283091 0.049462110753251493 0.012871249258658795 0.034954408825092251 0.0071241252596893198
leaf_weight=19.961454454809427 86.788970217108727 26.492932558059692 50.6125108897686 205.98679551295936 27.545055156573653 124.46090537682176 95.841024594381452 52.79733369871974 18.687398009002209 18.641677867621183 20.984202656894922 31.685017585754395 29.976116433739662 19.010651886463165 26.160990431904793 24.347566714510322 18.540039885789156 18.987305078655481 23.28696147352457 278.35041338019073
leaf_count=104 433 150 300 1174 171 719 517 282 105 104 120 176 164 101 150 135 103 103 142 1493
internal_value=-0.000625511 0.0142277 0.00322506 -0.00191056 0.00712685 -0.00428599 -0.0108726 -0.0169864 -0.0236959 -0.0312223 -0.0255879 -0.00345169 0.000265212 -0.0112463 -0.00469024 0.00404354 0.0211059 -0.0135531 0.00432648 0.00237268
internal_weight=1219.15 97.0669 70.574 1122.08 233.532 888.547 363.098 238.637 185.839 135.467 116.825 50.3724 525.449 137.023 118.012 88.0359 44.701 43.3349 388.426 365.139
internal_count=6746 554 404 6192 1345 4847 2023 1304 1022 741 637 281 2824 756 655 491 253 238 2068 1926
cat_boundaries=0 1
cat_threshold=186
is_linear=0
shrinkage=0.0560727


Tree=91
num_leaves=18
num_cat=0
split_feature=319 217 307 311 22 317 50 9 225 87 21 127 28 190 28 219 5
split_gain=6.61616 9.6886 6.17118 5.9566 7.22728 8.63363 6.42086 8.47323 8.16682 10.7631 7.7193 8.41858 7.26323 6.84703 7.08998 5.46957 5.4521
threshold=0.22450000000000003 0.13079116179615113 0.42450000000000004 0.8660000000000001 11.500000000000002 0.65650000000000019 247.50000000000003 218.50000000000003 72.250000000000014 75.500000000000014 2.5000000000000004 152.50000000000003 535.50000000000011 3.4749373433583965 371.50000000000006 6.5000000000000009 1429.5000000000002
decision_type=2 2 2 2 2 2 2 2 2 2 2 2 2 2 2 2 2
left_child=1 2 -1 6 -5 -6 7 10 9 -9 11 12 13 14 -2 -3 -14
right_child=3 15 -4 4 5 -7 -8 8 -10 -11 -12 -13 16 -15 -16 -17 -18
leaf_value=-0.029130884868261365 -0.0020585201252481468 0.01604579897034461 0.012629851816843802 -0.0074724211185840878 0.049800895101502513 0.0039998497521664712 0.024751699999796293 -0.037672787444338891 -0.04695695136599122 0.013823778932333075 -0.038082409945606882 0.034637423872801214 -0.0050472448394561298 -0.028710489399916456 0.014512437373585648 0.053888156785132736 -0.044845610170993977
leaf_weight=19.591360524296761 730.12905485928059 32.262476235628128 25.741641946136951 34.770720910280943 24.44640963897109 27.511065945029259 25.585126802325249 22.563819386065006 26.193246511742473 29.365805488079786 18.47807651758194 19.85384339466691 21.959504690021276 27.398568540811539 91.335341762751341 19.146486524492502 21.359556831419468
leaf_count=103 4007 195 148 185 150 162 154 121 153 167 101 109 119 150 488 108 126
internal_value=-0.00058959 0.0134794 -0.00541428 -0.00180395 0.0123108 0.025553 -0.00298775 -0.00369156 -0.0214288 -0.00854893 -0.00220222 -0.00147508 -0.00227889 -0.00113578 -0.000215857 0.0301432 -0.0246749
internal_weight=1217.69 96.742 45.333 1120.95 86.7282 51.9575 1034.22 1008.64 78.1229 51.9296 930.514 912.036 892.182 848.863 821.464 51.409 43.3191
internal_count=6746 554 251 6192 497 312 5695 5541 441 288 5100 4999 4890 4645 4495 303 245
is_linear=0
shrinkage=0.0560727


Tree=92
num_leaves=21
num_cat=0
split_feature=118 129 314 66 281 241 312 297 128 64 172 304 153 157 153 62 17 237 9 218
split_gain=8.27172 11.5157 12.4195 9.98188 10.2988 9.90981 8.15968 8.00313 7.49536 8.85593 8.35834 7.46871 9.51513 11.133 9.10989 8.83299 6.95852 10.3779 6.80804 6.10127
threshold=333.50000000000006 3652.5000000000005 116.10000000000001 16.500000000000004 -8.843959274899218 14.361996643891947 0.36650000000000005 0.37668918918918926 3602.5000000000005 3629.5000000000005 31.500000000000004 98.300000000000026 2.0918718091057991 2.1659327592125215 1.9170817956275414 115.50000000000001 9.5000000000000018 1.5452854852571307 181.50000000000003 0.39152846257283735
decision_type=2 2 2 2 2 2 2 2 2 2 2 2 2 2 2 2 2 2 2 2
left_child=3 5 16 4 -1 6 -2 8 9 11 -10 12 15 -14 -13 -6 17 19 -8 -3
right_child=1 2 -4 -5 7 -7 18 -9 10 -11 -12 14 13 -15 -16 -17 -18 -19 -20 -21
leaf_value=0.033589726617743898 0.00044115802169967052 0.03581257442824775 0.04556476713648025 0.037218013944517195 -0.0022819482787536463 0.011727328198603846 -0.068287500676773985 -0.032884336544608372 0.0028919086215640427 0.035610025795071436 -0.049199588223501942 0.03537406094563092 0.016936360626176466 -0.017677673559681004 -0.0099288629684681478 -0.040198489099114679 0.023977611948970141 -0.030972504410278368 -0.0288040210827562 -0.0099490233132451585
leaf_weight=30.657325860112906 18.015311177819967 15.630672559142111 17.645811546593904 25.404577985405922 570.22857918962836 19.767357472330332 21.061607714742422 21.965008821338415 19.650860618799925 24.589609438553452 19.085065804421902 41.478355720639229 161.28797724843025 35.673185102641582 21.025415552780032 19.995324552059174 20.37006239593029 44.501675128936768 39.524160418659449 22.120729502290487
leaf_count=173 97 98 93 132 3038 114 114 124 108 182 103 246 910 192 137 102 121 256 220 124
internal_value=0.000345414 -0.00952627 0.00211071 0.00252341 0.00161045 -0.0237556 -0.0326813 0.000561685 0.00136651 0.00243609 -0.0227696 0.00147584 -5.31783e-06 0.0106663 0.0201322 -0.00356678 -0.00535974 -0.0126272 -0.0425329 0.00899418
internal_weight=1209.68 218.637 120.269 991.041 965.637 98.3684 78.6011 934.979 913.014 874.278 38.7359 849.689 787.185 196.961 62.5038 590.224 102.623 82.2531 60.5858 37.7514
internal_count=6684 1237 692 5447 5315 545 431 5142 5018 4807 211 4625 4242 1102 383 3140 599 478 334 222
is_linear=0
shrinkage=0.0560727


Tree=93
num_leaves=21
num_cat=2
split_feature=118 46 139 72 105 55 40 263 276 324 175 72 166 184 250 140 306 257 297 233
split_gain=7.38006 15.3594 10.5278 10.1717 10.1982 9.38728 9.28157 8.31894 7.98329 7.89094 9.00354 7.89268 10.8351 11.6792 11.3537 8.8033 10.8268 10.3466 10.0833 7.41962
threshold=333.50000000000006 15797.500000000002 368.65500000000009 0 15.500000000000002 360.50000000000006 15.500000000000002 -1.2424999999999999 -8.843959274899218 0.93500000000000016 0.6827332559039877 1 1.2015681779959542 69.450000000000017 1.854527873017469 2023.5000000000002 0.036500000000000005 0.18394199785177232 0.30495169082125612 1.9650470053674391
decision_type=2 2 2 9 2 2 2 2 2 2 2 9 2 2 2 2 2 2 2 2
left_child=2 -2 6 -3 5 -5 8 -6 -1 11 -11 12 13 19 -15 16 17 -13 -18 -10
right_child=1 3 -4 4 7 -7 -8 -9 9 10 -12 15 -14 14 -16 -17 18 -19 -20 -21
leaf_value=0.028712449949296219 -0.038301226596410436 0.012204435680337454 0.038649816419313913 -0.0033968904590633733 -0.015548539594093946 -0.051946625084384412 0.019821593301595868 0.0361727099514845 0.0162261381638217 -0.030160193130100793 0.0072828862964868278 -0.0035091976166452404 0.01860816186981042 -0.053924046736908142 -0.013029385265298572 0.022941754227454928 0.0076523225972352999 -0.044838077593708607 -0.026738284261716865 -0.021993885538979671
leaf_weight=29.075457818806171 44.734708677977324 82.045196071267128 24.545450385659933 21.595788687467575 23.300001733005047 29.82614953070879 79.461365826427937 16.844539292156696 42.598263397812843 57.484192065894604 31.114696871489286 61.944899678230286 35.646280340850353 34.856600452214479 55.105925548821688 68.192260928452015 388.29253056459129 27.506880357861519 28.791222274303436 25.545891501009464
leaf_count=158 244 468 256 123 139 163 479 100 220 297 171 304 183 181 283 383 2096 141 161 134
internal_value=0.000327354 -0.00900367 0.00238516 -0.00145351 -0.0135465 -0.0315605 0.00146314 0.00614974 -0.000182885 -0.00116333 -0.0170089 0.000663322 -0.0088586 -0.0156125 -0.0288763 0.0039589 0.00148116 -0.01622 0.00527793 0.00189578
internal_weight=1208.51 218.346 990.162 173.612 91.5665 51.4219 965.616 40.1445 886.155 857.08 88.5989 768.481 193.753 158.107 89.9625 574.728 506.536 89.4518 417.084 68.1442
internal_count=6684 1237 5447 993 525 286 5191 239 4712 4554 468 4086 1001 818 464 3085 2702 445 2257 354
cat_boundaries=0 1 2
cat_threshold=787 773
is_linear=0
shrinkage=0.0560727


Tree=94
num_leaves=21
num_cat=0
split_feature=147 155 163 171 211 272 283 296 71 144 297 4 51 248 187 154 177 324 5 306
split_gain=7.05204 7.08466 9.16092 8.67024 8.97302 8.13662 11.8327 9.89241 10.0379 9.69692 9.02565 8.89484 7.70704 7.25211 7.15101 6.70577 7.04022 6.58186 8.1259 10.5175
threshold=0.21150000000000002 0.40936473165388837 3.7386363636363642 0.74772727272727291 1.0964640198511169 2.0609472262426674 4.6306818181818192 0.55291153415453542 64.500000000000014 1.1795000000000002 0.32305502846299816 1544.5000000000002 38.500000000000007 0.48666429587482224 0.10850000000000001 0.2409379340445986 0.17521929824561405 0.93500000000000016 1470.5000000000002 0.036500000000000005
decision_type=2 2 2 2 2 2 2 2 2 2 2 2 2 2 2 2 2 2 2 2
left_child=1 5 3 -3 -5 6 10 8 9 12 17 15 13 -7 -13 -11 -17 18 19 -1
right_child=-2 2 -4 4 -6 7 -8 -9 -10 11 -12 14 -14 -15 -16 16 -18 -19 -20 -21
leaf_value=-0.01164758770350215 0.028202351023692847 -0.034015443212404732 -0.047092109163784014 -0.015940540777233336 0.034822200981843264 -0.0098130712213797388 -0.020432244526807995 -0.014522086906685281 -0.02683352354298997 0.012476065935414353 -0.027995807605869689 -0.01424613658831235 0.045383643858059354 0.032688810583173369 0.028820368422035631 0.001025610208496709 -0.046596753839278041 -0.01481316051422063 -0.0012736577251352165 0.018747148524681442
leaf_weight=45.212159380316734 27.853851683437824 21.90543881803751 21.900820903480053 22.108457114547491 21.683818880468607 22.315311204642057 97.501352313905954 49.009269587695599 18.529104251414537 28.609526447951794 33.366059478372335 15.25400325655937 48.561228327453136 29.046608185395598 58.962086210027337 19.132723122835159 19.910623870790005 66.469513110816479 367.33667343854904 171.74232515133917
leaf_count=234 153 124 118 122 118 123 552 293 102 148 184 90 271 168 383 99 100 362 1860 1080
internal_value=0.000316046 -0.000342891 -0.0156853 -0.00521283 0.00919116 0.000888886 -0.00215731 0.00858664 0.0129378 0.0159863 0.000447003 0.00656078 0.0293668 0.0142199 0.0199665 -0.00814311 -0.0232562 0.0019056 0.00380783 0.0124123
internal_weight=1206.41 1178.56 87.5985 65.6977 43.7923 1090.96 781.628 309.33 260.321 241.792 684.127 141.869 99.9231 51.3619 74.2161 67.6529 39.0433 650.761 584.291 216.954
internal_count=6684 6531 482 364 240 6049 4272 1777 1484 1382 3720 820 562 291 473 347 199 3536 3174 1314
is_linear=0
shrinkage=0.0560727


Tree=95
num_leaves=21
num_cat=1
split_feature=4 0 226 228 190 3 294 265 4 114 170 225 248 224 144 211 255 58 153 313
split_gain=6.57959 8.38476 6.99783 7.63863 7.14039 6.65235 9.68479 8.51904 8.10633 8.11127 7.82168 7.87956 8.03493 8.46354 7.76292 6.83946 6.7567 9.42598 7.2808 6.16993
threshold=2073.5000000000005 1.0000000180025095e-35 0.11650000000000002 0.27550000000000008 1.048199767711963 0 -0.093748474729695566 0.086500000000000007 1399.5000000000002 114.50000000000001 -6.9525415006783255 77.950000000000017 0.57719393282773568 1.8155000000000003 1.2795000000000003 1.3273959646910469 0.66272065004202874 885.00000000000011 2.1434834418719149 227.05000000000004
decision_type=2 2 2 2 2 1 2 2 2 2 2 2 2 2 2 2 2 2 2 2
left_child=1 2 3 5 -4 6 7 -1 16 15 -7 12 13 -12 -14 -10 18 -18 -8 -3
right_child=-2 19 4 -5 -6 10 8 -9 9 -11 11 -13 14 -15 -16 -17 17 -19 -20 -21
leaf_value=-0.029709648260017582 0.033396033048774101 -0.026978425272028844 -0.037209783683259369 0.035317989935570469 0.0043646598973696767 -0.030650351593185417 0.0041214262002012272 0.016529696990449538 0.022372874641961939 -0.011628093680821289 -0.0032254477160844554 0.027296262078647365 -0.0033247038891373749 -0.029585526100126588 0.020925434444254695 0.061521195558274427 -0.031741161492341075 0.012147044821959463 0.042632744890466291 -0.00026569083693529268
leaf_weight=35.450580248609185 18.594436580315232 60.495439000427723 29.11861820332706 21.581671759486198 23.436732694506645 28.065869100391865 62.358802400529385 19.368842620402575 98.80338916182518 18.970373664051294 401.41433546692133 30.730090817436576 83.549895439296961 42.338574148714542 82.457276672124863 16.361575059592724 32.326583236455917 29.353761285543442 20.516889810562134 49.396629996597767
leaf_count=216 142 291 162 135 130 151 306 107 646 113 2199 174 452 227 457 119 162 157 102 236
internal_value=0.000299978 -0.000218749 0.00128763 0.00231229 -0.018667 0.00160126 0.00793567 -0.0133694 0.0124118 0.0223397 -0.00165242 -0.000407268 -0.00180373 -0.00574087 0.00871962 0.0279364 0.00319842 -0.0108522 0.0136575 -0.0149725
internal_weight=1204.69 1186.1 1076.2 1023.65 52.5554 1002.07 333.511 54.8194 278.691 134.135 668.556 640.49 609.76 443.753 166.007 115.165 144.556 61.6803 82.8757 109.892
internal_count=6684 6542 6015 5723 292 5588 1928 323 1605 878 3660 3509 3335 2426 909 765 727 319 408 527
cat_boundaries=0 1
cat_threshold=114
is_linear=0
shrinkage=0.0560727


Tree=96
num_leaves=21
num_cat=2
split_feature=2 9 100 33 220 181 151 73 73 72 284 316 254 115 308 266 127 233 51 233
split_gain=7.59387 9.87748 14.0862 11.8967 7.85073 7.71777 8.16668 7.32799 11.5611 8.51546 9.15959 10.6333 8.94714 8.8378 9.90852 7.95161 8.49494 7.59404 6.83015 9.40919
threshold=0 60.500000000000007 105.50000000000001 1817.5000000000002 12.915562952367415 12.500000000000002 0.42020373514431247 161.50000000000003 142.50000000000003 1 0.55777777777777793 81.250000000000014 0.17636549776892799 1.0000000180025095e-35 0.5655 0.15750000000000003 102.50000000000001 1.8537007176655322 33.500000000000007 1.6096292569896484
decision_type=1 2 2 2 2 2 2 2 2 9 2 2 2 2 2 2 2 2 2 2
left_child=1 5 -3 -4 -5 6 -1 8 9 13 11 12 -11 14 -2 16 -9 -10 -18 -20
right_child=7 2 3 4 -6 -7 -8 15 17 10 -12 -13 -14 -15 -16 -17 18 -19 19 -21
leaf_value=-0.030938037299990093 -0.058577956643750206 0.027465370531959622 -0.038477076549003078 0.018477170778439592 -0.02550747758730143 -0.051526715413588248 0.014068772353177959 -0.048260017669909616 0.045399128883633004 0.00019105147222259685 0.016999248671558453 0.027953417900833645 -0.033797502680645207 -0.00087537257465988036 -0.0042505275649603273 0.019326283186067581 -0.029551383915826981 0.0065700955167069929 0.014579459447014779 -0.011999050406127922
leaf_weight=33.062592774629593 19.528693538159132 39.559982627630234 34.63475763052702 36.910172615200281 19.49721984565258 24.783884651958942 20.552155025303364 16.617853030562401 34.848120272159576 193.8267574608326 183.29034268856049 38.19914860650897 27.848236784338951 186.27718626335263 22.986360482871532 34.211121797561646 34.386612690985203 29.048642553389072 65.999269913882017 114.58055953681469
leaf_count=155 104 211 184 193 107 131 107 91 194 1048 1131 200 162 1018 117 190 203 159 374 651
internal_value=4.46883e-06 -0.00946237 -0.000469306 -0.0126094 0.00327092 -0.0256485 -0.0136826 0.00205392 0.00495701 0.0027894 0.00723708 0.000629625 -0.00407815 -0.00588407 -0.0292093 -0.0059054 -0.00963352 0.0277495 -0.00664665 -0.00228409
internal_weight=1210.65 209.001 130.602 91.0422 56.4074 78.3986 53.6147 1001.65 735.853 671.957 443.164 259.874 221.675 228.792 42.5151 265.795 231.584 63.8968 214.966 180.58
internal_count=6730 1088 695 484 300 393 262 5642 4133 3780 2541 1410 1210 1239 221 1509 1319 353 1228 1025
cat_boundaries=0 1 2
cat_threshold=80 781
is_linear=0
shrinkage=0.0560727


Tree=97
num_leaves=21
num_cat=2
split_feature=44 10 2 200 138 311 223 279 225 182 195 321 312 144 289 105 265 149 249 2
split_gain=7.30549 9.10427 8.81441 11.7707 9.66063 11.6398 8.99613 8.50239 10.9458 8.43029 9.02971 8.23069 8.21001 8.13087 10.0941 8.00733 7.83853 7.62958 9.76556 9.01534
threshold=678.50000000000011 173.50000000000003 0 0.5147186147186148 593.0100000000001 0.87550000000000006 1.1992107072446816 0.63356807511737101 75.15000000000002 1.4238501687778276 0.42640692640692646 0.34050000000000008 0.75250000000000006 1.2335000000000003 0.37176079734219275 14.500000000000002 0.058500000000000003 2.0262510254306814 0.45867486338797819 1
decision_type=2 2 1 2 2 2 2 2 2 2 2 2 2 2 2 2 2 2 2 1
left_child=1 2 3 11 17 6 16 8 -3 10 12 -1 -8 14 -13 -2 -6 18 19 -4
right_child=15 7 4 -5 5 -7 9 -9 -10 -11 -12 13 -14 -15 -16 -17 -18 -19 -20 -21
leaf_value=0.011477446575632252 -0.0035693663187662612 -0.0016260654560655843 -0.0064184828430334465 0.024994577387354396 -0.0031961193974177318 0.034968154473420665 -0.035155676319170819 -0.047996853046962148 -0.037196492961181347 0.011184768930675491 0.016273303640058915 -0.029208309342294469 -0.0034907387495592981 -0.042032102212303794 0.018322058846614767 0.045545533843218008 0.019037459483712476 0.016883240157670034 -0.036306536560108058 0.023952230671593328
leaf_weight=24.572304658591747 19.300527736544609 152.12766038998961 70.859109502285719 23.974838100373745 179.6312626414001 25.735697202384472 83.633459342643619 18.357086434960365 33.125196177512407 34.482387356460094 18.893209755420685 36.121722854673862 37.211449954658747 46.696158107370138 22.984725818037987 22.710289783775806 69.005458191037178 228.56650525890291 19.840394243597984 41.533251848071814
leaf_count=132 106 849 359 121 909 139 449 104 183 190 100 176 197 246 122 132 371 1453 106 286
internal_value=4.65501e-06 -0.000821973 0.00145399 -0.0104355 0.00380344 -0.00164317 -0.00387181 -0.0115955 -0.0079874 -0.0136424 -0.0197701 -0.0177526 -0.0254066 -0.0245427 -0.0107224 0.0229777 0.00297386 0.0106812 -3.78321e-05 0.00636332
internal_weight=1209.36 1167.35 963.742 154.35 809.392 448.593 422.857 203.61 185.253 174.221 139.738 130.375 120.845 105.803 59.1064 42.0108 248.637 360.799 132.233 112.392
internal_count=6730 6492 5356 797 4559 2355 2216 1136 1032 936 746 676 646 544 298 238 1280 2204 751 645
cat_boundaries=0 1 2
cat_threshold=80 1186
is_linear=0
shrinkage=0.0560727


Tree=98
num_leaves=21
num_cat=1
split_feature=229 243 229 206 307 229 194 138 2 205 193 282 90 183 200 155 138 312 305 233
split_gain=6.30024 11.0706 10.5835 10.7341 8.1243 6.64382 7.68816 6.85652 6.78779 8.7437 14.9398 9.00347 9.78163 8.67863 8.3827 9.4725 7.22351 8.19423 7.73883 6.97436
threshold=3.7062996031746036 6.2111111111111121 3.9164414414414419 0.83161381339272189 0.40050000000000008 3.5911067193675894 0.30992957746478877 956.5350000000002 0 -0.19254240137724507 -0.16910380217271573 77.500000000000014 1.0000000180025095e-35 -1.6724999999999997 0.3246621621621622 0.38507877664504181 535.4000000000002 0.43550000000000005 0.78050000000000008 1.3914540349589479
decision_type=2 2 2 2 2 2 2 2 1 2 2 2 2 2 2 2 2 2 2 2
left_child=1 5 4 -4 -2 7 -7 8 14 -10 -11 12 -12 -13 16 19 17 -1 -19 -16
right_child=2 -3 3 -5 -6 6 -8 -9 9 10 11 13 -14 -15 15 -17 -18 18 -20 -21
leaf_value=0.015109853111298666 -0.0048519379073241669 -0.036057074995538285 -0.029779273800257165 0.014360542993126089 0.042365823737400971 -0.045292411245122982 0.0031685811993430023 -0.033691883497760464 0.043851612256417968 -0.038383364661115249 0.0043924066759107212 -0.016766278356546288 -0.019946680984492027 0.02827466231463634 0.031566554664275374 -0.025578374697028717 -0.046790887659859226 -0.03418252798803692 0.0071828693669074625 0.0010362185253679941
leaf_weight=26.646599397063255 15.723994452506302 28.219882022589445 28.065655648708344 45.247888803482056 42.162798661738634 21.888583667576313 19.418164253234863 18.173289235681295 16.853332156315446 26.419713318347931 524.39875240065157 16.210817031562328 57.619367375969887 78.87172912992537 31.964064795523882 31.141747411340475 22.170835219323635 46.850755587220192 20.408465623855591 89.156945787370205
leaf_count=135 82 156 153 244 234 111 115 108 130 161 2913 101 340 473 163 164 107 243 111 486
internal_value=1.35632e-05 -0.00140029 0.0116145 -0.00253482 0.0295372 -0.000467073 -0.0225074 0.000436967 0.00106446 0.0038845 0.00298202 0.00459632 0.00198256 0.0205938 -0.00641134 0.00200199 -0.0180012 -0.0112021 -0.0216287 0.00909467
internal_weight=1207.61 1076.41 131.2 73.3135 57.8868 1048.19 41.3067 1006.89 988.713 720.374 703.52 677.101 582.018 95.0825 268.339 152.263 116.077 93.9058 67.2592 121.121
internal_count=6730 6017 713 397 316 5861 226 5635 5527 4118 3988 3827 3253 574 1409 813 596 489 354 649
cat_boundaries=0 1
cat_threshold=1104
is_linear=0
shrinkage=0.0560727


Tree=99
num_leaves=21
num_cat=2
split_feature=44 73 56 266 304 296 72 2 312 168 188 316 284 254 308 139 18 196 319 307
split_gain=6.59182 10.3875 11.0774 10.2839 8.41906 8.29852 7.8327 8.81309 8.5001 9.68818 9.50437 8.05468 8.76255 9.31001 7.91893 7.55469 8.41175 8.25376 10.1753 7.85994
threshold=678.50000000000011 160.50000000000003 6.5000000000000009 0.15150000000000002 121.35000000000001 0.42146381578947373 0 1 0.34050000000000008 0.49431744801756433 2.482732919254659 81.800000000000026 0.55777777777777793 0.12401390221736133 0.86950000000000005 55.039999999999971 6.5000000000000009 12.174298015439957 0.41350000000000003 0.60450000000000015
decision_type=2 2 2 2 2 2 9 1 2 2 2 2 2 2 2 2 2 2 2 2
left_child=1 2 4 -3 6 -2 8 -8 -1 10 -10 12 13 -9 -14 17 -17 18 -4 -19
right_child=5 3 15 -5 -6 -7 7 11 9 -11 -12 -13 14 -15 -16 16 -18 19 -20 -21
leaf_value=-0.046752041457823246 0.051530512730690592 -0.014387706116588647 0.02058191624137827 0.016602472824647871 0.035120672655958723 0.00080378296851378714 -0.011507140017459783 -0.00023011594966907621 -0.018280658055200759 -0.027331724564356268 0.026158391496863491 0.031013675352773579 0.024790400058371083 -0.03966059182765453 -0.013292302852929037 0.016686341257192382 0.062478772557712434 0.040320080492642005 -0.011123315491723264 -0.002152002624203083
leaf_weight=23.233523771166801 17.36384205520153 244.13184836506844 44.83118661493063 39.048635672777891 18.2040128223598 24.38722588121891 126.07391741126776 138.4623335711658 28.082312390208244 51.773666067048907 32.807870719581842 35.247352696955204 73.179837057366967 21.791326105594635 22.423304853960872 83.585665248334408 14.858577163890002 33.730955228209496 109.70670272037387 23.057566378265619
leaf_count=118 96 1377 240 217 118 142 637 739 144 271 176 191 453 117 133 603 106 178 549 125
internal_value=1.35724e-05 -0.00077135 0.00223125 -0.0101138 -0.00239836 0.0219048 -0.0036336 0.000343699 -0.0147818 -0.00949933 0.00566065 0.00568842 0.0024212 -0.005593 0.0158566 0.0107697 0.0235999 0.00479205 -0.0019246 0.0230727
internal_weight=1205.98 1164.23 881.05 283.18 571.279 41.7511 553.075 417.178 135.897 112.664 60.8902 291.104 255.857 160.254 95.6031 309.771 98.4442 211.326 154.538 56.7885
internal_count=6730 6492 4898 1594 3097 238 2979 2270 709 591 320 1633 1442 856 586 1801 709 1092 789 303
cat_boundaries=0 1 2
cat_threshold=783 82
is_linear=0
shrinkage=0.0560727


Tree=100
num_leaves=21
num_cat=2
split_feature=4 313 0 313 139 57 23 279 110 267 206 57 319 217 106 72 186 220 139 72
split_gain=6.5973 7.34962 5.58799 11.4324 9.09181 6.54954 9.31116 8.65807 10.083 8.59354 10.8609 7.54017 7.07162 8.95705 10.9916 8.39191 10.1436 8.47475 8.19452 11.9974
threshold=1072.5000000000002 126.7 1.0000000180025095e-35 225.35000000000002 -82.639999999999972 14.500000000000002 76.500000000000014 0.43705985915492962 17803.500000000004 0.099500000000000019 0.84231143290520627 19.500000000000004 0.40950000000000003 0.25677655677655681 59.500000000000007 0 0.18950000000000003 5.748322293724569 -62.684999999999995 1
decision_type=2 2 2 2 2 2 2 2 2 2 2 2 2 2 2 9 2 2 2 9
left_child=1 -1 5 4 -4 12 9 8 -8 -7 -11 -9 -2 14 18 -15 17 -17 -14 -20
right_child=2 -3 3 -5 -6 6 7 11 -10 10 -12 -13 13 15 -16 16 -18 -19 19 -21
leaf_value=0.0047831208221377043 0.011388593257681762 -0.044623912425261779 0.0047978775095638667 0.0066713151884706563 -0.041779728498598921 -0.052483810566845354 0.043337231736666287 -0.031919902631551735 -0.010427287156097444 -0.044298806190057521 0.0093316913887124976 0.012232647275217005 -0.0098679487332448187 -0.031558839404305206 0.031262605825687566 0.0081150998037804456 0.035324237917801198 -0.029650301318439824 -0.012606031549686017 0.011321825238311118
leaf_weight=16.328905910253525 227.18314680270851 22.506766773760319 18.636791802942753 55.725700102746487 44.923296838998795 23.144009485840797 25.598373156040907 29.347954738885164 19.180985070765018 19.228032689541578 31.026308629661798 20.758884694427252 153.95956259593368 39.049298569560051 40.462672434747219 36.532753974199295 18.357237074524164 38.225824490189552 78.947138722985983 260.92104388400912
leaf_count=78 1337 156 86 265 216 122 136 168 108 101 166 111 799 231 232 218 108 209 427 1523
internal_value=-0.0011061 -0.0238462 -0.000358303 -0.0118655 -0.02812 0.000934158 -0.00921334 0.00238553 0.0203041 -0.02421 -0.0111852 -0.0136247 0.00284526 -6.67825e-05 0.00316607 -0.0131371 -0.00182469 -0.0111932 0.000863573 0.00572541
internal_weight=1220.04 38.8357 1181.21 119.286 63.5601 1061.92 168.285 94.8862 44.7794 73.3984 50.2543 50.1068 893.639 666.456 534.29 132.165 93.1158 74.7586 493.828 339.868
internal_count=6797 234 6563 567 302 5996 912 523 244 389 267 279 5084 3747 2981 766 535 427 2749 1950
cat_boundaries=0 1 2
cat_threshold=840 1036
is_linear=0
shrinkage=0.0560727


Tree=101
num_leaves=21
num_cat=0
split_feature=147 71 225 166 120 155 246 5 312 116 116 180 277 0 315 139 70 200 320 137
split_gain=8.28958 6.1507 9.27217 11.0015 6.33915 6.55656 6.65766 6.31318 5.81921 8.83386 14.1105 5.67033 5.64244 5.41976 10.0921 6.17715 8.77536 6.93405 4.99177 1.2806
threshold=0.21050000000000002 64.500000000000014 72.65000000000002 0.91306454211551979 29.500000000000004 0.40936473165388837 1.1646226529450285 1913.5000000000002 0.93700000000000017 2.5000000000000004 9.5000000000000018 4.5211023186834485 1.2746813526967118 1.0000000180025095e-35 140.35000000000002 -54.539999999999957 43.500000000000007 0.60749299719887961 0.31550000000000006 549.12000000000012
decision_type=2 2 2 2 2 2 2 2 2 2 2 2 2 2 2 2 2 2 2 2
left_child=1 4 3 -3 5 7 11 8 13 19 -11 -7 -9 15 18 16 -1 -17 -15 -10
right_child=-2 2 -4 -5 -6 6 -8 12 9 10 -12 -13 -14 14 -16 17 -18 -19 -20 -21
leaf_value=-0.011642029684860996 0.028213976651444227 0.019182210702143279 -0.046182610337152624 -0.032645893361119414 0.032650896663053465 -0.012293660161156336 0.012268197657972914 -0.037667781466904228 0.025990655214762716 -0.030487921691006253 0.027255242396918317 -0.048372513050971601 -7.6816825902954308e-05 -0.0022246293450703201 0.017922803225037458 0.0031007412828916044 0.015336010659169398 0.038064033283704328 -0.03618632423948058 0.047549424325764353
leaf_weight=196.88185160979629 29.67069223895669 28.822614807635546 23.855472639203072 23.274462234228849 17.595413900911808 34.508655402809381 18.245879527181387 25.930929645895958 17.5927121527493 24.927105158567429 28.539389412850142 22.728090655058622 24.354216385632753 19.908930033445358 23.030879735946655 532.53706015460193 46.944677364081144 18.453369908034801 43.06324315816164 17.171187618747354
leaf_count=1003 165 158 127 136 95 195 99 142 90 145 161 121 147 93 108 3161 242 99 203 107
internal_value=-0.00106058 -0.00179164 -0.01723 -0.00396909 -0.0007374 -0.00127416 -0.0172202 -9.31814e-05 0.000911891 0.0146411 0.000331222 -0.0266233 -0.019465 -0.000463168 -0.0138346 0.000983489 -0.00644718 0.00427204 -0.0254519 0.0366445
internal_weight=1218.04 1188.37 75.9525 52.0971 1112.41 1094.82 75.4826 1019.34 969.05 88.2304 53.4665 57.2367 50.2851 880.82 86.0031 794.817 243.827 550.99 62.9722 34.7639
internal_count=6797 6632 421 294 6211 6116 415 5701 5412 503 306 316 289 4909 404 4505 1245 3260 296 197
is_linear=0
shrinkage=0.0560727


Tree=102
num_leaves=21
num_cat=0
split_feature=4 313 159 165 232 155 166 212 0 315 4 242 309 200 263 193 288 324 50 69
split_gain=5.93661 6.72382 6.66728 10.1422 9.82606 7.27436 6.18755 5.9629 5.38474 11.0404 6.3176 6.41641 6.0659 5.35704 6.10458 9.93045 7.19968 9.22789 7.82562 7.101
threshold=1072.5000000000002 126.7 0.61583184257602874 0.050738844310942423 20.500000000000004 0.40936473165388837 1.2015681779959542 44.500000000000007 1.0000000180025095e-35 140.35000000000002 1889.5000000000002 69.500000000000014 0.66850000000000021 0.60566188197767157 -1.1004999999999998 -0.22017796043094404 0.5187529301453353 0.94450000000000001 25.500000000000004 24.500000000000004
decision_type=2 2 2 2 2 2 2 2 2 2 2 2 2 2 2 2 2 2 2 2
left_child=1 -1 5 -4 -5 8 -7 -6 10 12 13 -12 -10 14 15 -2 17 -16 -18 -17
right_child=2 -3 3 4 7 6 -8 -9 9 -11 11 -13 -14 -15 16 19 18 -19 -20 -21
leaf_value=0.0045078691104182868 -0.042503964082442593 -0.043007402621656809 0.036795765980302278 0.028495858421048063 -0.034886326924713162 -0.031728485278328798 0.0039848402381581251 0.0070678720328293228 -0.035178491811799148 0.016019967221819947 0.041209187072417455 -0.0037930560973360897 -0.004629814108177345 0.023917083743679381 0.0035465969504874101 -0.0012926100899503248 0.04431492435586773 -0.031602440181229825 0.0063788987775951394 -0.028819929794400203
leaf_weight=16.322263389825821 21.458857636898756 21.945815693587065 37.043192144483328 24.680214358493686 23.52830396220088 44.278993248939514 23.257157165557146 19.451832830905914 49.12166490405798 32.478315338492393 24.028946889564395 17.004762310534716 35.020128980278969 28.522988922894001 280.45309579372406 386.34466859325767 26.766912899911404 25.629880711436272 47.358682151883841 31.897999111562967
leaf_count=78 122 156 196 143 128 248 122 111 232 153 229 150 168 151 1507 2191 148 135 258 171
internal_value=-0.00100196 -0.022737 -0.000295934 0.0132102 0.000294871 -0.00161326 -0.0194277 -0.0158952 -0.000417248 -0.0117464 0.00106797 0.0225561 -0.022466 2.85127e-05 -0.00080234 -0.00530163 0.00440055 0.000602813 0.0200801 -0.00339245
internal_weight=1216.59 38.2681 1178.33 104.704 67.6604 1073.62 67.5362 42.9801 1006.09 116.62 889.467 41.0337 84.1418 848.433 819.91 439.702 380.209 306.083 74.1256 418.243
internal_count=6797 234 6563 578 382 5985 370 239 5615 553 5062 379 400 4683 4532 2484 2048 1642 406 2362
is_linear=0
shrinkage=0.0560727


Tree=103
num_leaves=16
num_cat=0
split_feature=147 4 154 138 139 44 159 180 260 237 149 235 140 228 315
split_gain=7.36156 6.00865 5.76748 6.69525 6.4637 6.16591 5.80126 8.07357 8.01123 6.67761 11.7247 8.52223 4.49179 2.83159 1.61945
threshold=0.21150000000000002 1072.5000000000002 -0.23622018569828165 229.01000000000002 326.24000000000007 711.00000000000011 0.61583184257602874 3.1788313092462048 11.021044695586871 1.9723592623597312 2.8423232323232326 0.35604829347573724 2018.5000000000002 0.14150000000000001 90.500000000000014
decision_type=2 2 2 2 2 2 2 2 2 2 2 2 2 2 2
left_child=1 13 -3 -4 5 6 9 -8 -9 11 -11 -5 14 -1 -6
right_child=-2 2 3 4 12 -7 7 8 -10 10 -12 -13 -14 -15 -16
leaf_value=-0.040169645668123199 0.027347949855914672 -0.024280264756333381 -0.026078373485294862 -0.0029642213207508087 0.06386576234811947 0.028361519140234718 0.038923768312573367 0.021036548019179341 -0.019350152931205657 -0.034993675775400482 0.0016529503212606906 0.012026115379699021 -0.0040467472779451112 -0.0079271006858890134 0.02868193217226337
leaf_weight=17.895135927945375 28.238550912588835 32.328133758157492 30.706991199404001 698.43279456719756 7.985384199768311 23.254329703748226 26.33820016682148 32.521853413432837 29.403808880597353 50.45414824411273 60.185761496424675 143.79177742823958 8.7100130617618543 16.452206484973431 8.5361561104655248
leaf_count=117 158 178 162 3703 105 135 140 182 159 271 333 850 111 96 97
internal_value=-0.000946482 -0.00161975 -0.000930927 -0.000257001 0.00047055 -0.000194242 -0.000832224 0.0129201 0.00185736 -0.00210628 -0.0150573 -0.000404746 0.0285203 -0.0247307 0.0456987
internal_weight=1215.24 1187 1152.65 1120.32 1089.61 1064.38 1041.13 88.2639 61.9257 952.864 110.64 842.225 25.2316 34.3473 16.5215
internal_count=6797 6639 6426 6248 6086 5773 5638 481 341 5157 604 4553 313 213 202
is_linear=0
shrinkage=0.0560727


Tree=104
num_leaves=21
num_cat=1
split_feature=137 138 72 311 323 306 220 200 209 212 232 260 264 185 157 312 154 314 199 263
split_gain=7.11952 7.71714 5.77538 10.9639 9.14155 8.86267 8.70807 7.09836 9.69853 10.151 8.24606 10.5464 7.30376 6.78711 8.01821 6.89506 7.14781 6.65093 6.17005 6.83255
threshold=968.7700000000001 939.04000000000008 0 0.75950000000000017 0.72850000000000004 0.013500000000000002 8.3973653982044336 0.51668520578420474 0.45368782161234994 49.500000000000007 19.500000000000004 12.41770937990557 68.550000000000011 0.10350000000000001 1.6539681634113739 0.93350000000000011 -0.23622018569828165 38.900000000000006 0.61492122335495847 -1.0834999999999997
decision_type=2 2 9 2 2 2 2 2 2 2 2 2 2 2 2 2 2 2 2 2
left_child=1 2 3 5 -5 6 -1 8 10 -10 -7 -12 -9 15 -15 16 -4 -17 -18 -20
right_child=-2 -3 13 4 -6 7 -8 12 9 -11 11 -13 -14 14 -16 17 18 -19 19 -21
leaf_value=-0.0090941654419004411 0.03525549354323107 -0.032704087566867206 -0.034861337328173481 0.031506263618775537 -0.013400180897420604 -0.019781376996029491 -0.060603916983351783 0.042552101305772645 -0.049906646582449574 -0.0048604688786406669 0.030972242010081346 -0.0071270897277211876 -0.0057309010673614489 0.039315721293904593 -0.00091045248905796759 -1.7177626212462762e-06 0.0021791566688234799 0.033996988735326195 -0.035384235881603915 0.0082692425447285622
leaf_weight=21.1161516495049 17.881512280553579 22.790685411542654 18.371763754636049 40.407233623787761 22.013775795698166 56.311739781871438 20.19766865670681 17.515177335590124 33.568746518343687 29.612684965133667 36.56910602375865 60.853257060050964 22.498296450823545 33.598241960629821 29.036474119871855 34.460794199258089 591.37002700939775 38.061420816928148 29.60659696906805 18.196453284472227
leaf_count=108 158 145 107 237 116 315 105 94 186 161 203 326 135 209 182 212 3237 207 168 104
internal_value=0.000140463 -0.000393282 0.00024506 -0.00554827 0.0156667 -0.0101751 -0.0342808 -0.00629821 -0.0103016 -0.0287966 -0.00269946 0.00717257 0.0154004 0.00291434 0.0206651 0.00143114 -0.000378352 0.0178395 0.00061257 -0.0187641
internal_weight=1194.04 1176.16 1153.37 360.664 62.421 298.243 41.3138 256.929 216.916 63.1814 153.734 97.4224 40.0135 792.702 62.6347 730.067 657.545 72.5222 639.173 47.8031
internal_count=6715 6557 6412 1986 353 1633 213 1420 1191 347 844 529 229 4426 391 4035 3616 419 3509 272
cat_boundaries=0 1
cat_threshold=1157
is_linear=0
shrinkage=0.0560727


Tree=105
num_leaves=21
num_cat=0
split_feature=137 138 257 167 243 324 194 156 270 233 138 319 231 121 33 291 67 175 320 307
split_gain=6.45207 6.9932 5.70046 8.394 9.03199 9.9126 9.91697 8.53228 7.25755 7.12734 6.33444 7.46909 6.16383 5.98264 8.47503 7.97532 10.3027 7.04031 6.75651 5.77334
threshold=968.7700000000001 939.04000000000008 0.22996794871794876 0.29622444217999272 3.0871212121212124 0.72450000000000003 0.24305019305019307 0.19399641577060936 1.2882985658409389 1.8982731795908339 229.01000000000002 0.96750000000000014 1.0597147950089127 19.500000000000004 2216.5000000000005 1.025978407557355 13.500000000000002 0.66224991224991236 -0.34249999999999997 0.92050000000000021
decision_type=2 2 2 2 2 2 2 2 2 2 2 2 2 2 2 2 2 2 2 2
left_child=1 2 10 4 5 6 -4 -6 -5 -9 -1 13 -11 14 18 16 -16 -15 -12 -20
right_child=-2 -3 3 8 7 -7 -8 9 -10 12 11 -13 -14 17 15 -17 -18 -19 19 -21
leaf_value=-0.026964513653965183 0.033837567571463403 -0.031377918643721199 0.050128379224304111 -0.035370179057369687 -0.0021648096480383207 -0.030427921648015128 -0.0052961751141202048 0.05005364006833174 0.013165526199320468 -0.0032418064331874632 0.032893352910288873 -0.035210566100975921 0.036120280735145657 -0.00096617934947978751 -0.0326612249562429 -0.040637219111991918 0.02572403306078334 0.041895411711468176 -0.0016071315530035778 0.019872254958846369
leaf_weight=30.287824630737305 17.594544604420662 22.432458654046059 15.104793727397917 23.423647562041879 32.477705653756857 25.989762350916862 30.930053513497114 37.298713948577642 16.510282285511494 23.512950176373124 19.698264215141535 19.498459288850427 26.70814722776413 25.804422236979008 18.454456508159637 31.832274161279202 19.588118437677622 22.591733120381832 691.15530137345195 41.718911752104759
leaf_count=157 158 145 82 143 181 148 193 210 107 132 123 113 157 143 101 187 105 152 3745 233
internal_value=0.000133722 -0.000370832 0.000232525 0.00808879 0.0129536 -0.00274125 0.0128864 0.0223753 -0.0152996 0.0314837 -0.00174672 -0.000888658 0.0176884 -0.000119973 -0.00124757 -0.0199278 -0.00259449 0.0190389 0.000486652 -0.000384182
internal_weight=1192.61 1175.02 1152.59 231.956 192.022 72.0246 46.0348 119.998 39.9339 87.5198 920.63 890.342 50.2211 870.843 822.447 69.8748 38.0426 48.3962 752.572 732.874
internal_count=6715 6557 6412 1353 1103 423 275 680 250 499 5059 4902 289 4789 4494 393 206 295 4101 3978
is_linear=0
shrinkage=0.0560727


Tree=106
num_leaves=21
num_cat=1
split_feature=3 4 224 277 217 227 206 182 188 154 173 145 144 195 305 316 116 173 169 172
split_gain=5.60147 9.44638 9.69912 9.05958 10.3653 7.87067 7.08316 11.0136 10.4053 8.91934 8.13095 7.77198 7.64245 7.56739 6.3074 6.20287 6.16117 5.99696 10.337 9.53534
threshold=0 1800.5000000000002 1.4795000000000003 1.4338845801963462 0.23570261437908499 0.17950000000000002 0.92069976712185386 1.2122187094830774 3.0301162790697678 0.7911839470048514 1.0793019440755292 71.550000000000011 1.0125000000000002 0.31643132220795894 0.59650000000000014 27.500000000000004 9.5000000000000018 1.0062964678917408 0.46225071225071229 51.500000000000007
decision_type=1 2 2 2 2 2 2 2 2 2 2 2 2 2 2 2 2 2 2 2
left_child=1 2 17 -4 -5 6 8 13 -2 10 12 -12 -9 16 -3 -14 -8 19 -19 -1
right_child=5 14 3 4 -6 -7 7 9 -10 -11 11 -13 15 -15 -16 -17 -18 18 -20 -21
leaf_value=0.0098261539756700472 -0.0038071990082590582 0.0054795879563859047 -0.032709101309491229 0.011976880042026334 -0.033709007644473675 0.024490540129166016 0.023172370790485581 0.011380149804216928 -0.024370232685319976 0.033764910015996151 0.024111898462890517 -0.013601852234690039 -0.043501826384506247 0.039526276202806826 0.061313756998687755 -0.012713529684014683 -0.019612295771442283 0.0099643095595663804 -0.028873178097789186 0.047809898724496008
leaf_weight=165.09128715842962 350.29523835144937 10.956320822238924 38.336874332278967 61.120866008102894 20.971108190715313 31.790451377630234 24.643373351544142 22.760682616382837 99.316132815554738 17.790839232504368 38.096549838781357 31.286452716216445 34.584997965022922 36.335354536771774 15.190611699596046 50.83978177793324 18.543831162154675 67.58625291660428 31.630595318973064 23.77594506368041
leaf_count=890 1879 95 213 344 119 211 140 127 557 113 201 182 201 195 135 297 104 386 189 137
internal_value=0.0001277 0.00513212 0.00315843 -0.0102041 0.000303915 -0.00277939 -0.00401459 0.00307576 -0.00834982 -0.00408452 -0.0078777 0.00710357 -0.0174872 0.020668 0.0379244 -0.0251805 0.00479764 0.00874498 -0.00241565 0.0146088
internal_weight=1190.94 434.66 408.513 120.429 82.092 756.284 724.493 274.882 449.611 195.359 177.568 69.383 108.185 79.5226 26.1469 85.4248 43.1872 288.084 99.2168 188.867
internal_count=6715 2508 2278 676 463 4207 3996 1560 2436 1121 1008 383 625 439 230 498 244 1602 575 1027
cat_boundaries=0 1
cat_threshold=338
is_linear=0
shrinkage=0.0560727


Tree=107
num_leaves=21
num_cat=1
split_feature=3 177 4 231 275 227 121 52 174 146 166 321 218 244 275 206 215 161 316 51
split_gain=5.00292 8.68711 8.55178 7.82942 7.92922 7.05032 6.41413 7.17813 9.29294 8.32427 7.23722 9.13879 6.42688 7.85226 6.35454 6.30993 9.4548 7.84628 7.41336 6.99205
threshold=0 0.26365441906653431 1813.5000000000002 0.52223320158102771 0.32071428571428579 0.17950000000000002 19.500000000000004 11.500000000000002 -0.12947502304405356 0.044500000000000005 1.1519811497198809 0.6140000000000001 0.46190130624092895 0.69615384615384623 0.28062500000000007 0.92293259287230711 0.68870673952641182 22.743147041099228 75.90000000000002 113.50000000000001
decision_type=1 2 2 2 2 2 2 2 2 2 2 2 2 2 2 2 2 2 2 2
left_child=1 2 6 -3 -5 15 7 8 -1 -9 12 -12 14 -14 -10 16 -2 19 -18 -17
right_child=5 3 -4 4 -6 -7 -8 9 10 -11 11 -13 13 -15 -16 17 18 -19 -20 -21
leaf_value=0.042473997606634908 -0.0031739983339505065 0.015307323155758909 0.043897162012828207 -0.052533666305138407 -0.0015312109151585146 0.023275382697087867 0.032845808001091943 0.0037503691525387216 0.011923996786829039 -0.038890692738260693 -0.04447733012353567 0.0077153216125824264 0.053877172690912807 0.0048715243355800736 -0.011311242735493558 0.0046250418210566687 -0.028124942119786778 0.035577031505336545 0.011320705470323236 -0.019558737338330377
leaf_weight=22.32136919349432 339.70748514309525 17.748273946344852 19.818647654727101 21.369868831709027 17.389665555208921 31.580727081745863 26.049324385821819 35.193458132445812 110.04860610887408 24.348769906908274 19.596488170325756 22.83428405970335 20.148357722908258 21.005913816392422 55.75247854180634 204.4985329117626 95.056117365136743 21.368001226335764 17.776045501232147 46.053432580083609
leaf_count=118 1808 100 193 124 103 211 162 191 594 135 113 123 115 114 323 1162 540 132 102 252
internal_value=0.000122512 0.00485924 0.00804377 -0.0155306 -0.0296556 -0.00262359 0.00605454 0.00394715 0.00781157 -0.0136844 0.00470837 -0.0163861 0.00903405 0.0288681 0.0041099 -0.00378903 -0.00784561 0.00296149 -0.0219091 0.000179196
internal_weight=1189.67 433.626 377.118 56.5078 38.7595 756.04 357.299 331.25 271.707 59.5422 249.386 42.4308 206.955 41.1543 165.801 724.46 452.54 271.92 112.832 250.552
internal_count=6715 2508 2181 327 227 4207 1988 1826 1500 326 1382 236 1146 229 917 3996 2450 1546 642 1414
cat_boundaries=0 1
cat_threshold=338
is_linear=0
shrinkage=0.0560727


Tree=108
num_leaves=21
num_cat=1
split_feature=44 311 5 210 324 170 324 190 206 158 173 230 220 240 272 323 72 252 305 5
split_gain=5.91576 5.78085 5.93094 9.64695 6.51841 11.0258 12.6304 8.19692 9.12231 8.58677 7.70928 7.30541 9.07518 6.96675 6.83499 9.17759 6.97956 7.63658 6.94072 10.3017
threshold=698.50000000000011 0.92250000000000021 1756.5000000000002 1.7312968892778977 0.76250000000000007 1.6920633335295143 0.82600000000000007 0.32916666666666672 0.81679913234081902 0.17105781628911107 0.96613525832103009 113.50000000000001 9.8323883915783039 0.35653753026634388 2.0696875707295854 0.47750000000000004 0 33.500000000000007 0.64850000000000019 1531.5000000000002
decision_type=2 2 2 2 2 2 2 2 2 2 2 2 2 2 2 2 9 2 2 2
left_child=1 2 4 -4 7 -6 -7 14 9 10 -9 12 -8 -11 16 -16 17 -1 19 -18
right_child=-2 -3 3 -5 5 6 11 8 -10 13 -12 -13 -14 -15 15 -17 18 -19 -20 -21
leaf_value=0.0045234803952483183 0.024965848650036253 0.01922952779055245 -0.021549347351673569 0.0063571296810035795 -0.01595292032307518 -0.024345650627428692 0.025704895314184562 -0.017851010935878018 0.0038099691721923314 -0.0055473621928890807 0.028852641549705235 0.03307914614349667 -0.018790566202254694 -0.04525024533841817 0.0039984401208571652 0.050620132408215557 0.019344648673844073 -0.043118504699523837 0.028180298994778794 -0.01708875736998982
leaf_weight=27.144478714093566 30.198061725124717 46.367492575198412 101.19312926754355 63.305854052305222 163.29141403920949 33.013517396524549 27.7190335188061 25.035086508840322 297.79387069121003 22.841028859838843 19.98019384033978 43.104354312643409 30.018212836235762 35.522982412949204 24.304047830402851 29.277500711381435 57.425885869190097 17.327522449195385 58.553864957764745 42.427371811121702
leaf_count=155 179 259 535 377 872 188 173 131 1716 137 115 250 168 197 139 176 321 101 322 209
internal_value=0.000463353 -0.000171299 -0.000975154 -0.0108088 0.000718927 -0.00617337 0.00575562 0.0038334 -0.00117153 -0.0155227 0.00287509 0.0156119 0.00256848 -0.0297153 0.0116631 0.0294763 0.00695764 -0.0114592 0.0120893 0.00386257
internal_weight=1195.84 1165.65 1119.28 164.499 954.78 297.147 133.855 657.634 401.173 103.379 45.0153 100.842 57.7372 58.364 256.461 53.5815 202.879 44.472 158.407 99.8533
internal_count=6720 6541 6282 912 5370 1651 779 3719 2296 580 246 591 341 334 1423 315 1108 256 852 530
cat_boundaries=0 1
cat_threshold=1130
is_linear=0
shrinkage=0.0560727


end of trees

feature_importances:
awayPregameElo=181
homePregameElo=174
talent_differential=59
away_talent=39
home_talent=37
awayConference=29
homeConference=28
away_percentReceivingPPA=28
home_receivingUsage=26
away_conference=25
away_totalPPA=24
home_totalPPA=23
away_totalReceivingPPA=23
away_receivingUsage=23
away_rushingUsage=20
away_offense_passingDowns_rate=19
home_rushingUsage=18
away_usage=18
away_percentRushingPPA=17
home_rushingTDs=16
away_defense_rushingPlays_rate=16
home_offense_passingDowns_rate=15
home_totalPassingPPA=15
home_totalRushingPPA=15
home_offense_standardDowns_rate=14
home_totalReceivingPPA=14
away_puntReturnYardsOpponent=13
home_defense_rushingPlays_explosiveness=12
home_defense_standardDowns_ppa=12
away_offense_lineYards=12
home_percentRushingPPA=12
away_percentPassingPPA=12
home_offense_standardDowns_successRate=11
away_offense_standardDowns_ppa=11
away_defense_passingDowns_explosiveness=11
away_defense_stuffRate=11
home_percentPassingPPA=11
away_totalPassingPPA=11
away_totalRushingPPA=11
away_percentPPA=11
neutralSite=10
home_defense_havoc_total=10
away_offense_havoc_frontSeven=10
away_offense_passingPlays_ppa=10
away_defense_fieldPosition_averageStart=10
home_percentPPA=10
home_offense_fieldPosition_averagePredictedPoints=9
home_offense_havoc_db=9
home_offense_lineYardsTotal=9
home_offense_plays=9
home_defense_lineYards=9
home_defense_passingPlays_successRate=9
away_defense_passingDowns_totalPPA=9
away_defense_standardDowns_successRate=9
home_usage=9
home_passingUsage=9
home_kickReturnYards=8
home_rushingTDsOpponent=8
home_sacksOpponent=8
away_interceptionYards=8
away_rushingTDsOpponent=8
away_rushingYardsOpponent=8
home_offense_havoc_frontSeven=8
home_defense_havoc_frontSeven=8
home_defense_totalPPA=8
away_offense_passingDowns_explosiveness=8
away_defense_openFieldYards=8
away_defense_rushingPlays_totalPPA=8
away_defense_secondLevelYards=8
away_defense_totalOpportunies=8
home_percentReceivingPPA=8
home_interceptionYards=7
home_kickReturnYardsOpponent=7
home_tacklesForLoss=7
away_interceptionYardsOpponent=7
away_possessionTime=7
home_offense_rushingPlays_explosiveness=7
home_offense_standardDowns_ppa=7
home_defense_havoc_db=7
home_defense_passingPlays_explosiveness=7
home_defense_standardDowns_explosiveness=7
home_defense_stuffRate=7
home_defense_successRate=7
away_offense_fieldPosition_averagePredictedPoints=7
away_offense_fieldPosition_averageStart=7
away_offense_openFieldYards=7
away_offense_rushingPlays_totalPPA=7
away_offense_standardDowns_explosiveness=7
away_offense_totalPPA=7
away_defense_havoc_db=7
away_defense_rushingPlays_successRate=7
home_puntReturnYards=6
home_puntReturnsOpponent=6
home_tacklesForLossOpponent=6
away_puntReturnYards=6
away_rushingYards=6
home_offense_explosiveness=6
home_offense_fieldPosition_averageStart=6
home_offense_passingDowns_explosiveness=6
home_offense_passingDowns_ppa=6
home_offense_passingPlays_explosiveness=6
home_offense_passingPlays_rate=6
home_offense_passingPlays_totalPPA=6
home_offense_rushingPlays_successRate=6
home_defense_passingDowns_rate=6
home_defense_passingDowns_successRate=6
home_defense_passingPlays_rate=6
home_defense_plays=6
home_defense_powerSuccess=6
home_defense_rushingPlays_rate=6
home_defense_rushingPlays_totalPPA=6
away_offense_havoc_total=6
away_offense_passingPlays_totalPPA=6
away_offense_pointsPerOpportunity=6
away_offense_rushingPlays_rate=6
away_offense_secondLevelYardsTotal=6
away_offense_standardDowns_successRate=6
away_defense_lineYards=6
away_defense_passingDowns_ppa=6
away_defense_plays=6
away_defense_standardDowns_ppa=6
away_defense_totalPPA=6
home_firstDownsOpponent=5
home_netPassingYards=5
home_passingTDs=5
home_penaltyYards=5
home_puntReturnYardsOpponent=5
home_rushingYardsOpponent=5
away_firstDowns=5
away_passingTDsOpponent=5
away_rushingAttempts=5
home_offense_havoc_total=5
home_offense_lineYards=5
home_offense_passingDowns_successRate=5
home_offense_ppa=5
home_offense_standardDowns_explosiveness=5
home_offense_stuffRate=5
home_offense_successRate=5
home_defense_fieldPosition_averagePredictedPoints=5
home_defense_openFieldYards=5
home_defense_passingDowns_ppa=5
home_defense_passingDowns_totalPPA=5
home_defense_totalOpportunies=5
away_offense_passingDowns_ppa=5
away_offense_passingPlays_explosiveness=5
away_offense_stuffRate=5
away_defense_fieldPosition_averagePredictedPoints=5
away_defense_havoc_frontSeven=5
away_defense_lineYardsTotal=5
away_defense_passingDowns_rate=5
away_defense_ppa=5
away_defense_secondLevelYardsTotal=5
away_passingUsage=5
home_conference=4
home_netPassingYardsOpponent=4
home_passingTDsOpponent=4
home_penaltyYardsOpponent=4
home_thirdDowns=4
home_turnovers=4
home_offense_passingPlays_successRate=4
home_offense_rushingPlays_ppa=4
home_offense_rushingPlays_rate=4
home_offense_secondLevelYardsTotal=4
home_offense_totalPPA=4
home_defense_explosiveness=4
home_defense_passingDowns_explosiveness=4
home_defense_rushingPlays_successRate=4
home_defense_secondLevelYardsTotal=4
home_defense_standardDowns_rate=4
away_offense_explosiveness=4
away_offense_passingPlays_successRate=4
away_offense_plays=4
away_offense_ppa=4
away_offense_rushingPlays_explosiveness=4
away_offense_secondLevelYards=4
away_offense_standardDowns_rate=4
away_defense_passingDowns_successRate=4
away_defense_passingPlays_explosiveness=4
away_defense_passingPlays_rate=4
away_defense_pointsPerOpportunity=4
away_defense_standardDowns_rate=4
home_firstDowns=3
home_interceptionYardsOpponent=3
home_kickReturns=3
home_kickReturnsOpponent=3
home_rushingAttemptsOpponent=3
home_rushingYards=3
home_totalYards=3
home_turnoversOpponent=3
home_sacks=3
away_fumblesLostOpponent=3
away_passAttemptsOpponent=3
away_passCompletions=3
away_passingTDs=3
away_penalties=3
away_puntReturns=3
away_rushingTDs=3
away_totalYards=3
away_turnovers=3
away_sacks=3
away_tacklesForLossOpponent=3
home_season=3
home_offense_openFieldYards=3
home_offense_openFieldYardsTotal=3
home_offense_pointsPerOpportunity=3
home_offense_rushingPlays_totalPPA=3
home_offense_secondLevelYards=3
home_defense_drives=3
home_defense_lineYardsTotal=3
home_defense_pointsPerOpportunity=3
home_defense_ppa=3
home_defense_secondLevelYards=3
home_defense_standardDowns_successRate=3
away_offense_havoc_db=3
away_offense_lineYardsTotal=3
away_offense_openFieldYardsTotal=3
away_offense_rushingPlays_successRate=3
away_defense_havoc_total=3
away_defense_passingPlays_ppa=3
away_defense_passingPlays_successRate=3
home_fourthDownsOpponent=2
home_fumblesRecoveredOpponent=2
home_interceptionTDsOpponent=2
home_puntReturns=2
home_totalYardsOpponent=2
away_fourthDownConversionsOpponent=2
away_fourthDowns=2
away_fourthDownsOpponent=2
away_kickReturnYards=2
away_kickReturnYardsOpponent=2
away_kickReturnsOpponent=2
away_passCompletionsOpponent=2
away_passesInterceptedOpponent=2
away_penaltiesOpponent=2
away_penaltyYards=2
away_puntReturnsOpponent=2
away_thirdDownConversionsOpponent=2
away_thirdDownsOpponent=2
home_offense_passingPlays_ppa=2
home_defense_fieldPosition_averageStart=2
home_defense_passingPlays_totalPPA=2
home_defense_rushingPlays_ppa=2
away_offense_passingDowns_successRate=2
away_offense_passingPlays_rate=2
away_offense_powerSuccess=2
away_offense_rushingPlays_ppa=2
away_defense_explosiveness=2
away_defense_powerSuccess=2
away_defense_successRate=2
home_fourthDownConversions=1
home_fourthDownConversionsOpponent=1
home_fourthDowns=1
home_fumblesLostOpponent=1
home_fumblesRecovered=1
home_interceptions=1
home_interceptionsOpponent=1
home_passAttempts=1
home_passCompletionsOpponent=1
home_passesInterceptedOpponent=1
home_penaltiesOpponent=1
home_possessionTime=1
home_possessionTimeOpponent=1
home_thirdDownConversionsOpponent=1
away_firstDownsOpponent=1
away_fumblesRecovered=1
away_interceptionTDsOpponent=1
away_interceptions=1
away_kickReturnTDs=1
away_kickReturns=1
away_netPassingYards=1
away_passesIntercepted=1
away_penaltyYardsOpponent=1
away_possessionTimeOpponent=1
away_thirdDowns=1
away_totalYardsOpponent=1
away_sacksOpponent=1
away_tacklesForLoss=1
year=1
home_offense_drives=1
away_season=1
away_offense_drives=1
away_offense_successRate=1
away_offense_totalOpportunies=1
away_defense_drives=1
away_defense_passingPlays_totalPPA=1
away_defense_rushingPlays_explosiveness=1
away_defense_rushingPlays_ppa=1
away_defense_standardDowns_explosiveness=1

parameters:
[boosting: gbdt]
[objective: binary]
[metric: binary_logloss]
[tree_learner: serial]
[device_type: cpu]
[data_sample_strategy: bagging]
[data: ]
[valid: ]
[num_iterations: 109]
[learning_rate: 0.0560727]
[num_leaves: 21]
[num_threads: 10]
[seed: 42]
[deterministic: 0]
[force_col_wise: 0]
[force_row_wise: 1]
[histogram_pool_size: -1]
[max_depth: 9]
[min_data_in_leaf: 98]
[min_sum_hessian_in_leaf: 0.001]
[bagging_fraction: 0.791399]
[pos_bagging_fraction: 1]
[neg_bagging_fraction: 1]
[bagging_freq: 4]
[bagging_seed: 400]
[bagging_by_query: 0]
[feature_fraction: 0.73965]
[feature_fraction_bynode: 1]
[feature_fraction_seed: 30056]
[extra_trees: 0]
[extra_seed: 12879]
[early_stopping_round: 0]
[early_stopping_min_delta: 0]
[first_metric_only: 0]
[max_delta_step: 0]
[lambda_l1: 0.00287319]
[lambda_l2: 0.000543247]
[linear_lambda: 0]
[min_gain_to_split: 0.14182]
[drop_rate: 0.1]
[max_drop: 50]
[skip_drop: 0.5]
[xgboost_dart_mode: 0]
[uniform_drop: 0]
[drop_seed: 17869]
[top_rate: 0.2]
[other_rate: 0.1]
[min_data_per_group: 100]
[max_cat_threshold: 32]
[cat_l2: 10]
[cat_smooth: 10]
[max_cat_to_onehot: 4]
[top_k: 20]
[monotone_constraints: ]
[monotone_constraints_method: basic]
[monotone_penalty: 0]
[feature_contri: ]
[forcedsplits_filename: ]
[refit_decay_rate: 0.9]
[cegb_tradeoff: 1]
[cegb_penalty_split: 0]
[cegb_penalty_feature_lazy: ]
[cegb_penalty_feature_coupled: ]
[path_smooth: 0]
[interaction_constraints: ]
[verbosity: -1]
[saved_feature_importance_type: 0]
[use_quantized_grad: 0]
[num_grad_quant_bins: 4]
[quant_train_renew_leaf: 0]
[stochastic_rounding: 1]
[linear_tree: 0]
[max_bin: 255]
[max_bin_by_feature: ]
[min_data_in_bin: 3]
[bin_construct_sample_cnt: 200000]
[data_random_seed: 175]
[is_enable_sparse: 1]
[enable_bundle: 1]
[use_missing: 1]
[zero_as_missing: 0]
[feature_pre_filter: 1]
[pre_partition: 0]
[two_round: 0]
[header: 0]
[label_column: ]
[weight_column: ]
[group_column: ]
[ignore_column: ]
[categorical_feature: 2,3,6,72]
[forcedbins_filename: ]
[precise_float_parser: 0]
[parser_config_file: ]
[objective_seed: 16083]
[num_class: 1]
[is_unbalance: 0]
[scale_pos_weight: 1]
[sigmoid: 1]
[boost_from_average: 1]
[reg_sqrt: 0]
[alpha: 0.9]
[fair_c: 1]
[poisson_max_delta_step: 0.7]
[tweedie_variance_power: 1.5]
[lambdarank_truncation_level: 30]
[lambdarank_norm: 1]
[label_gain: ]
[lambdarank_position_bias_regularization: 0]
[eval_at: ]
[multi_error_top_k: 1]
[auc_mu_weights: ]
[num_machines: 1]
[local_listen_port: 12400]
[time_out: 120]
[machine_list_filename: ]
[machines: ]
[gpu_platform_id: -1]
[gpu_device_id: -1]
[gpu_use_dp: 0]
[num_gpu: 1]

end of parameters

pandas_categorical:[["ACC", "American Athletic", "Big 12", "Big Ten", "Conference USA", "FBS Independents", "Mid-American", "Mountain West", "Pac-12", "SEC", "Sun Belt"], ["ACC", "American Athletic", "Big 12", "Big Ten", "Conference USA", "FBS Independents", "Mid-American", "Mountain West", "Pac-12", "SEC", "Sun Belt"], ["ACC", "American Athletic", "Big 12", "Big Ten", "Conference USA", "FBS Independents", "Mid-American", "Mountain West", "Pac-12", "SEC", "Sun Belt"], ["ACC", "American Athletic", "Big 12", "Big Ten", "Conference USA", "FBS Independents", "Mid-American", "Mountain West", "Pac-12", "SEC", "Sun Belt"]]
